distance,hour,weekday,traffic,duration
13.904399793948143,2,6,1,36.933644369581835
16.02118639320569,17,4,3,56.7460378470689
6.9705737363364735,10,2,3,35.098138361277265
9.254919813219066,10,0,5,54.14959928172634
2.7811656091998316,20,4,3,24.308876122228675
1.0089769240876554,8,6,2,15.748027133133633
18.4583872085859,12,0,1,47.79361843451169
3.384525335480147,22,0,3,28.29611248969153
13.86786386842386,10,6,4,53.86486589022759
8.655893994949436,22,0,5,50.63770874715256
4.702545345413352,20,1,5,42.74918209743927
17.024255456034243,13,1,5,69.9136458375673
15.787682406020322,19,0,2,50.17329343676619
19.713349837164614,8,6,3,62.684715553808324
10.699874926326064,7,1,4,46.37876191871608
11.98191752658346,3,0,3,46.423283923846554
5.40725383317257,10,0,1,20.96809575900955
5.151734483737193,20,2,5,44.720508564858946
15.144815669220803,3,3,2,47.60577891651096
4.040027484091493,22,2,2,22.494445045884454
8.47364291995852,20,6,5,47.67312471474725
18.652959848448884,6,4,2,55.655408863297616
3.7767761834733524,7,0,1,15.37543130782571
1.6546164080945573,0,3,1,10.758999119947482
11.308038203514963,5,5,4,52.19428269153517
18.25085166146178,16,1,5,72.80369918346075
19.92799671010968,17,5,4,68.23188112077537
13.135427640689782,23,5,2,42.98527279476405
9.45140361892676,4,0,1,29.062432131089366
15.531467912850697,23,2,4,61.84972559769019
2.917026840804099,19,2,3,23.813859792034933
3.2938905654088053,13,2,3,25.36524301773695
11.393400983562325,12,1,4,51.72667572517779
3.81690032726401,20,2,4,35.301948490409345
12.427761002763447,5,0,3,48.58561532479613
19.688487455852744,0,6,2,57.6911302899974
4.752973516843115,11,0,2,22.162791379751255
5.68458263711469,11,6,5,43.18886591800087
14.511992773319223,3,5,3,53.83865974259974
14.57715060925237,16,5,4,60.1692563512085
14.98206128468445,9,1,3,53.507196010000484
8.92371079349093,20,3,5,47.99516130465223
3.126522860825694,11,4,2,20.560828118625288
19.383816330885157,1,4,2,53.64674971458834
12.93987585257401,22,2,4,52.77804564218373
17.63947935493562,14,2,2,54.24860287657566
9.281086883378723,12,3,3,38.18635866669222
12.483766741561151,12,1,4,51.26638594125699
1.7941026524468349,10,5,3,19.354091710792677
8.565918486857116,11,2,4,45.70365770111084
3.0364323266833577,9,5,3,27.246197738043243
19.523337984913496,9,0,1,50.2559371194978
15.771091340278826,3,5,3,51.52650504691836
16.915049457542228,5,6,4,63.0526558478281
7.88282594700686,2,1,3,33.50766820428095
15.273953497359141,20,4,3,52.39260540419519
11.90995240970507,13,4,4,48.66090093582523
18.826736644284427,12,1,4,65.55996850919367
14.489265302885421,17,5,4,54.631300050395694
8.54436812397531,4,3,4,44.864087689637344
18.615659581558766,11,6,4,68.77500419527166
1.1994481309889085,14,6,5,34.59251692547506
17.982493550492357,9,4,5,72.91464531828831
17.431296620822177,22,1,3,56.32505729777666
6.501214227236848,22,2,3,35.46490171488991
11.988549551621313,23,6,4,48.887247897435415
10.970810576907278,14,0,4,51.24737751455181
9.232068673719734,11,0,1,30.184520705394263
5.399408668188092,12,6,3,29.31674926487912
17.34410925076879,13,1,4,60.898803914459954
8.055976880445693,12,5,1,22.82490677813662
1.1970760601571393,3,0,1,11.24195260408457
14.518676081036682,14,3,4,58.368187226122174
7.596516842369105,14,4,2,30.378598191234875
18.2873352176421,16,2,1,46.67101085559812
14.418368050248457,4,6,5,61.89727261224855
18.334395368550744,16,0,5,69.79130194472758
4.250660725321601,15,2,1,14.50113638032581
17.594496363906728,23,6,2,49.72227184478922
3.9872780297895702,9,2,2,19.72120676072251
17.652083311222988,21,0,3,58.47407503687158
11.423861614228425,20,1,3,44.57399511793053
10.936584703370846,19,1,2,38.399014567816664
1.236939710704361,17,6,3,22.23976598194958
13.122904449437538,3,1,5,59.15517913184364
5.381510609461785,9,5,5,44.0530784175376
11.725776654957654,11,6,3,45.53506191865024
2.4441673070006122,14,6,3,25.847362623015414
9.30870516986979,23,2,2,32.94194904527442
4.992737931669575,1,4,5,42.73413505463819
5.305018261653566,19,3,1,17.88411870581022
18.76872200438876,3,0,2,55.96447298822008
10.652968724547755,12,3,5,51.657011011374294
10.528348842119502,10,0,1,28.620677503582563
5.937885231854713,7,5,1,19.907837241371542
1.9767099066683422,7,5,2,18.97177144702703
16.923171746096763,16,0,5,67.77414189793775
8.853650019915982,13,5,3,35.87666978000044
7.781869259304608,9,5,3,36.83386913923305
18.8792199162177,3,2,1,48.65033226059261
10.393138312870093,1,2,2,37.143521593333695
12.21768198896864,15,3,3,47.66629067404287
1.3385381011078499,17,4,3,21.33952646620206
16.256151886217957,20,0,5,65.88906498853315
19.73468425393072,17,1,3,60.52278390423851
6.308457321245648,21,5,5,42.63955569210725
11.526127622909339,3,3,2,39.506827113884306
17.16493101149751,23,1,4,65.93880616456163
6.900056774938536,3,0,5,45.809777345599635
2.8884799044994973,16,4,4,31.530100341943452
8.216777564229904,1,1,1,23.034333213045667
5.850211335999388,17,5,1,18.71215547032871
2.7869044402283016,5,5,1,10.905570527623812
9.631456583692371,14,5,3,42.38439827469625
9.437866223706996,4,2,4,47.76981324955589
6.761468665057145,13,0,1,24.423312856453194
15.312384598108572,17,1,3,52.4539890845598
16.320704283133026,5,6,5,67.94155252964713
3.929007298202835,5,1,3,26.78990335860656
9.608258598894105,16,3,5,49.71506328522796
9.990246949820898,7,6,3,40.15030395117724
18.15958703558752,7,2,3,62.2383840944452
18.422103619498856,22,3,3,61.02714751469795
8.829543397081025,21,3,1,25.28904064905027
7.075110580325859,12,2,5,47.73080186371056
17.698902761168508,3,4,3,56.2871163235298
5.24228680737301,9,3,1,18.849333875798553
3.1152178214141673,9,6,2,21.769427143037046
15.909105862241386,15,4,4,61.30008642542231
13.13464391929597,9,1,1,38.068338278805044
7.6204543266624185,2,5,1,24.518519932539984
16.268291287293856,2,6,4,61.07767928394803
14.737401736587328,0,0,3,50.254044900057785
6.381764766472402,7,0,2,25.821600322293413
2.1204699947096177,3,2,4,28.18878357148022
13.73217000763406,16,1,1,35.96593965234971
13.512616414219123,7,1,1,35.24159423490213
14.854209512279116,14,3,3,50.9063827326828
9.998959133800637,1,4,3,42.58467007685314
12.566992920652424,19,2,1,32.352394406415286
14.145917715838372,9,3,4,56.12062105897404
8.570166737715246,12,3,3,37.050514929506676
5.42399590662717,10,1,4,36.52360359137216
19.621724116442326,5,3,5,75.57807330710763
13.085527669885543,1,2,4,51.60066632804305
12.910865010911134,16,6,1,35.648687375814376
4.218884940858086,10,6,5,39.76956676406271
3.201216692335984,22,5,3,28.13124138350957
11.052388239057223,2,5,1,30.64124555672891
18.694021544333733,1,0,2,54.43304345472278
17.088935242600947,14,6,4,62.66387677552407
10.645142862749884,9,2,1,31.115949426154224
16.920615018011425,14,1,4,60.76576828325646
4.533278190891413,22,0,3,26.246978052158703
1.137122949327727,8,1,2,15.217067780509616
3.8517657639749125,1,5,2,18.2069727048054
4.403360941809066,9,3,2,22.607281276220924
12.582353734382126,3,2,2,40.508058674237105
15.319145660762773,1,1,4,61.95319153032929
10.590621278603296,8,5,1,31.38940953822454
18.061976707288114,1,3,2,53.98358107801011
18.628092359933085,19,4,5,71.39152723486902
16.10696323116285,8,1,1,40.812508460878135
8.58227522140147,7,4,4,43.63076487146918
12.515256088042005,5,0,1,37.51305665064136
10.579924322998071,3,5,2,39.2817133139693
3.203506407024566,4,3,1,12.388213115787543
8.276482897752258,14,5,2,33.315328444257986
19.400762812018527,20,4,5,73.8221575889454
8.035010019664123,0,2,2,29.654126294394548
12.284244752094189,7,4,5,56.20781055879871
7.537203830556398,14,0,4,39.906508530604384
6.515231397615204,18,3,2,25.236425754121836
1.9164415094343976,5,5,3,22.441592527100116
10.468206308804072,4,6,2,35.214650433904104
13.288773602947177,13,1,4,56.8062165565929
10.700468344779313,9,6,5,52.770391067641306
8.62400547540362,9,0,4,45.33363693600295
19.21259849296301,19,6,4,65.60707721090462
18.30910277235578,18,2,5,72.09980608348808
8.875158095864956,22,1,3,38.7195594295453
3.373382480246695,0,1,3,27.353066462183744
18.84455373045373,22,0,4,66.28733022825965
2.1908921644746413,0,3,5,33.37996844176647
6.391517572361297,10,2,5,43.091686598144086
9.91007953840713,16,4,5,51.40560716405828
11.728816701194294,17,4,4,49.71253014798879
13.893833159865977,7,4,3,47.13076282087554
10.958232389902136,12,1,5,55.253429401176135
17.896433227554038,21,3,1,47.67409341530527
12.65530998718307,21,4,1,33.94167037613667
4.476611775709797,14,4,5,42.43370488164361
1.0602686411897269,6,5,2,14.136228428663964
9.31468033530881,14,6,4,46.05523522465246
16.380237046337463,17,0,5,64.86954596176388
8.343417863273451,4,1,4,43.742689780757544
9.931632549734742,7,0,1,27.89550634222472
19.97249118098287,18,0,5,77.232051546767
18.395336732364246,13,2,2,56.54627070194661
7.754081555777574,20,4,1,22.280993674564343
14.170709953751151,14,5,1,38.196323359062774
7.610517458186713,11,1,1,22.07794421101291
6.518531312091964,17,5,2,27.114543661586758
10.08414265894061,20,4,3,40.309865359107505
8.364420000533977,5,5,4,41.38418952021456
15.970845774721537,18,4,5,68.35228078882677
5.291928126055118,19,4,3,27.186021801812885
6.272500147710263,17,5,1,21.498550457330722
15.627867934064318,4,0,5,65.88001991820241
15.790655923370567,3,3,3,55.00603746237537
6.82275078332402,10,3,1,18.773805840258085
16.760108331836705,1,5,4,62.19031091330657
19.326302681821726,23,0,3,65.26027606784231
4.940238742978584,1,3,4,35.67661460573368
17.97363931294528,3,3,4,64.83177838344797
9.220642554305238,16,4,3,39.44701162081834
11.567154924574938,12,1,2,36.76026021413229
2.0622688175070127,19,4,5,34.956926893479405
19.96868384295689,3,4,1,51.29444112757569
13.412078930165878,17,6,4,52.439054615945935
11.45363608050472,14,6,1,30.211830654987768
8.227601584186733,15,6,2,33.01820244663496
14.797660598445459,13,5,2,46.49160447805314
6.34506807067562,2,4,5,44.920896468788314
1.8950541547597084,23,5,5,37.18687076355227
10.163641524770304,8,1,4,45.87067673932138
8.474998771388389,20,0,1,27.305151102147015
5.438484957392423,21,4,4,38.20839654240301
8.825075504470487,8,1,1,26.197637560860944
6.909150084196792,11,3,2,26.24006791887982
9.906451924512796,1,6,3,38.91636930617658
2.6440046900244574,20,4,5,37.141101016420365
17.922084894643422,12,4,1,46.096260026863064
12.75871487689373,12,5,3,48.77063114439719
7.494322172703817,4,6,4,44.197702033064715
17.005274544348225,6,0,3,55.76259360605674
9.152167765872937,9,5,5,53.639052973713184
5.815201733666257,0,2,2,26.336291998027257
19.38344867708778,8,4,2,54.778029194355064
7.992570570083103,21,4,5,46.98332510205571
16.524092919091913,0,2,5,69.67396566718882
7.668741069664121,7,1,2,27.140321725132416
5.731128238696805,9,6,5,41.4178420658833
10.285300614909781,0,5,2,35.75587353528596
14.737027108644023,16,1,1,42.64480717372236
4.772929707002666,19,1,4,35.25663260233918
11.937797842473406,3,4,4,50.21967728832768
11.455578822610375,11,3,3,43.70181728716698
6.340277422977131,2,1,1,19.78422085452598
14.387523294848654,17,6,3,53.578438012345515
15.487717526924033,3,1,2,49.39311350556543
7.69438806912041,17,0,3,35.359297624459685
4.536433709049446,2,1,5,38.0388325441933
17.799647869943236,7,4,4,66.98331610657458
9.116842947160908,10,6,2,35.904641161529725
8.734892533005057,13,0,3,37.46002191492341
9.042486604439203,11,6,5,51.049699899434316
2.0259987027031796,17,5,1,12.039027236540822
7.486650706891611,0,4,4,38.56969638059451
2.582344034238483,23,5,2,18.02764660321737
17.010817917192906,0,2,4,60.645989586662594
8.695532942218339,22,6,5,47.52450297669685
5.701143810586308,6,0,2,23.791674300522825
2.031411986442945,21,3,5,32.37639676637749
18.765154530568545,22,3,1,47.091457553928
9.296687226846554,8,1,2,33.93379957030537
7.240120508932028,21,0,2,26.74448647752127
15.537418907603515,5,5,5,65.62902834468314
11.909892976632339,3,2,5,58.630983661485914
16.625199669771746,15,3,5,65.70874874514914
11.155876731117075,1,4,4,47.7445452155949
2.537311218510167,12,6,1,10.475946920084802
15.57717872738348,6,5,5,65.8105355403685
8.195620442449766,9,3,4,41.8053120528229
3.5731930157797027,9,3,4,34.92136642511232
4.654128154760156,10,2,5,40.32801222420892
1.7280951717990938,4,6,3,19.106932700629127
15.937668442710992,20,1,1,41.00923044511686
4.8162463805476055,8,6,2,20.286022535059217
11.361078157642336,9,4,3,43.590347999163136
1.6158063552621984,6,3,2,13.556269157561921
13.309236267465081,3,5,2,42.89211052548953
1.1964513896074425,5,1,2,13.52142766720748
8.129123605588305,16,6,5,46.59659263467951
18.02790319159437,14,5,4,67.86622928877273
3.207225436403306,3,2,3,25.3966087545298
10.918051772975783,19,3,5,56.10045404185181
3.2130398855961095,23,5,3,22.852919863344034
2.145738747756971,8,4,2,17.697542162397312
11.21057041199747,7,3,1,32.012783365765436
17.12969062667379,23,2,3,58.998882366037165
14.038921164326908,11,2,1,37.688918019067884
12.984851880122141,17,0,4,54.16526247442744
5.947663993611036,18,4,3,31.241980104412107
19.145327996315853,11,2,2,55.24284419783623
2.4512167595385415,4,0,4,30.709770268166356
4.336250615966786,14,6,4,32.070349445158364
1.7563834810037817,13,5,1,9.57320085069722
16.08939223301302,10,1,5,67.92184880360807
4.449469158009467,19,6,2,22.505173127062083
18.480903571727392,15,1,5,74.25038968239225
9.69419181416728,4,2,3,38.18689006291845
13.705681965986757,4,3,2,40.85664625940886
8.9953965017853,10,2,5,53.07196560682786
19.120882544671886,5,0,1,52.40590162608366
5.947510490468163,14,0,5,41.53974830923888
6.214265338065092,5,5,4,40.90677015345774
18.120514651155304,2,6,1,49.963413505899695
16.995580207856264,12,4,4,63.204616890139036
1.016366057799977,17,6,2,13.07546873022397
9.128800898949564,23,1,3,40.748809966867626
13.502185131260125,14,3,3,46.25917139761507
12.582005054000293,3,4,2,42.357430741007775
1.7829549157788251,19,4,3,23.90401336958656
10.497098307957433,5,6,1,30.379424367358343
12.263729177012344,8,4,3,44.29726619595737
1.7741355110767008,19,3,2,15.373012970816589
12.96615853299218,9,4,1,33.267575974183
2.736231800581922,23,6,2,18.513392534589794
17.674663355628784,3,2,5,70.1720415204471
1.1479274748014356,14,2,1,9.263778759049682
8.67823170275164,9,6,5,48.49813114951393
2.444900056165574,14,1,2,18.299378556559045
15.837233157673683,17,4,4,58.633409877308466
11.97897893826522,8,2,5,57.98853268246025
8.663282753666092,16,5,2,30.710699076446897
8.649537791214644,21,1,5,48.572728722757326
10.955752817677244,8,1,4,47.4422583469937
7.427573574746246,16,4,1,21.89470743457899
7.555264010910758,20,3,2,28.694515408714135
7.352919171214542,4,4,3,33.41672717100621
19.500666122359437,6,1,4,70.02521729253165
9.798071282960525,9,6,1,26.29729877496803
8.937152522066018,9,3,3,36.357738899389375
10.124250902927551,20,2,3,40.18199726138557
19.403705046017045,16,3,3,61.38958653937076
4.080538757485121,23,2,2,23.800095637774966
13.114304567340108,8,0,3,48.12209986881586
12.906447252941767,21,0,4,51.40645552426611
19.929317399058483,13,5,5,78.81214058128381
16.25328147934316,6,0,5,66.96740643320334
9.34397490056377,1,1,2,33.98996400152806
14.330800688124496,2,2,3,50.084454437602844
6.107154529557165,7,2,1,22.77085409731371
8.112543299208335,16,3,5,46.75779698483892
5.779271935741959,13,0,2,23.25674670981631
5.64057586200571,15,6,3,29.26713519572497
6.717947224881424,19,3,1,21.46714343795754
19.795813744438462,0,0,2,57.024201144594684
16.999689481632018,5,3,1,43.60079345186267
8.883558026913008,6,3,2,31.645417824246415
1.8780805493817536,7,5,3,21.781960032577437
9.452402338428389,2,0,4,48.4954652676446
16.059981922864814,4,5,2,50.26771848530964
6.084069202030081,16,1,3,31.054233282240695
19.676177210951785,7,4,1,52.54143316806268
12.965277439698813,9,3,2,44.34553463057702
18.444509834639636,20,6,1,49.231361649160284
3.359642870691907,23,3,5,35.95658701165092
7.366599716378877,2,1,3,36.49222466280428
6.429396924107009,16,5,2,27.01546735165482
19.131606221530642,2,1,2,58.77128442943131
19.759935222504215,18,6,3,64.40288463548957
4.586523624313879,15,3,2,25.125286846808056
9.055079285599097,12,4,2,33.59024337202354
11.20605176789714,2,2,3,45.20226407278752
7.909256799925137,17,6,2,29.047989465786216
6.410005092340246,22,6,5,42.67877838846069
6.28860786546205,12,3,1,19.96170225134622
16.77316574963669,4,5,2,51.188016259745055
8.6244891938346,14,6,1,28.52027405414038
1.3466375282958467,6,1,4,27.6678971323516
7.927826868088825,19,0,5,49.93245992940434
5.203793420313262,17,5,2,25.831491731779582
1.9530874338260586,10,0,5,35.937874561269254
11.436528081970463,0,6,5,55.2168778623641
4.7459574820754575,20,0,5,42.64849203513944
6.9548529803672965,14,4,1,23.55767903069257
14.594504417634145,13,0,3,49.914386772819995
1.7170143535939777,21,6,2,14.135638546264257
17.792978468416713,22,0,5,68.167383377746
8.744263351747529,6,4,1,28.060486156238856
18.241626950957745,4,2,3,61.877379378165784
7.382645976601024,9,5,3,36.48025715610464
17.543418541675845,4,3,1,47.767989316481845
6.473252040168319,12,1,5,42.02330815091751
19.985766670758974,20,6,4,70.89343355288361
16.24303258342526,22,0,1,46.349608622034644
11.382642337600458,23,4,4,47.30745728740309
6.02769459931514,21,2,5,42.28175883804506
13.7354910445514,9,1,5,62.76308957586641
11.827698840788084,18,4,4,50.15777277364442
18.874280612709157,16,0,5,72.287019171646
5.760299716775611,3,5,3,30.615680107600006
19.57778489428518,18,1,1,51.67564023335742
15.299897470912272,12,2,1,40.20121288434666
11.426182420844537,16,5,1,33.12779833355671
14.348394481722806,10,3,4,59.388329311250075
3.200486060031296,0,3,3,23.287243810403098
12.236969118717491,21,3,5,58.64776485920859
12.837883321067483,2,5,5,61.749497930476906
12.417201875774355,6,0,1,34.39885456435165
12.703129152209662,21,5,4,53.2615537581992
14.840097132629486,22,5,4,58.53751324022814
15.554833469672783,6,5,5,67.48882892309031
17.831846293309425,7,5,4,63.824442897096304
18.372634614935173,20,4,3,62.32794239834776
2.144180931192162,14,2,2,16.776814218970838
12.70767625230391,16,0,5,60.23806347183884
7.8391967584369,17,3,5,50.81670510209872
14.170630112195843,16,1,5,62.46529279576953
15.994282738181752,5,4,5,67.77737947667927
6.291592573179235,14,0,4,35.73389628818649
7.245698421920498,3,4,4,40.368059266215624
19.028160232397816,10,1,3,63.21166188658053
17.166071875133476,23,4,3,56.84037328080375
14.73873297248244,22,0,3,50.37483300088756
6.660385052889696,15,2,1,22.54341277004124
11.395605590978947,23,0,1,29.463106894469092
13.739647818419035,2,2,4,56.07191639300116
2.234223261113081,11,0,5,34.785616999873476
15.055124080055677,12,1,2,45.14541727023834
2.9986051926780672,20,5,5,39.292539343919806
17.481895632165287,3,6,2,52.729993993236135
5.0054184463857245,11,2,1,16.837735336916175
1.4351307244024512,20,1,3,23.908148862060393
3.5650201689499825,17,6,1,11.397463498337004
11.956449069409327,23,2,3,48.15111081423974
6.549900547211103,7,0,5,45.83512187382588
6.997346041908481,23,5,2,29.279921373558338
3.3147147663559435,2,1,4,31.666026440511406
14.232060507122668,13,1,4,54.125956034700124
15.955098041246464,16,3,5,69.49295693699474
4.59122580486202,2,4,2,23.596438457124094
17.078097272453373,20,1,2,49.34169044058417
10.449936042461607,18,2,2,37.6763100620268
15.427805963824282,13,2,2,45.70522478157562
7.555871384001168,1,5,1,25.904969543368686
14.151915694743765,14,5,3,48.72440295431834
8.335587264981534,13,4,4,43.930992615818596
6.9489833162336785,10,2,4,40.61926627906832
4.184979201015495,10,1,4,35.88265833199528
1.1763518958163124,10,1,4,29.399940514260532
6.38340345743085,13,6,4,37.36845377068005
18.460319755013728,19,4,2,52.144135256455826
17.157702690511623,1,2,3,56.54920819004618
14.075344096152701,18,0,3,52.03576588794471
3.3649249760602196,12,2,2,20.05185596329218
4.528602158363661,1,0,5,43.02252478703007
9.61615503103559,17,6,5,54.14230801774307
3.909490208906961,8,3,3,24.659796694955723
9.647053125076756,21,1,2,33.88241456196512
9.349947996504653,23,0,3,42.45922206311201
13.17542718093167,19,5,2,42.62311809867858
7.832502053531911,4,1,2,32.23034569724673
8.640127424371975,12,5,4,42.821980094281884
15.85302845719566,0,5,4,58.08967370191374
17.739998820177423,19,4,5,70.57713010315955
7.488449560227634,5,6,5,48.103766081954795
3.742305895919932,14,6,1,16.873441208985927
18.527903700022478,23,4,2,53.99740648200888
10.01134842590293,14,0,5,55.036392912262755
14.909889097785847,19,3,3,51.856912733561586
5.189945443064918,13,0,4,37.32711672914368
8.515464324173049,18,0,5,48.66746197415017
2.4601486896584066,17,2,2,19.310387553926407
8.978806399877957,19,6,5,51.219261901587856
3.9575404071620564,15,2,3,25.682886518935113
16.39001514854776,16,0,1,46.60825118395064
5.652353754158098,12,2,5,44.0152196993581
13.741179587369777,15,5,5,62.58482656316588
19.510378261013837,13,4,1,52.35898221203146
16.03484096180774,1,1,5,68.08792355532916
1.5771531644300842,12,6,1,8.517635298399775
18.466690047360792,3,4,2,55.54757768278644
8.445196260425195,6,5,4,43.33287382451029
1.7260971339140263,6,1,2,15.357043831417727
13.51579126376202,4,1,1,36.90187773157493
1.0052543444537665,0,5,2,12.931732288436512
1.220653874878976,5,5,5,33.26106275642976
7.9712842727211815,12,5,4,44.74956405626198
16.202372712091176,13,0,3,54.26506565268586
17.36725824752257,23,2,2,50.78836479458966
7.066207037750931,14,0,4,41.34357844227174
16.430273638150055,20,0,1,41.438844002210196
10.528497856165021,9,0,5,53.67509622381714
8.559702448255917,23,1,2,31.021184271556727
15.12951852211713,4,1,2,45.83609988914775
2.8977508560085137,10,3,5,35.58722051951276
16.343595692534194,23,2,2,47.65327050756676
15.70214872928658,6,5,2,47.99655048725459
2.6710721976637233,9,1,2,17.56212598626192
14.14651843296572,22,0,2,47.077806307084316
4.753977438158225,2,3,4,36.759359054885095
7.225106324839002,14,3,4,41.731426115258486
3.123215358474494,8,1,5,38.03143331423932
18.948148725815937,0,1,4,65.57475336615913
4.044490940561627,16,1,5,36.882229676666
9.61660471269346,8,1,4,47.32344503238724
6.176969271091605,16,1,4,40.44070104046783
3.921219578790953,22,6,4,32.81491616206474
17.718792661758243,7,5,4,64.01388309525386
18.153008867236636,23,3,1,48.29807071298839
14.131088185005588,7,6,5,64.82140013939721
5.052603947391737,21,6,4,35.06631797777368
6.944648333312157,4,6,3,32.84382238375366
8.13922959890051,19,3,1,22.052680841634785
6.110742033022515,21,4,3,31.42251122043433
13.813010998142683,22,6,2,43.837055882612106
19.49994629665873,10,2,3,65.20007992818475
14.669734513185269,21,5,5,63.57628406697138
17.694666533926863,1,3,1,44.953006314061184
3.387192128716833,16,3,1,15.979219163842735
1.4909673092447426,20,3,1,8.689872110322526
10.329143509895319,4,6,3,42.94610150360483
9.11538564746984,23,2,1,26.742707618569693
11.809565472988528,0,3,1,34.042870178365966
6.850180132002093,16,1,4,38.045269394401544
15.979104057460043,11,1,2,47.209418773697266
9.778075067067997,22,0,4,45.827958541555454
4.513514460030034,13,5,5,38.43029864303608
1.5933363792566781,14,4,4,28.70726892324193
10.51859462310774,7,0,1,29.721342158686383
12.396580448190477,21,6,2,38.92896624637922
13.837422752126297,12,4,1,38.01570662211409
9.661381640077433,10,0,3,41.24005914207774
8.737689270927834,3,5,1,23.195645586576298
16.25539387076073,16,3,1,45.07089768499022
9.699949286568579,7,2,5,50.67503644538426
3.6183629689462826,5,6,3,27.471073475464067
4.7620048686082,3,0,2,25.47542518536778
14.269257477533937,4,5,2,43.47055852643748
18.33235524092988,10,3,5,73.85140157400203
13.791770264245415,6,4,1,36.9585096179526
8.389071961989622,12,2,1,27.17958515836494
3.737701870907251,15,1,3,27.541929901626013
18.367680877463986,14,4,4,66.58152686619974
2.4717087585707493,15,6,1,12.743874853056415
17.56300223538671,0,3,2,53.15647375194473
18.539215140628677,2,1,4,65.28819181497298
18.731590258261296,13,1,4,69.4195111061823
4.060741375030961,22,0,3,27.69838084677148
2.9808242738721615,23,0,3,23.58826810678973
19.965140999638965,0,6,2,59.00693389061506
17.481524192829678,14,2,3,60.46111034854082
15.45343501088533,8,0,1,42.67170217446844
17.436958912455836,15,6,5,70.77297412416075
14.1902240164256,21,5,1,39.43074508322654
1.501528057410832,10,3,4,29.98029986735216
11.29545116368646,11,2,3,44.8106395452856
2.8994810814448377,6,3,1,14.705883427625043
19.786861607505784,3,4,4,66.7190226321474
13.08161473678155,21,2,3,47.70917860886943
14.037770567350098,16,1,3,47.97606398423456
15.732468327635148,7,5,4,58.27539161932718
13.323253476567073,23,0,1,36.9909225620361
6.88713123825758,17,0,5,43.76664836464928
8.772269827928806,8,0,1,24.48295650064268
15.236479971841,15,5,4,59.43446404115031
15.587833039837975,8,1,5,68.73113926617438
2.13678670515433,14,5,1,13.615254299704118
8.315863756397711,11,6,4,43.379456860728595
19.719136901612718,16,1,2,58.189634038131665
10.30442897294574,0,1,2,38.527110142643835
1.948712804315662,22,5,2,17.860619893094633
15.82152159590175,16,1,3,55.367262877781066
13.731374210894781,19,2,4,58.4377702326617
12.825730045808703,2,2,3,45.960230488856006
18.991690027957965,17,4,5,76.11422200525917
19.49651236045046,1,4,3,61.8580397217039
18.448339222482055,4,2,2,55.971535126005826
9.272217596466989,4,2,1,24.68363932446429
14.017198291653054,12,4,3,48.36922576544795
4.4505858815533,3,3,1,18.5693220604468
19.803647064809876,14,2,1,49.90126353739626
4.771364953707231,17,3,4,36.651724577999516
19.692308099583858,8,2,2,55.23907699885415
6.802933562303824,4,5,5,47.181494484861744
10.92076301196329,4,1,1,33.74021652120672
3.9095283009889217,18,6,3,24.48644212242558
17.85080514577901,0,5,1,46.09379012579958
16.094059657615194,23,4,4,59.74666050335499
14.371295213190994,0,6,4,57.646854328105086
14.272050286360624,23,2,2,46.61598589106357
18.929790859931558,18,1,5,74.1792545868208
14.194566257349802,0,4,1,40.02381654368011
12.134370491434865,3,6,3,43.74197741063431
9.101580362599657,7,2,1,27.77755686093905
3.3019702789957943,4,2,2,19.370172360320915
9.215162168136128,20,1,5,49.130577754215395
15.206361846370577,17,6,2,46.91004475497962
14.10275186683148,10,1,1,39.678750791457205
7.641641716691605,18,0,2,30.667635562473805
6.886231597747285,16,1,4,40.8633770351592
10.655054523877471,16,4,3,42.19269282102874
4.287579286095996,19,2,5,37.448977767642475
18.008496451882298,1,5,2,54.121565463380534
14.13350322636863,6,1,4,54.08334818782824
1.020843550261235,3,3,2,15.3654835066054
5.5118670356271755,15,2,1,21.33270079798055
2.599726657803387,18,6,4,31.730375453724488
16.741603340354384,5,6,3,58.860657391808864
11.942456798701242,13,5,5,58.34353410246926
9.612671417813512,0,1,4,47.94267802009168
16.785860662804048,5,0,5,65.80594948853523
2.3840436494154353,15,1,5,32.842431243976286
15.058342319934845,11,6,1,38.81294060182589
15.08720778284499,13,6,4,61.31192585875293
12.117833239888967,8,2,1,35.85942540159625
19.98550652945232,19,6,5,73.38402663589258
9.966309685755732,21,3,1,28.44426131245324
18.07067327457702,13,6,4,65.63042149860715
13.135198342564228,7,1,1,36.442809263266
18.199272773775572,10,5,4,64.42374568067322
4.498756919414005,13,4,1,15.669603644917274
6.3189007389380905,17,1,4,38.465568177537534
17.23576314999094,15,1,5,71.27270343046776
3.7133300223482566,9,1,3,28.331577961840807
1.3712499569742056,18,4,3,21.398670309067995
8.00582802364049,19,3,4,43.36736161925768
18.81167063102233,9,5,4,67.33616679399385
16.188274545860345,1,3,1,42.381381988946025
4.228662557786133,0,1,4,31.98806567545301
12.209792067545349,13,4,3,47.665918065109
12.495557549301704,6,6,4,50.04699470077516
17.988323282756717,13,5,5,70.00124047441622
6.34714806203416,1,6,5,44.43366012189372
15.250038362557186,18,3,2,48.45017533365388
8.792938429942023,2,1,4,44.09419573866583
10.151055365459394,0,1,1,28.99246046588539
19.30368073000692,0,3,3,60.10290022016536
2.149179221161105,20,3,2,16.064162873818134
16.535147925092318,1,1,5,67.26253783484944
8.622066850681314,11,6,5,48.10340275059725
4.433098044169087,14,6,5,42.26630820989783
13.233824165119747,11,1,5,58.781268842187295
18.74203456494604,18,1,1,49.46202125325382
7.7188106229924935,18,1,2,29.70255596704905
7.022390762553178,6,6,5,47.47247308429803
5.342821181582764,22,5,5,42.10207488420222
12.717352889751455,17,0,3,44.82437850223367
6.01891344720793,15,2,5,42.78542019635185
2.788636955938461,14,5,2,17.896008044361334
18.816697372360505,4,2,5,74.34942128453524
4.802698593392395,15,2,1,17.538621766741063
1.0713920371306422,2,0,2,17.154489649017066
8.199333837800076,15,3,3,37.769955378111284
1.2103442495554373,6,4,3,22.590470189993674
19.27130371530548,23,0,3,61.66002832736561
16.951376409440883,10,3,5,68.8820009699025
3.5458400400659165,6,3,3,25.512205186399303
4.21117310660379,7,1,1,16.517150497046007
4.610469663050671,5,2,2,25.240786539052245
1.5981240329870037,20,3,5,32.74251652346112
14.958588278225818,12,4,5,61.5667063650421
12.786387915632323,10,3,5,59.27254722534877
16.390699465487714,1,5,2,51.02330338945261
14.593914790490818,16,3,1,41.83186015228812
9.20177808823809,16,3,1,29.411257662119965
3.34294330601745,22,6,2,21.816749582076973
8.123616362899202,12,5,3,33.83183275173069
3.2518211459566384,22,4,2,17.496348890013913
18.132133286776597,6,1,1,46.773770955363894
16.818547743493543,23,0,2,51.53673703024423
9.276376562424721,19,1,4,47.56629386608098
12.94658190227962,7,0,3,47.33382320332631
8.79419072662553,5,3,5,48.18901939315133
13.449853693359,1,2,2,41.70609926498965
14.522478176128505,20,2,1,41.68109809956074
8.778347330684916,23,1,3,35.886261170332084
9.55594766997638,16,1,1,26.013477091764862
8.029012035333754,6,2,4,40.25127697891477
11.954152569994328,11,5,5,59.15096367224133
9.930107376428253,19,5,5,50.67494316722157
10.162354922710946,15,2,4,45.1595594154875
14.319717969728542,22,4,2,44.92523827825144
3.2225309892372023,7,3,5,34.86528683877023
15.64840904583926,13,6,2,48.64424076594251
2.012236791327533,14,5,3,25.120719776556726
2.492801645140311,14,6,1,11.809785472151468
8.003525126964977,2,1,4,40.93278877034409
7.308110821196502,21,5,5,48.12276294165064
18.35866618185196,15,6,5,70.53306455755241
12.522861663568548,19,0,4,55.76928448195385
4.453939427022489,6,2,1,19.02810809844434
14.06542786354267,6,2,3,50.91482045306304
1.9495000586445657,20,2,5,31.745939486006854
3.681666828376602,7,3,3,25.861622908472405
3.4390230948740594,15,6,5,36.892702303862315
18.816886211264716,21,4,4,65.20667827907461
5.068674940461008,18,2,4,33.02733568850432
12.065787766408308,2,1,3,44.733436745646515
2.8477782721500082,7,3,1,14.34481343741895
5.3976406017914424,10,3,2,24.944427908000133
7.354445792894551,11,1,5,48.91808470647424
11.229561358429493,9,0,1,32.47989434418485
5.740079140569502,14,3,3,30.82557583563332
8.538975829725604,13,0,2,33.785031310650936
9.35462126397285,0,6,3,38.365140404148015
5.219072020696033,18,1,1,17.196345294079826
18.687100169483514,18,2,4,65.98395302673904
12.763117238814015,7,1,1,36.67803316097861
15.890871587477763,5,0,4,62.97470610221207
15.54240385570902,15,1,2,49.82677057162331
15.530512654600647,15,0,1,42.62835504494966
16.551033306156647,15,1,1,44.98120425716435
19.281868441233716,23,0,2,54.65902803535319
11.345320685155336,0,2,2,40.603776043536236
4.927666945759141,15,2,5,40.452445945708014
3.3386171387854384,11,5,5,35.46422399752727
12.021660206550013,15,0,4,54.498865321413064
16.347614175690033,7,4,2,48.53736981965302
1.82348118959715,10,4,5,35.30259085091226
6.74072579555011,23,3,5,45.31709423040707
19.056972182247645,13,5,1,49.9653980850154
7.759776858904427,0,6,1,26.723080704428636
6.0472433186774595,13,2,3,30.57503113559165
12.5664944880759,2,3,3,46.630270195769484
14.85700571821064,4,0,1,39.0717330140284
12.155612877476228,12,3,5,60.26879317606337
13.086547588917897,19,3,1,35.79656672307666
5.257147179881544,14,0,2,23.13221957781755
6.420978429285702,0,6,5,42.460395475145205
4.619412069881511,10,6,5,43.50138605936066
18.890754591073016,3,4,4,70.01969300150125
19.296982809418576,12,3,3,62.28131519771293
9.414157979103072,3,0,4,48.292261447773825
15.37556357486477,3,3,2,50.062584853142184
10.411929698756557,19,3,2,37.63824581010115
6.861350339980103,10,3,2,25.154327613685552
7.863453955889929,15,6,4,41.24450423496707
17.98726076516134,11,1,4,63.479023300488095
4.888259078069476,8,0,1,14.62225978214915
10.77024678611023,6,3,4,51.50616301092451
2.886357822478417,14,2,1,15.012962510365831
4.19004211365441,21,5,2,23.68641832519224
15.418448125032109,16,3,3,51.10948416895875
15.95820649422028,5,2,1,41.43073828641693
2.5298000772997424,3,1,3,22.217110259215197
7.504300513902271,15,4,2,28.21194978247263
18.610253634089595,8,3,1,50.647141338523745
17.153047489581095,1,6,2,49.77709114330632
9.709773530648652,23,1,5,51.090815821522185
18.236334910700293,21,1,2,51.77456639666312
18.00034179282908,20,5,1,47.43181611896817
18.13689969049689,14,2,5,71.83649118260708
2.963640745808101,8,6,5,35.59363407058803
2.748314835677315,5,5,1,11.945385301748919
10.633567701480914,23,3,3,41.15439029245063
19.371539609256573,1,3,1,52.40473037572359
18.687051768534094,6,4,5,74.89887506876518
6.29035246346368,20,6,2,24.438004873989897
3.4269784025026606,14,2,1,13.04499657547076
4.028347709132197,14,0,2,19.751259409824154
14.076592271693404,9,1,3,51.55403968973833
8.27224456026794,9,4,2,32.989935364518004
17.782192064097067,4,3,5,71.74091216484946
13.193019073341725,10,6,1,33.49142533634296
7.378409885681338,16,2,3,35.155537001912386
7.852777820203489,13,1,4,42.66600579585133
12.326944047910736,12,3,1,32.620128567131175
13.56735121142023,12,0,3,50.51121709595305
2.938984308813945,3,0,2,19.129107977803177
13.730864197477118,7,4,3,50.825188838593036
6.235741288306308,13,1,2,29.171237667787864
4.6049325981268066,6,1,1,14.881671884921088
15.313730085306805,19,1,5,64.7733094348621
15.368676828615131,9,4,3,51.75303527377626
15.389408130871818,6,2,5,64.36336877352319
11.59585144508706,17,5,1,31.155429262475156
13.827978222630088,16,5,3,48.878270395404485
11.617326121817902,14,4,2,37.59082632779595
4.793548366950999,21,3,1,18.41775203815515
9.753545217573594,0,2,3,43.191818335559944
12.684588113921988,12,1,5,60.89066457146603
8.702731316630311,0,5,1,25.232953837739803
2.1860318793653812,1,6,1,13.876921143742367
18.61376725077098,21,0,1,47.26463160491199
8.896932405842843,8,6,4,45.50176712732695
14.752099261911159,8,3,1,42.04572306462989
17.4202007060632,23,4,2,54.44685862218597
9.727136261109399,4,3,1,25.53066385014516
13.581938176481838,19,3,2,41.91659419043631
12.757337620039317,23,2,3,45.796501239654056
2.8380590404322175,4,2,4,30.680648211890507
2.096892042550713,8,5,5,35.98411768926234
19.927921678981072,13,0,4,69.28934580735269
7.586818557805786,22,1,3,34.59715662007053
10.574016889631876,10,1,3,39.38467436004171
3.6263753866303583,6,2,4,35.245114594875716
9.70098736023765,3,6,2,34.5608386610331
12.752639211101098,10,4,3,46.39633294544434
18.220351667645094,13,4,3,58.4143996599733
2.005406984209912,17,1,1,13.508151807997415
17.495548371855982,21,2,2,54.776982695506675
13.529774202791137,10,0,3,48.055203655216076
7.217562718400738,16,0,4,41.50185464332246
13.149126348309569,15,1,1,33.38929692227338
17.942228636960564,15,4,4,62.53238841457046
10.294479127545687,1,3,1,32.18666175258301
10.81130484025691,4,0,1,31.73944949273057
6.719470455568657,19,1,2,24.58341457691486
11.626928162739123,9,0,1,34.16494094535495
3.2002999965029426,20,3,1,15.276207065542318
18.16664361594691,8,4,3,59.74697250676525
14.555003488468042,4,1,5,62.85232890981699
12.835838574741159,8,6,5,57.49516064693953
13.162500583935753,21,5,4,56.6240131612891
13.453530364579839,13,1,5,61.458395322759976
10.349832165801594,3,2,1,28.530984703809935
18.82413170093563,20,4,3,58.53447451590971
8.768989241287905,12,1,3,37.2683145393185
3.0377374557220564,11,2,3,25.007600853112855
5.814002338436932,8,6,5,45.946801292074916
10.865275736676686,5,0,5,56.03468365845282
8.587239541458798,15,6,4,44.6133616585308
2.093649143597856,8,3,1,11.307197778059882
18.811909002574954,16,5,5,70.33280825855425
17.35531158250922,12,2,2,54.098787056965364
9.846671827237424,22,2,3,42.255317020765986
4.927931647712306,20,0,5,38.80565982581896
12.912162125494074,19,5,5,58.95863763738964
14.5491790142008,11,2,1,39.80825592226334
5.467837806053126,10,2,1,16.229424931940006
7.601102216268667,0,2,5,48.02429258934032
18.558216908861286,4,1,5,74.08174880438219
10.911888519013079,3,5,1,32.330555063119576
18.854021162968916,3,0,1,51.950536452469635
15.86660512928842,13,0,2,47.18029958556305
6.001083856478553,20,2,5,42.19613534476492
12.260453366143881,12,0,5,59.060532889388945
6.889823218334852,9,2,2,28.321758282751063
9.007701197291778,17,3,5,47.82773136752025
12.340524329115127,14,1,3,44.809485726868715
18.405721456189205,21,5,5,73.15444997406473
14.32379556003168,9,1,4,55.28004730677181
14.724114532357937,20,5,3,54.81471060072516
1.5197144621996128,13,4,2,16.03471217466815
15.331592074314282,3,0,4,61.53209109644456
5.016479025316414,10,4,2,21.2663597825864
1.20843972413443,6,3,2,12.452168527746649
13.755835571686154,15,6,5,64.57738774526472
18.412039311522214,7,3,3,58.371163209027635
16.00425056019806,18,0,3,57.13826407910546
15.540018855864304,21,5,4,60.856428177963146
15.2898374721309,8,1,2,45.96811671062362
3.5556653375101113,15,3,4,31.591640277386073
3.0321961873208494,6,5,2,20.658283823134237
6.608776795271683,9,5,4,39.387638347169585
12.675550792505437,16,3,1,35.47186969611965
18.992993192603915,18,3,4,68.23610215087103
13.79216850993228,8,6,3,47.65873488541719
9.675970639524271,6,4,3,41.16031161415829
4.592861830161595,15,2,4,37.161887336394
12.083823468014455,16,3,5,56.81363855455871
9.096923525234105,16,4,2,33.584569752934655
15.464484555220018,19,5,4,56.76879356803166
10.271184198478764,22,0,5,55.885241145485146
10.328377624558575,6,4,3,40.364628348677826
18.180121909806463,16,5,4,66.75230092622068
16.287732214166226,19,5,4,61.432789556986904
5.1677063415942195,11,4,3,29.132964667385266
13.71855989114478,0,2,2,40.886913213211734
16.03968742175038,19,2,3,57.04102555204557
1.8582488323728124,7,0,3,23.968364713419586
16.588576709739517,0,5,2,50.10941392477462
3.9362464331107723,20,1,5,37.327295429942474
5.645147841615959,3,0,4,37.597595744568046
2.4729531742388366,17,1,1,10.638112050162684
6.313968539977234,12,0,3,32.69810970982918
4.591290229418826,5,0,3,28.8940858431518
14.66554037971738,8,6,4,55.88043155723647
14.657242761799543,5,6,4,59.66790978840645
17.00983536525715,5,2,5,69.8133407175794
3.0752585171535833,17,4,4,33.46441106217462
11.754225757365703,7,1,1,31.542188545542913
15.165614014524515,13,4,4,58.771152689607675
19.902669151949706,10,4,5,78.46314487094949
9.229238740272828,19,1,1,29.686520574985874
7.090640224244343,12,2,5,49.128348213992176
3.7998370922865536,19,0,2,22.53098616776927
9.091410692711646,17,1,1,26.680293123583304
11.597457001452979,18,2,5,53.80149804377371
2.473234363109306,22,5,2,18.202867503968243
14.619684450444966,21,0,1,40.918180457578515
9.526469069610789,11,0,4,44.59737538418091
8.219592417492738,15,4,3,34.92475154953111
7.1592255568841985,2,5,3,32.704040783812744
17.849531691867725,12,2,5,72.0997088526071
8.07266035436284,23,2,2,28.186947313382458
16.68255631818817,9,5,2,50.73594335459873
11.48752821868534,4,6,4,47.890599786747764
7.48156881025808,15,1,2,30.668235075739542
4.172652888757503,11,2,5,40.72562115824586
11.546042962621105,16,0,4,49.02947257133296
5.2105524122757405,21,3,2,23.933097753235494
18.17061071104682,9,2,2,52.29096068471369
19.692796867820707,4,6,1,50.701069622335865
14.281290328285683,21,5,2,47.670538058424135
6.588908139204723,20,4,1,23.611041233211985
2.6602853537628093,6,3,5,35.006391611882705
12.491050340259095,1,2,2,39.285332402213555
3.604533688407662,11,0,5,36.50397545955504
6.024775412201212,17,3,1,19.97245050042882
9.850671682386725,1,5,2,33.845315360272494
3.257988641140333,6,1,2,17.82412634897796
19.01542552041693,23,4,5,76.04732982802854
17.88067564374805,2,4,3,61.15021349692513
5.721246695564194,10,2,3,33.89245052485462
8.273847571380518,9,1,4,41.16834705067739
6.05194003411773,23,2,3,32.95988942486146
18.182443645847595,8,3,2,56.64910937382659
12.148009094838562,20,6,5,54.982582618931005
18.687236010953647,6,2,3,60.60158012278275
5.516521956869421,10,0,3,27.975988027348105
12.94550018691876,5,3,5,57.705055794906706
7.3818824786340995,14,0,5,44.88743229173796
5.518144545073178,11,1,2,22.94519072463818
9.04486685165857,9,3,2,30.91172706175416
6.071192524874578,2,0,3,29.295575701206182
9.138597626398184,13,3,5,50.811303014079286
9.260664982315124,21,2,4,46.74418973205623
9.094567854742559,15,3,2,33.374208490763614
7.21430830998046,9,2,5,45.39673494212934
15.4557310691833,18,5,2,50.486383514944166
13.134833140873353,22,5,3,48.30029578802125
1.914327248106721,22,3,4,29.378729745228647
13.444149621014333,15,1,4,54.72100486123265
18.84163671246032,23,1,3,60.0437009097343
2.8197655737419027,10,4,2,21.33023818466531
17.08582881337733,17,2,3,54.775847929992395
9.471402706945005,11,3,4,46.96551970906151
8.996626302982833,2,1,5,48.693462745683306
6.18755642398218,12,3,1,23.19542371707775
18.448423013543422,5,4,5,72.21174277214175
17.36456075599627,21,4,1,43.52585926877928
12.63388948263208,17,2,3,49.954356074261526
1.4510603257571086,23,6,3,23.834539129086657
3.978468640294755,16,1,1,12.919044059659734
7.2437080040254465,11,5,1,21.056709034773064
16.759013771010196,10,4,4,63.12556284871965
15.909896888394536,11,2,4,57.727242285595565
2.2176922283351805,21,2,1,9.772208654643354
5.731323751550754,18,4,4,39.34945910811077
9.572600578126595,22,0,5,52.68562764693308
2.0362997609933906,11,4,5,37.40975701294326
13.802041221895577,5,3,5,59.07801342115537
15.537341499801931,21,1,2,48.462047324275694
2.274140589308856,7,2,1,9.776835927468456
1.2644161527378643,11,0,4,27.693651789437755
13.548004951152203,13,3,1,36.471724881019085
9.68387754016486,6,1,2,36.133769113995136
9.570828572725173,8,3,1,29.240698226479473
14.13127493637869,4,6,3,51.45561451739849
19.11335851852586,6,0,4,66.52893500176182
11.751294649242897,21,1,5,57.242477971082245
3.8454064930511733,5,5,4,34.732788117867
16.985234976297622,7,6,4,62.53443153815721
11.358302882599745,3,6,4,49.99463741354966
3.4834428000254043,21,4,4,30.555072543421108
7.894660201399613,7,5,5,46.57954558449579
17.435353580286,13,6,1,46.03120386291036
19.72185579863955,20,1,2,55.80099165016078
8.755101071817855,20,1,1,26.84538158474302
5.448063258619894,3,5,3,33.39228775560483
18.39416644156373,22,5,4,65.83006895444495
19.660863611859558,4,2,1,50.341353793273015
7.936110368075675,4,2,4,42.582045348127096
12.09374721914535,5,3,5,59.885422598404766
2.7794794146161133,22,6,2,16.112406518607393
1.6725352146209764,3,1,5,34.08417846765033
6.261368393343393,12,2,2,28.75114157902075
8.878511104834246,14,2,4,43.83409123465967
19.60136154407614,10,5,3,60.832295029648094
13.6580020436706,0,1,4,56.22692530047176
15.888247866965937,17,1,5,64.88669775474858
18.191643627270526,0,3,3,61.92183644475
7.1258805342798635,10,0,4,41.81887031339247
15.76656046635485,8,4,2,45.81982359272719
15.00586758706218,23,6,2,45.82477408526525
16.75486528784492,11,3,2,48.70608167821252
16.929356763799625,10,3,2,52.085683405920925
11.149823398616174,16,3,4,46.904620311862864
19.45253190753554,4,4,3,61.24852288303016
3.0678866053566893,18,1,3,26.29891039862242
6.893101435592852,0,3,3,31.113015877699375
14.237372771104647,6,0,2,41.91518091732631
12.488127067149806,18,0,2,42.4429579080412
14.70972420133292,14,5,3,53.00407449466314
16.06313627777771,12,0,3,57.61250475222038
19.157934119689827,19,3,4,70.3362383699329
15.334524256758339,12,0,4,59.074148066549924
13.790775854407276,23,6,3,47.921660186291916
13.294035091434512,3,4,1,36.84939839329769
7.116865579867247,8,2,2,25.594557670895682
10.825634069746219,21,1,3,44.30465011462663
5.202460110887334,5,6,3,27.554397052114325
1.8738224148436124,1,2,4,31.16313563888224
15.994144497677498,20,4,4,59.01307786189878
11.061838774060268,2,3,4,51.147550015750774
10.672939837475699,23,1,1,30.574313047622205
7.441255282979741,5,4,2,30.827172192647822
2.3742895142909135,6,6,1,12.922536553305237
8.493895063868898,1,1,3,34.994132701388715
2.8987632221808473,4,2,1,12.630731916675051
7.0179075442521865,9,5,5,44.51850130377504
10.15758578348395,22,4,3,44.19422195336804
16.14108900325696,15,2,4,61.40839295470535
18.484654997646935,22,5,5,72.71368537189421
4.0729395447265055,6,2,4,32.16541872886316
3.380243928939124,7,4,2,21.70524046321086
1.5027626516460182,2,3,4,24.725410508634937
19.316141544938574,14,6,1,52.32390585419351
2.1288753260758124,21,6,1,10.683942327537238
4.377780755522215,0,1,3,26.353003619310357
14.00905950955428,18,2,4,58.50844868363717
5.406742302154122,17,0,5,41.60196931661297
17.3950317874778,20,4,2,50.657253149549405
7.9219403627388,2,3,4,42.374532088534515
3.517576800200122,6,4,5,36.89058780458056
9.262951296913569,20,0,1,28.21314233812673
11.760919939689014,6,3,3,46.89719386731079
18.370457739288877,18,4,2,55.82756699684654
2.8168736556493865,21,2,2,20.71676784506746
19.162524328196447,8,4,1,49.88764426654459
4.616625314663025,5,1,1,16.60543700166958
19.37265396841349,16,5,5,76.59145066684144
9.229555409750446,4,5,3,37.46379761607934
8.71886566236237,11,6,5,47.57698382967044
10.710333112721854,6,6,2,37.96773567717902
10.248083030601757,8,2,5,54.52770915865631
1.8780748761040293,10,2,1,12.498871958789074
18.998115203152814,4,3,5,71.6780917000095
8.199764678919582,17,0,1,22.630613965030165
1.4359705154313955,14,3,4,27.111957427803112
18.773107071681608,0,0,1,50.36723650856598
5.837183548077531,11,3,5,41.520697307517445
11.311957129956316,22,6,3,46.53730329657244
10.961874836897346,3,6,4,48.68557222007217
11.59541471434706,2,0,3,44.949745359383854
8.209558304298035,21,0,1,22.79049271582561
16.804777330308475,8,2,5,68.22352655692198
18.765258057877976,2,4,4,69.74227471518093
11.305578539114624,2,4,3,41.26560413644589
11.73284321815283,23,2,1,33.51805610271601
5.946978706398449,4,4,5,43.370052351179496
5.067656840856716,0,6,5,43.3519894960928
18.24455885474321,1,6,2,52.75510140811392
1.9794570240791272,18,2,2,15.643937509371575
4.199850221110367,5,2,4,34.44145634555532
19.769426131743018,10,1,2,56.19181501313035
12.11459312180112,2,4,5,59.917676036555086
16.431417032996958,16,6,2,52.696948539713716
1.6446030681400572,15,5,5,31.117213292532437
17.936653386927627,15,6,1,48.30782332042015
13.509436812970243,9,0,2,41.313877861049576
4.544596403518183,0,0,5,37.61092357803164
4.786494480054,13,0,3,26.777606363912682
1.8778464305934321,23,6,2,14.09996012259672
4.648647861436019,16,5,5,39.99923341864034
13.273985320222483,18,4,4,55.96284673633003
11.532714930610908,17,6,4,50.97225768416732
8.946313277734632,0,3,3,37.08857395109658
7.238378926445421,6,3,4,43.381437112787964
8.777176750027923,20,3,2,31.659367679850813
1.026703124107922,9,3,1,7.568346429412908
1.1337003797014185,4,6,2,15.466795723205008
4.674467971482756,5,2,2,23.62956778581539
3.435532077769643,18,5,5,35.19096491156122
7.004864868919907,18,2,4,42.05779301134629
15.971083932785335,23,5,3,53.323533178259545
2.5068563953929073,7,6,2,15.590794695597312
8.225883884291246,21,1,1,22.512103002338755
13.357626010788621,2,1,2,42.06887532954296
14.971987754768442,23,0,4,60.0213468784591
17.95150752424733,13,1,2,50.48056599323574
6.196585496730227,15,6,3,30.24077203326821
8.529729471059067,5,5,5,47.613227541924225
17.81126489240235,16,5,3,61.776277642833755
14.99595627594045,23,4,3,50.32735503091382
19.770220797755865,10,0,5,76.60555083032047
16.512574915037774,16,1,4,59.641073380087
16.859931001369908,5,4,5,68.7399539049332
12.56183624326226,17,2,5,59.21421477860636
17.060766279978445,19,3,1,46.64003074331765
9.352028254921096,14,5,5,50.31405168904498
6.3479555729672015,7,4,5,44.36981405637645
13.34897478715924,20,4,5,61.10218669694996
8.06239035720521,14,2,4,41.4079386247042
10.570085922120029,20,6,4,48.028136308288424
2.988819889715713,11,3,4,30.402065652448368
16.03025394371813,12,1,4,60.763677696309195
12.189492773831583,18,4,5,58.655253949709206
15.773227654609123,6,4,2,46.20636132754583
7.2238100431078704,11,6,1,25.134320508280904
9.457134296003321,11,2,3,37.61900261571563
16.382822891386475,13,0,1,45.82029046024184
7.7351779038321435,2,4,4,41.6013844543108
19.00793994474144,13,1,2,53.38983627936379
18.922292349384957,23,3,2,54.930830763787064
11.565175304613927,17,1,2,41.21778271007147
2.837691746381956,17,5,1,9.872868577677005
13.033300982611259,14,5,4,55.824949110982416
18.199350388110442,7,6,1,48.86869454497342
17.439303057614612,11,6,4,66.94511759722756
16.51189876436029,19,2,4,62.86444877505783
12.905983089158072,3,2,3,50.364018267158436
8.27391609006045,15,1,3,37.968584148145375
8.328249248721566,20,5,2,32.573182259080724
19.60116318681929,12,6,3,64.94662505464038
4.784321823641942,15,0,1,14.927216430348025
11.134698556504542,20,5,3,44.412864798081394
19.941941874877333,17,3,3,65.88342059561622
7.913898289718348,3,3,3,35.718906998518634
5.550461212975403,14,3,1,21.694396200669797
8.656518251215225,21,6,5,47.47378387632236
16.39335631075388,17,2,4,62.87015612916238
9.361724771778356,3,3,1,27.804900485993574
1.9712605273067363,0,4,1,7.744523947430087
19.027213231729334,9,5,5,72.03315063344816
8.852681877270502,11,1,1,26.373815817393282
14.124405184889204,4,3,5,60.56802415444252
10.89858047321057,14,5,5,56.48171579458072
15.454636462764606,4,5,3,53.29941003750385
3.0056938151037427,19,5,5,39.40014050225573
11.6084526110734,1,4,4,49.86935913276497
17.1424730786219,14,4,3,58.270768340128825
18.431506845253306,23,6,4,66.34558657481664
18.657907941528507,16,1,2,53.8374796689988
1.6915100026144816,17,4,5,33.61621787110456
12.828076707043763,21,2,2,39.40329823847211
19.93592585225142,17,2,5,77.16420911331242
17.642062354698346,3,3,3,59.82495792633758
3.4405115677264084,16,1,5,35.48584294778357
10.71112208086486,20,2,1,27.81732501536903
13.783462532542497,4,2,1,38.291766905567854
4.6680734669491795,21,5,4,36.77999124415458
4.5015729357650205,0,5,5,42.70103879146263
18.077172105204514,20,4,2,53.169720175720656
12.81934749305902,4,2,1,37.4059290819813
8.475570977820137,14,6,5,51.7656679889836
13.562620005785941,5,2,5,61.115996287702714
7.204794313165917,3,2,2,31.32338881579263
2.652814338478903,13,1,2,16.1942877505794
15.85418387606199,12,4,3,55.55521115444678
16.16978451959654,22,2,2,48.00662908556472
6.396469677214938,12,6,3,30.858164244088968
3.4399470270832753,15,2,5,35.90058367931141
6.575058413983797,6,4,5,47.22585269951273
11.657393652854974,8,2,4,50.88704605799887
15.799867974479827,20,1,1,43.61086495887577
1.8831386788399687,22,5,3,20.3212824901688
4.051283005882153,20,2,3,26.906276213191273
19.592804266785937,20,0,1,50.19269262061559
2.9189458282491807,14,1,3,27.256933949523855
8.30677683238255,1,2,1,24.441567944503397
13.338237777469589,19,1,3,48.44146223948854
14.226534427503987,23,4,3,47.84103216713895
4.314283256431986,15,3,2,20.83045307885312
17.042627140280754,13,5,1,46.685211168779574
4.740466657463691,1,6,5,38.365215157074076
11.513411563462663,13,1,3,44.77421589557785
12.657520326529117,19,4,1,37.773826167356575
7.784363803679744,7,6,5,46.90102553900462
18.411304231977436,5,2,5,69.84214802141902
10.691413834188136,4,1,5,53.609436447850264
13.952267443265248,7,2,3,50.055201729425214
4.941405518167068,2,6,2,22.94553039974817
11.193321602595299,16,5,5,57.97661364284863
9.328701538145426,11,0,5,49.537323475425204
6.27419619223802,3,6,1,23.256216701560156
11.082812076974228,9,0,2,37.17580812368544
5.271237953727562,16,6,3,29.3300663931889
2.9070400267557934,18,0,5,35.1458765743194
1.0291021809344207,23,0,1,5.6131190147473315
15.408568147329676,0,3,1,39.53957746212037
12.197770849244284,11,1,3,43.221162307894076
6.526439510142157,18,3,3,34.43760420517761
4.074958907011919,11,3,5,39.12520236612903
1.3034417064122177,2,4,4,26.06869627209411
1.7108734160658066,2,3,3,19.96857341181568
19.989442321382832,1,4,5,74.99425036161685
15.69752082787611,23,3,2,46.82997350379055
7.37131550079407,5,2,4,39.829476555071984
8.72971589819025,2,6,2,30.27732963237105
12.519497033225054,6,4,4,51.3369943567484
2.493671835067384,11,0,2,20.004359032135426
11.390523237933232,18,4,1,34.42280478853037
19.849049235783678,5,4,1,54.5892546550024
2.9683055446525235,19,4,1,12.008086604248579
1.3291565655608641,23,0,2,17.947184709131477
3.1435988113509596,9,4,4,32.82871058981244
6.393536260579302,15,1,3,29.749520646994895
8.621028426227689,20,6,4,44.93289741635545
9.218963296103762,1,3,3,41.89441580897693
9.06402815934753,13,1,2,32.76514401906048
14.868990791707548,14,1,2,44.83522078873795
18.309165569103122,5,3,1,50.00369969942412
12.41320909444945,0,4,3,45.53464243872847
14.426417499384792,2,0,5,65.54800291810949
16.175892794909018,15,3,2,50.76893985848966
18.13322778286827,5,4,2,51.47540737158971
16.54339087896079,0,5,3,57.256250728203895
11.004330243680617,1,1,4,52.0702425606858
14.676456805454226,12,2,3,53.153452938972805
11.24426855563167,12,5,3,42.121769869885576
8.200632930675912,7,4,5,48.84387399125386
2.712198911068237,6,5,4,31.800533342312715
19.5795784494099,4,0,4,66.92611009778112
10.026768676604657,10,0,3,40.37357765226144
19.468122170310647,6,2,1,50.811243008029734
11.76212061452744,1,0,1,30.63806041217376
8.93099333998951,18,3,3,40.96671336840873
4.41292424752322,22,1,2,19.909296497368523
13.315989648191726,1,5,4,55.36847266465719
17.759377563507094,15,4,4,66.4010480753966
6.974289805213477,8,6,4,37.70189487931213
11.413136789669537,16,0,1,30.86301672285226
6.738781658834123,13,3,5,47.012038017278
4.504139364376934,21,0,5,38.15942433143903
3.188203377702521,12,6,4,28.41180617389312
4.375502450835244,6,2,2,20.316649548780074
2.736342762177008,20,5,3,25.4630702874512
7.280271121284371,5,2,5,45.80798023031266
6.665146123565077,16,2,1,22.414906590729164
14.463907108845078,5,1,5,64.81834091082325
13.858290794942038,11,3,2,41.433585598894176
5.605937163456142,14,6,1,17.96629078241743
11.653599927664693,9,4,1,32.49572404619908
11.684930546580633,10,2,4,49.40001950572133
4.370791397176234,0,2,5,40.748528272942664
4.551639935057377,9,1,5,38.65792339962557
10.252925197692027,16,4,2,34.10169401505925
5.970342898716096,13,4,5,43.000145479985314
6.77923815933762,7,5,5,44.00654690335511
15.337042028316057,3,2,2,44.769697742820206
4.132623333347803,23,0,4,33.99330853609878
1.756341773755307,18,1,1,8.519069555557206
19.363671724201602,21,1,4,71.13213487441583
6.23910555623415,17,1,5,46.72580795377037
7.404554194082554,5,3,3,36.007474722287945
19.349713107597474,7,3,4,71.1125236124699
11.47886369337224,13,5,5,56.22081843056606
7.085630823791955,13,6,4,40.942822770487425
8.11388450128957,3,5,5,49.58151413422876
18.15096610961014,4,1,3,62.23617053235534
10.58804764247973,23,3,3,42.1899467874922
15.372360585028552,21,4,4,56.813682994036355
13.024026524168727,14,5,4,54.5586666440517
11.746455904898337,23,5,2,36.69291065425816
16.581778429525325,21,0,2,52.72417482825983
17.973609075813275,2,4,1,48.52255009493392
2.3228697706228876,21,0,5,35.30527790546886
16.19346108239776,21,0,3,58.0794812955517
2.7745699764216916,13,5,5,35.00438989667848
7.16830503711884,11,1,1,24.909881652380918
12.337755424856063,0,6,5,55.70028932467388
12.98773750724848,0,4,1,38.22816443758989
13.82839058537767,8,6,4,54.34708510093294
11.103898801517353,20,5,4,51.27480683889301
13.50822448301005,12,1,1,34.24153901446069
2.3615433655389033,4,4,1,9.514264546786965
1.9985467057828847,22,5,1,8.978811423820893
6.171400215262703,0,5,2,24.86808747187288
11.589478569545674,18,2,3,44.79228793565135
19.108454598701105,0,0,2,56.3925750863355
14.414083746934436,23,3,3,48.754191815061844
6.420417053880403,20,2,5,44.468379734316045
17.789365466121275,20,4,4,64.50396754257618
8.774445427329164,13,0,2,32.89359727704407
7.177854506894832,13,4,1,21.0019007024595
4.908140868079701,15,0,3,30.73296645182751
12.24869539355174,3,3,1,31.68717382027508
8.172708358714969,22,1,3,37.70200234207154
5.437721724486956,11,1,1,19.206470591808475
15.952259800979917,13,2,2,47.977579325840296
16.991916824295703,6,0,1,45.201056229489964
15.408952537062119,19,0,5,66.70447738086783
17.569391776938833,17,6,4,65.70592875223173
14.523482072990163,20,3,2,44.109795803043326
5.4173760715762,11,6,4,35.51216218534278
19.053609718329103,7,6,2,56.00335429169602
17.039505178165104,20,5,5,67.44029992194086
7.01780394937812,16,3,4,38.12115489519466
7.17120917694556,19,5,1,22.69022987188475
17.31131986682693,23,1,4,66.33310914718125
5.156778828165104,13,4,3,29.326692794626076
6.60183177027119,10,5,1,19.778307201736617
3.914517719626712,13,1,2,19.373164524755406
6.935846078701702,9,0,3,34.82578605735764
3.032117470737151,23,0,3,23.366469858725786
6.424072834043409,3,1,5,45.372595355770784
10.196266327734833,17,1,4,46.861084811049
11.98322896993534,3,6,3,46.33203290362747
19.854903334273335,3,1,1,54.38304925891247
2.061474567773144,12,1,5,36.90230273504557
1.6111933462936046,8,5,4,26.838659105893807
14.107787211707919,12,4,5,63.09258468233982
3.411081454582859,2,5,5,35.544052396150924
18.06795289499775,18,2,2,51.43974646873248
6.659447755823485,1,3,4,40.44700625930327
15.032978226210657,6,0,5,62.5724847504571
2.2481475505948643,10,4,2,17.3167721675319
3.648878925661147,6,2,5,35.640894113302934
10.128902387542588,17,5,2,37.92094836748472
14.913608079591492,3,2,1,42.33995172149733
8.408537678470385,0,4,1,23.70160022825484
12.604787024656494,3,6,4,51.1364933067446
7.683374685337794,16,5,2,29.704806139797014
17.193823115721838,16,3,5,68.46212959233718
1.98406475143017,1,1,2,17.225487245857973
13.303007666535965,5,1,4,56.57899188889259
4.6188695836335,9,2,4,32.25834352025977
17.289618131785286,17,4,4,62.01747546977266
18.225329562003896,4,1,1,46.223581159406706
15.566669789460367,20,6,4,58.932544641971226
1.5240643015834143,4,4,2,17.08762508851249
7.285736975819589,18,3,4,43.608264284917155
14.248734524516452,16,6,5,65.46230884586976
2.427135349692166,8,5,4,28.75588190730847
3.3666730343034446,15,0,3,25.60801331578347
6.152426892613312,12,4,2,27.290566375160076
3.701953880543803,7,4,2,22.160720542880107
4.34008882642146,2,5,2,20.23982952350413
4.941148920042187,17,5,3,32.14575759828387
8.27349224183453,20,4,3,34.52788769491643
3.350003699641734,19,1,1,12.29350998417013
8.76907838689561,4,1,5,51.350903590818575
18.023126980549414,16,5,5,72.3316214983546
13.70815757396914,14,4,2,43.09717841860087
16.876451517447492,5,2,4,64.70949806797415
3.0651699061097903,18,3,4,30.124607115150134
10.718585069255031,20,3,1,28.052669809511535
18.62908799029704,11,5,2,52.57886616181813
4.294624654092587,21,2,1,15.424662236883753
3.7200938307669538,10,5,3,26.927760281395628
11.889413221267858,6,0,3,44.60898218530609
12.179428659631837,6,5,4,50.19624486783223
12.507868475020038,7,3,3,43.89410565108892
4.982496998588724,16,4,2,24.150343335706932
6.199100312879695,20,2,3,34.4491289980086
9.344175184364218,11,3,3,42.388629080675436
10.387637279415092,1,4,5,54.864552009271186
4.290550531578878,15,2,1,17.173464464037117
9.322108619951761,4,6,1,28.468762312362678
13.076147345148177,0,3,1,34.539155155740225
10.278836414983806,0,0,3,40.73905367840348
6.6097403207631515,6,0,3,33.8852614884796
6.282353448132897,9,0,1,19.54861969514479
13.191403863974594,17,6,5,62.47424873641635
6.522305557048915,6,2,5,47.413323720865556
15.426530567842953,10,1,3,51.33003335612906
12.462779131767041,23,1,4,49.92619021170654
7.528199443586277,11,5,1,21.23200021342155
9.788263644449444,2,3,1,28.946103021621568
19.945268726623457,13,4,4,66.97323010238892
9.767566641576463,2,6,3,41.00626694758845
12.927284504629684,14,1,2,43.21701327310344
1.847968377095384,7,4,1,13.220795100546841
4.442552621162729,4,1,3,27.05005170615485
14.490008530284621,5,0,3,53.23581822305547
15.489765377370578,11,5,3,51.260482044720455
3.655325359556811,22,2,5,40.82915655721915
11.10487173544192,23,6,3,44.39649213960189
9.267373676337781,2,5,4,45.38873284085136
17.910127726936466,0,4,2,55.69939913287427
14.382825173843703,2,3,2,44.18529808027851
11.37255640364579,6,3,2,36.44173786757025
12.82199183945828,1,6,3,47.055473831414496
15.446741117950564,20,2,3,51.957233525113274
12.495813318625665,7,3,3,49.72110472402001
18.614845109446616,2,5,5,71.89761411504277
16.27620975573108,4,6,4,59.71829684427195
19.494246405244525,10,4,4,69.89550423365732
2.378872767600918,18,2,1,13.744912197054433
16.61090800440913,17,4,4,64.6800188033995
19.426037244456076,7,5,5,72.08841740154377
18.087545636494863,3,5,3,59.51442857242465
10.360241858856782,22,6,1,28.39126396544762
4.640395596422302,8,2,3,31.291085202462842
2.771128748024216,18,1,3,26.822764230526687
11.134534930335954,2,2,3,41.23172438232594
16.268862598006457,8,3,4,62.4159542267317
15.042860444318283,12,0,5,64.07731964423141
10.13464509772685,11,4,3,40.736897957760796
13.956819180304317,23,1,2,44.452359346775395
4.390883453634873,18,1,3,27.78301913716649
6.0168559564693815,3,6,1,19.471527077010695
8.012280729212518,1,4,2,31.694909058172282
17.355298469595215,5,2,3,60.506474247532914
9.11702458205818,20,4,1,29.22060183824106
18.821060178840906,23,6,5,70.31487433674643
14.462907427196317,17,3,2,44.9098509531858
15.20075487845131,2,3,3,55.65813537503325
17.34722137412429,6,0,3,56.38063639907465
3.2872897866997293,23,1,3,28.096263572040574
6.016588981925814,3,3,5,44.4036092064636
9.352358271025333,13,6,2,31.09339439422934
12.923977243846117,2,4,2,40.9886754298509
5.677228848938961,1,4,1,16.133167955520182
7.014586668490666,7,2,1,23.597714467234216
19.848988023974375,20,2,1,53.43705106681203
15.008461945649218,12,5,1,38.42270875545813
12.776369749889273,7,0,2,42.27114170878805
7.133449412735128,0,4,4,42.91564249702643
2.2718920687155384,19,1,5,35.53599539588293
9.931777099694235,7,3,5,54.61481709143585
19.813564728659237,22,0,4,68.72410259311063
7.747926611822775,16,6,2,30.69038851965771
15.782446894515642,7,2,5,66.82330038162367
5.105526631004807,18,2,5,39.93501022712489
7.600803051515767,10,6,5,45.34397174185785
9.242948209215282,19,0,3,37.930924362869106
19.265688616890635,23,2,2,57.71544774433852
3.815797634375764,11,4,3,27.64817224928158
2.3057758089591873,23,1,5,37.950045373099115
6.000829646246893,3,5,3,29.18093247346764
7.428682627251936,12,4,3,36.00669190752928
16.590636254276113,7,1,1,45.52555322730422
15.144014470422674,18,2,2,45.34849198312367
18.76204524645926,17,1,4,67.76778065877082
9.383909302382223,21,6,4,43.808570753554925
16.910533169024355,14,5,1,42.49376352179964
2.7397480668788776,12,1,5,38.21258481186272
9.616427742386307,19,1,5,54.176661608442835
12.658925832823897,2,1,2,41.77370255763026
11.023171864138973,9,3,2,36.552236957094486
7.768265020359145,7,3,1,23.607496666362515
19.951509846006203,0,5,3,64.97182554972478
5.637425762770311,2,4,4,35.62485953313232
17.35142301345586,4,0,4,65.79881251840757
13.848627185462359,20,2,1,37.01575811748469
6.588644817509094,4,6,5,44.632390794368845
4.17499048991778,1,2,5,39.46338907454353
19.569876890635456,8,6,1,50.52816456823947
8.384017609970831,18,2,5,47.82284278442687
13.46141562514211,21,2,4,53.103071940194376
17.01015259088537,7,2,5,71.13827745477343
10.656813010417077,11,6,4,50.72434956199826
10.830393240041264,12,1,4,50.35225023830844
14.486928130639786,12,3,4,55.39803513770618
8.553290860952542,6,4,5,48.23555704846907
8.220650722686173,17,5,3,34.13415073781133
6.394434656154445,2,4,5,43.94985330530459
11.972377828731965,23,6,2,39.59043273679283
19.05600736988517,21,4,3,63.697005994612574
12.316795626630448,2,6,4,49.63531107644665
13.310511152333461,12,6,4,53.49848631410123
15.9228899129491,19,0,5,68.89142116255286
18.839721755440703,8,6,1,47.627341254130634
4.520079650804493,14,6,2,21.014210905795203
15.608227433631981,18,4,1,43.041371770963785
16.74263744109867,0,1,2,52.90283561564998
18.56756341311686,8,4,2,52.865199848203424
12.436571214679509,20,3,1,35.57270681986671
14.962607738461427,6,5,2,43.94583359252778
1.6188328266904746,22,5,3,20.91372261621421
12.311326629731944,15,4,5,55.484762854616584
10.411796138742497,19,1,3,42.76726057811388
18.315712932951282,18,0,1,45.18375974185922
17.791967707590118,22,1,2,54.80179712481218
13.419677951375117,5,0,3,48.28887103232674
6.8011106347212,8,1,1,21.80073332909865
11.889084411563221,8,1,1,34.47406271137986
6.413205489363831,1,1,3,35.011326841371805
19.281810800425806,8,6,2,55.42926872048194
16.130385241882216,3,2,4,63.520635375763455
1.9591577437704961,17,5,2,15.254361216318685
6.655219643607829,17,6,4,36.933793437614796
12.857811196393547,7,4,3,48.8302635690169
8.061804508837966,2,2,1,25.34962720493613
3.8153617085744624,6,2,5,39.58052512590367
14.399066954340922,8,4,1,41.398675307525934
5.3768472021217635,1,4,5,42.95201637512588
6.105071772860994,7,1,3,31.568024115954845
12.773794878134128,21,3,2,41.205571008533894
15.559901277965931,0,3,1,40.093361992738146
1.7457746702120298,22,0,4,26.7167726042968
10.298221412532897,0,3,1,30.063858587341375
7.5801870144698915,2,2,3,37.117323868621625
15.401308990788598,3,6,4,58.28993002759242
13.661225296583952,6,0,3,50.95042808321535
11.051681546313294,10,2,3,44.42026914666313
14.297163928873012,12,5,3,51.269332210133484
16.212084612234793,8,2,3,54.647752813626624
11.745285489180619,16,6,3,44.390509113791786
9.080943151684528,8,0,5,51.755574851475316
4.793427406852549,11,3,3,30.619961167833434
13.261900178304105,11,5,3,46.6022895237791
2.443556663240752,12,0,1,11.474007362962237
14.948368198151769,21,4,5,67.35261304307474
19.050517138367752,8,2,4,66.99647448473796
15.20836055660051,22,0,3,54.58468719749401
2.4723142558795232,17,0,1,12.664369566100268
16.968423672484327,18,0,5,66.20414160658511
16.95429470931714,14,5,4,61.94061899522355
9.384929417641231,22,1,5,52.91730431672888
10.730819386092994,18,1,2,35.47328676157436
2.9135659016979565,0,5,4,32.119541354284614
14.749564337529979,7,0,2,47.301528192671185
14.320270322555082,4,5,5,63.353469601267335
5.560038129844746,22,5,2,25.33877299208075
16.80090020191531,1,3,5,69.66343942876401
7.194250821362807,23,4,4,43.14860826551134
11.027535839860024,3,1,3,40.518976784811855
16.87800351303211,13,6,2,51.777073261208834
16.939732734227817,23,0,5,69.53047480471203
4.377414187693004,8,0,2,23.339320889751555
17.82679233517546,14,0,3,61.31992053367658
8.557343490666529,15,5,5,51.54725192847985
10.879346258826002,11,3,3,42.790633954381256
2.481375619720312,7,1,2,17.321014223163385
15.591624413215438,2,1,2,45.587060297056055
12.619927095380374,21,4,2,42.878763233661765
5.8399560776554935,19,1,4,35.71527489377316
5.222960717507594,12,1,4,38.83743879901073
16.016363047262114,23,4,3,54.71094013331729
7.16908260914292,1,6,3,35.89332111537668
1.7466889466628965,23,5,4,28.70701213654514
2.482481343628841,16,4,4,32.01615782303276
14.639464746396044,13,3,4,56.269512586529395
1.6571913140294972,16,6,1,7.683795463044927
13.207092854309996,8,1,4,55.0845630862766
9.078423813725356,5,5,2,32.03902164972146
9.725694876851941,15,1,1,31.328564648476195
6.864985597024115,10,4,3,35.55140536625756
5.2266608773874745,20,3,4,37.898584953099196
15.755924700094246,5,5,2,45.46754148357101
11.561642601586566,13,0,3,47.23206110487833
5.82340422240585,14,5,1,19.27411556522302
16.5142795217656,20,0,1,43.38090728994487
7.762579544101559,22,1,1,23.490072643013
16.724568826125292,14,2,2,49.48617580895317
2.2745098367886722,19,5,2,16.11383733889803
15.87366465638505,18,6,1,40.701689325636885
6.295541567215206,20,3,4,38.542582177253365
17.423399753790918,10,3,4,61.814296906481445
1.1209104601435669,20,6,4,23.697499369679356
16.07325812110376,15,0,4,63.04983452419143
6.740985978437781,14,4,1,20.982753697878472
10.681511277819556,1,5,1,32.2946172942541
17.37742418561064,8,6,1,43.355815151436765
11.538634216149399,4,4,2,38.20850117543735
15.625416398360082,16,3,2,49.459537663109664
3.3273575670485673,7,2,1,12.244793767546803
16.53418417980911,4,5,3,58.85571905717894
4.196492877882653,9,5,1,16.851905634466256
10.58687629518533,4,1,5,57.26645792539056
13.724131314134786,9,2,1,35.37638278107025
10.709875879535918,17,3,1,28.21379215563012
12.987023146909436,3,4,4,53.971656018170236
14.340261502908522,1,4,4,58.24666635987248
3.644097466218456,11,5,3,27.285804774751018
8.009523574854928,9,2,5,47.04103358950044
4.344905495936118,12,2,4,34.39802731854414
2.0804085457398105,16,6,4,25.865920050951644
2.249053821959369,7,2,4,28.409178130101903
12.920211191848669,14,6,2,41.50789340404593
6.997102797963501,18,3,4,41.4298260048247
12.718051918706388,1,2,1,36.16825627718556
7.56724049200006,14,3,1,25.007808136831326
9.179338730505204,1,5,2,30.95835187548835
19.0507422515202,20,1,2,56.475707248092306
11.682141747214299,9,1,5,56.31778121346626
8.19642621437799,9,4,2,33.214351737167746
3.843130588830759,7,5,3,24.047076020468953
7.959948087297956,0,5,2,30.924957940133996
6.738153010472928,14,4,2,26.112645785703542
16.67283349855358,23,4,3,57.3165379107571
12.394164738826564,18,6,5,58.40492902109076
9.662742954930525,14,5,1,29.73808068621903
10.40098132601215,0,5,2,36.25080434308408
12.22894413393564,14,5,4,51.85223958747095
15.96154531795825,4,1,5,65.17910390644413
6.907615040140934,15,4,3,34.15538888263506
17.812451102889625,11,2,4,62.000147026431115
15.4400881082205,10,1,4,62.097302768307074
5.293581694741689,17,4,5,43.5209283155358
4.215330603757938,23,6,5,39.49258439167338
11.175602301183982,23,0,5,52.9353219408328
4.729743307429894,19,2,3,29.55963014873596
19.55413778466207,5,4,4,71.38342794291509
11.05113676492393,4,0,4,51.02057664414713
7.713540718281566,12,6,2,28.146068851493773
15.94493052752033,14,0,4,58.06907887060245
16.049396449499262,22,5,2,46.33682136646367
16.59201561903841,18,4,3,58.74807790422981
13.278766043817026,21,6,2,41.78505793930079
16.320531195346327,2,6,5,66.73050390455099
15.411324015774124,1,1,4,56.68942908533775
8.75391733474289,16,4,1,24.240067252359708
17.117869525681726,20,3,5,71.4940435953996
3.8043523662061167,17,0,1,16.30915519699375
12.6781230602727,9,6,3,47.465581937227675
14.03367000577615,0,1,3,52.730872054462715
17.269023218601383,20,3,3,59.41378880434887
7.782153600846863,11,3,1,26.385369736396676
8.986037642972587,14,0,4,41.93540888773789
4.175063207148181,13,6,3,28.141061842100196
16.821137122824506,20,6,4,60.17485641608836
6.872558264181249,10,3,2,27.730291562169395
18.620795762657337,8,3,2,52.50430845226751
10.096501980221793,7,4,4,45.95779875705757
16.669768315617233,6,0,1,42.04319262500529
6.632909404348997,1,4,1,19.82131134785071
19.721689450125947,23,6,5,73.82519578603635
11.251735137246609,23,5,3,45.81174738383322
7.234488906023631,20,1,3,36.038087078247685
19.049097741058045,11,4,1,49.38320029397721
15.142908510171907,6,0,3,52.97941285975337
7.35795762105776,7,1,4,39.23147911922945
1.9224865931879946,22,4,2,14.336788840879349
5.57731427772702,5,0,2,24.916901166204443
2.2240446919927863,11,0,4,28.04076336180087
15.724399688672449,5,1,5,66.67728920601603
9.151324066498896,1,4,3,39.022165435838055
6.958056364992042,9,1,4,40.301292386334424
8.919303221964284,23,2,4,43.813512903374594
11.822168218641838,23,3,4,50.881231681980516
18.63600549134075,18,5,2,54.85135888838039
13.556092934216936,11,6,3,50.98953260834088
18.14107545508281,6,5,2,55.424531041965466
7.1662788739001755,5,2,3,32.672125643944575
9.594318220865796,12,3,3,37.77545587011632
8.266282872396006,14,3,5,47.58632454888317
1.4592065318970606,10,2,5,36.04867857018905
1.5256445746955176,22,4,3,19.04483821618696
9.646065587016786,3,1,5,51.956322761494356
15.181133488778785,14,2,2,49.280839695301964
1.7536482695785263,2,6,5,35.58274793121093
14.007649958653648,21,1,4,58.670825434774144
3.7942075619148303,13,0,4,34.232545336400015
11.199049989612291,3,4,2,40.386765244949
18.536871463949506,3,5,3,62.89902210930413
4.2135285853944655,21,2,3,25.223320594564722
18.24454740628243,16,6,2,54.186239929100324
6.136140859154399,23,5,4,40.10358674731701
4.345893011702861,23,1,1,13.33283777040069
1.0397987800228803,3,6,3,21.514835233035132
7.423412718081433,5,1,5,45.60938274167582
3.087334187246947,8,4,5,37.14482366480874
1.4407579639433123,9,2,2,17.718011829318662
2.014775157408547,14,4,5,35.89431158429916
4.244341635720951,8,4,1,18.11175381266775
7.092499336182391,9,2,1,25.007260086338057
13.404846167509183,11,4,5,61.03284743332431
9.942833329053128,23,3,5,54.154480249037206
13.197283607270869,9,4,5,59.41889778861008
2.0047946702692685,12,2,4,29.407837169960526
7.645801071781223,2,4,4,41.38827487207175
15.274421200570231,9,2,3,53.16778172264737
3.8704133990692973,8,5,5,41.1279922416828
14.152520714365517,19,2,4,56.20857479085922
16.35266685430792,9,0,4,61.308633566669236
12.78108202467078,19,4,2,41.93514709936988
2.5721188219493314,3,3,3,24.063642279639243
12.39230922304445,10,4,2,39.26900871472029
15.60636787252007,5,4,5,65.62584861915272
2.726975675443305,12,3,3,21.47713285502618
7.244755814432585,2,0,1,20.364384606935186
14.133801925425768,12,3,1,40.229561251004945
12.677487032312555,4,3,4,52.75659491924135
12.549643724692068,6,6,1,36.11537557220435
1.2920141646451593,19,1,3,19.242476457467305
17.355692371462897,0,5,1,45.90997585505934
17.677259561413752,23,2,2,52.852973857323555
1.832384937971284,20,6,4,31.187968445284234
2.288863519008652,0,6,4,26.799712934041747
13.974209860718364,3,1,1,37.5431220575434
8.935341369609265,5,5,4,46.85238094730054
8.184057884179477,8,1,3,37.837370771465075
17.53444322762394,23,3,1,43.44556568203565
15.667615744025719,6,0,2,45.88223300321298
9.727788351547906,23,3,5,54.18181489006231
6.70507664782609,20,3,1,21.32774883981199
2.798720931857098,15,2,5,37.52199536535181
11.309576331235592,22,4,1,30.08216837486544
17.23486532752169,17,4,5,71.7776574785443
16.956845286256513,16,4,4,65.1355207328292
17.894378100799525,5,6,2,51.32001951572485
6.281584949715003,20,2,3,33.760486061536994
15.8438924984971,17,6,5,67.10078639695976
15.51522502945401,18,3,4,61.791800967852296
8.169749410370446,12,2,2,28.339567084941457
12.357277871844001,8,5,2,41.9337187053559
9.589013643863014,0,5,3,42.592673080865495
5.901448336635716,16,4,5,46.30401974733789
14.51238489215728,18,1,1,38.67580384640047
3.3371627088409457,17,1,1,14.754480939109875
6.5025965036376485,22,2,3,32.08296469540698
16.941013209775377,5,4,4,60.10101285625416
12.263869629788397,1,6,3,48.059953729502396
14.097322762728815,3,0,1,40.065662301949445
2.242070920075092,21,2,1,9.891661328267752
6.089371287726063,2,0,5,44.94136690897787
6.852486601372691,5,4,1,23.49233142754057
5.759558798317171,5,0,5,41.0642972620211
10.920383709706838,10,0,4,46.29389114139826
7.090069146485881,6,4,3,35.001377382404144
19.88937541305988,5,0,5,77.90632482889109
3.0946557383758924,17,4,5,35.39846365403119
5.833147869628387,9,5,4,34.6522165970553
11.000584140321488,2,5,4,48.92693486613972
7.870352838125528,2,4,2,28.651395824605796
7.260521430190932,20,0,5,47.44227381492652
1.4444065530731955,6,6,4,27.166248235749812
1.2484120852915943,14,3,2,17.788734731708537
10.00019495115052,12,1,3,43.593260764501316
14.065303597355946,14,4,2,46.01336882338304
5.527471646759826,1,2,5,44.48542779991316
17.691811477605583,17,5,5,69.47825793847208
3.4732059759734866,22,3,2,20.19944079513862
5.227162109509683,4,1,2,22.014607967866056
4.22334911658602,13,3,3,29.63612375110689
10.999216774450431,0,4,2,36.22814502191567
5.02261905847376,19,4,3,31.80314480034147
8.776239954981918,10,5,4,46.08557936615578
12.188049074132955,10,3,3,43.37196318524299
3.443245355370158,7,2,2,18.62930304955027
8.277584293726331,8,6,1,27.63227938208461
17.39933598814341,16,0,3,58.11955454737709
14.219238158623238,0,2,4,54.07781939676594
13.027431081641023,18,6,2,41.6050577205333
4.838678251481539,22,4,5,38.60184717050777
8.210868086080463,12,3,1,26.600033223616514
10.805575324679586,10,5,3,45.41499367989048
18.51850610871235,11,2,1,46.801114493426404
16.497084979673577,12,6,2,47.66833147249762
6.118393759338384,13,5,3,31.084918554053708
17.07424263738455,4,2,3,56.521396008403975
10.039762208244953,19,5,2,35.705222273679794
8.114881732237105,4,3,4,39.93155486104943
12.280784666904703,7,6,3,48.016342863473554
12.913106889407874,6,0,5,58.23898166040557
17.51153070247358,10,0,5,70.36835982527585
8.251999611377272,1,5,3,38.27416983216693
18.98492200462007,19,0,5,70.95005798280285
16.775615472270673,10,4,4,59.65776655315944
18.33885612118781,14,6,5,71.07118215302815
8.137296721270449,19,6,2,29.45316000490569
7.390511727369905,19,0,4,41.904494444485465
9.159327159493431,5,1,3,41.17732249035167
7.418983253224744,8,6,2,29.057281546254803
6.311585455416099,22,4,5,42.26266688174855
12.989447108714634,10,1,1,38.08517177794447
19.948112485899543,23,3,1,49.203689451000926
11.269851578619393,6,2,2,36.868041630622855
1.2547085286419728,20,6,3,22.58502839678516
11.477346064476361,1,0,5,58.97621039306137
19.107006894265908,13,0,3,64.81743852350101
7.934713572969036,14,4,4,39.45485641392987
7.79540877759636,10,3,5,49.94911855063726
16.95527735766757,21,5,5,70.67574482502131
6.194873125940347,13,2,4,36.387768415950454
11.326621994733781,0,3,5,55.35924986507015
13.716266217225215,1,2,2,45.412463921110465
7.241252844234265,12,4,5,47.404563807661596
19.67031716854891,16,1,2,54.86765355910186
7.419455721018855,12,5,3,35.184742134273904
2.749019209086283,9,4,3,24.543267610785293
18.650909268637605,21,2,5,75.05313597603268
5.6767704940002925,13,3,2,26.834122068022193
17.647238386503712,22,0,1,45.97689314177625
1.4301816590544014,19,1,5,32.208818287304005
11.554653613801266,1,0,4,48.41259517246922
13.601710999891967,6,0,5,61.161410051967216
13.668666446797326,15,2,2,42.95078863664794
16.720425531756895,15,2,3,56.95031330652889
2.452951647910458,2,5,2,16.096904004569296
8.68727918886448,8,2,3,38.143399272332246
1.180841014533653,13,4,5,35.02797080230815
14.442625459417313,22,5,3,51.07098420453728
7.834955329119627,2,1,4,43.57555422442192
17.47435516310105,22,0,4,66.25804853371135
19.39143950715537,4,4,2,56.411086166130154
4.942556760099359,11,1,2,22.033469852169024
12.276451084649045,19,1,1,34.549910914962574
15.09225769503028,20,3,2,44.69044037401436
10.343681185074486,22,0,2,36.64351232367925
17.91733372077265,19,5,1,45.525478962161124
3.2966541032024246,6,1,3,24.470746469985954
10.782964729278754,17,6,5,53.235652031431734
16.67086461120011,17,0,1,45.45800265993751
1.3533936627442822,11,1,3,19.089107560776583
12.764242211912055,3,6,2,40.323943551280195
11.305669544476054,14,0,4,47.358473943945405
4.753268347082075,4,0,3,29.512515529874644
18.660768290917787,21,3,5,70.05529222318367
6.310205343278111,18,4,4,38.25764463358122
13.460358032864864,22,4,3,49.28905456852677
18.044517804955838,12,3,3,60.81335349668215
18.887606772571385,1,6,1,46.511631065765606
6.180537057325169,6,1,3,33.60639598994664
1.9138019645158368,0,5,3,22.625361479820768
5.26439907044137,12,4,5,42.14683991976526
16.479293509676587,16,5,2,52.866398488990185
11.833390904491676,23,3,1,35.3222124971597
13.0280169711525,21,4,5,61.585748802321554
7.809106877307686,2,1,4,40.05152238823455
10.40031606445882,1,3,2,32.980188494530495
1.4546186137588024,3,2,5,30.814230479689904
8.685080096104585,17,4,4,44.253092232596266
11.886644553615453,18,4,2,40.028839650555106
17.975917687905536,1,1,2,51.51509813955384
2.394470060935692,12,0,2,19.990685901807012
13.85388111830724,5,5,3,47.85395739775603
12.44759432013541,6,2,3,48.28989353017218
10.869954351629023,14,5,5,54.3919622165584
15.26806971503956,7,2,4,57.10973326408512
15.337586866286019,8,2,4,59.88004019343551
8.63968326158625,18,1,4,46.44492161871781
6.100621589675598,0,2,2,28.765905816981473
10.475847219431827,4,6,1,29.492033654756433
1.4791866353556422,7,1,3,19.885913825754937
10.24075001092707,14,3,3,38.72711794885427
16.66840531084859,1,6,4,60.619193421588214
2.8251463027978314,12,4,5,36.90020751642613
19.27819222177481,14,4,1,50.028268773508486
6.435335309415619,19,4,3,35.435321519229625
8.957106730081438,13,0,1,28.49702272365482
9.8056813896881,10,1,1,25.762470124753463
12.216324894430823,4,4,5,56.66988093809212
7.6986705164890115,4,1,1,23.933461937336084
4.177875309117336,19,4,4,32.06027967743155
18.965423743206948,14,0,1,47.98327128241331
5.963320130455852,19,2,5,42.279302789446106
12.969684538463206,5,2,2,40.14400983410785
1.2985076988949584,7,5,1,10.687730747780178
4.781750418337941,2,6,1,15.471741497043269
6.8351372978052245,13,2,5,47.58871876780451
7.953439933218771,8,6,3,39.207556905012616
11.325257762486435,20,3,5,58.10562792001298
1.072983302690877,13,4,5,29.633005676245276
14.219968228030123,0,1,5,64.43677407800196
19.714640226248353,17,1,3,62.33093375695973
8.492989448984055,23,4,4,42.842429644597715
5.425858931548104,4,5,2,26.098408861999822
11.841896349192037,22,3,3,47.66155328202842
7.561158289149198,16,2,4,40.378255882645696
10.585291711205166,18,5,3,43.19921723557453
10.121076749433165,18,6,2,36.934477597008765
11.615052466734996,15,3,5,56.72360148447948
15.42284573888515,3,3,5,66.7233241186335
4.582910329500841,6,6,1,17.677155769674528
16.396978533843885,12,2,1,45.24202755770473
2.170084188920769,23,0,1,11.494855861468423
3.428524143235165,7,5,5,35.37329164778754
14.020305573431889,21,6,3,53.0566942876537
2.9244386874155475,17,2,4,30.296521221576295
13.09786176721241,9,2,3,47.29288435274944
7.396164320528923,11,5,1,20.284211086209144
14.296878373675625,23,4,3,48.473451175499555
1.3582643345962184,5,2,5,35.27996495815004
1.193662666441094,13,1,4,26.642242801477714
11.317075622135288,12,2,5,55.09237764405929
5.147419909582233,22,6,3,31.023687695058282
9.602618687272969,12,2,4,48.339461072452856
4.4855112221928115,16,1,1,18.67620342136728
9.948664366742474,12,2,3,42.00498124497706
17.909131509415968,16,1,2,56.026402892559716
16.409412368170933,11,6,5,68.86622666800875
10.290237279966316,21,3,2,37.50738516186583
4.445190167676525,5,0,1,17.127575115906502
11.91708238522261,11,0,5,57.5317963981974
10.619594377574622,7,5,4,50.934051475963685
5.429519994241313,13,5,4,35.676464252330994
2.926840493646089,16,0,3,26.74519256688739
11.546101503637573,5,0,2,36.022087405985566
12.966447489297327,0,1,2,44.71872137752703
14.950886279339725,15,2,4,59.957388427058234
1.5128089800749345,11,4,3,23.188082878634503
3.1549072382734478,7,3,2,20.98050236062578
6.132125745328214,14,2,1,21.853012069626704
15.289495217171362,11,3,1,43.975598011900466
1.1524944713296816,15,2,3,22.66932563969045
2.935490030756727,15,5,3,24.98520044882121
2.818072828670653,19,2,1,14.119199673918962
14.831266750752444,10,0,2,48.54570518570888
16.666797546507446,17,1,3,56.692339441348174
9.97909954438748,7,4,1,26.061056793248362
7.426479642425673,14,2,3,34.42877897983539
16.837804292170066,11,1,3,57.092492440651405
18.988870383766535,23,1,1,51.0654613259966
19.856926281004842,10,5,4,66.89340058023501
4.061308155118308,3,1,1,14.53316733999717
4.887810463337132,8,2,5,43.31994519550277
17.567963052206565,11,2,3,59.60795594834609
8.57097879351884,9,4,1,26.92782041652051
10.45309396212098,23,3,1,32.5734559659814
7.949745842205682,16,3,1,22.025496402108388
15.40512215093514,3,1,3,55.79297319163808
3.380905671640357,8,4,4,34.21624559410861
10.799607403470205,22,4,3,42.91703757497793
14.597182050552965,4,5,5,64.08906634986892
6.1158396069111856,23,3,4,38.38474782858433
10.699378505479828,18,0,3,44.65298051489075
19.56292864425972,8,2,2,59.370190900350394
9.97324944695983,13,5,2,35.88392897205566
16.30464720613611,8,5,4,62.546433809812136
2.5886193760590293,7,1,1,13.331716690302592
9.724573402922285,16,0,4,47.09526479010399
10.997693207322001,18,3,3,44.85310972535997
17.03166013545708,9,0,3,54.56475633489466
11.07848081637983,11,6,2,39.06539756626448
10.295900757490216,18,0,3,41.84250144513573
10.61520038527496,17,3,1,30.22297374296534
13.0610113550513,6,6,4,55.9428446431659
5.556240554954127,18,1,2,22.275841330920002
1.5473714884173935,13,3,4,24.717593777215072
16.602201004282378,18,5,5,67.8038961858776
4.774560777960803,0,6,4,35.72990127577909
11.514612598140253,19,5,3,46.286806255822725
10.183286450945477,20,0,3,42.93543267131736
6.2863638062985485,10,3,3,31.474062153551465
5.286207404244678,23,2,1,15.931009978895501
14.474481243170425,21,4,5,65.61309622005258
9.059236136812707,21,4,5,51.910232490798094
18.452519679009907,4,6,3,58.083067853629224
12.565552791329496,4,4,4,51.73579444003447
8.565270498918967,11,5,3,38.90797561069031
18.756676361072643,17,6,3,62.60380526893071
11.464613775849255,23,0,5,55.540308956387705
10.087675166966605,23,0,3,39.499040939455135
11.558367985395686,22,1,3,47.401099818667646
9.649221431485826,23,1,4,48.328304910111356
13.470075838759364,20,0,3,46.934567682956995
15.16236304823045,8,2,2,46.020224844957866
7.723971255050584,21,4,1,24.508852853522754
16.782962547483173,8,5,1,45.23166266991218
14.53887783121791,19,1,4,56.35940850040485
11.335151178889078,20,6,4,50.55665876318134
12.51653521157038,22,5,4,53.2166286334418
1.7256997088849304,16,3,4,25.86343980399387
16.985267017699748,2,3,1,43.160056119622446
5.180402565777184,10,6,1,17.636264889072347
2.1818404886733482,10,3,5,33.17131503399677
2.3562325837870297,20,0,4,29.72351289120504
13.897510928931114,3,2,1,36.768034202843424
13.544477491089363,22,6,5,61.54860113954051
4.913708148947965,17,2,5,39.34185055753353
4.665188580962907,2,1,2,19.973130724678914
15.93553285644446,22,6,3,53.894495566405084
17.900566500566327,8,6,5,72.73993170174245
17.23561785783079,4,1,2,53.54483705312563
5.172197318069216,7,4,3,30.12837597243141
12.296706732036618,2,5,2,40.0564243173802
7.532334267417236,7,5,3,36.755464142648144
17.186735912303547,13,0,1,48.25675696083106
7.75281156125842,0,1,4,40.66874716589583
17.547936592789547,8,2,4,66.8463824090354
17.79951221726541,15,4,3,58.04060543412235
13.572734766559044,11,0,5,60.0372986086484
3.3941242391063033,1,0,4,31.23040744905213
3.0042712989320544,15,1,4,31.507521528559916
19.49451584356571,3,1,1,51.67656523591976
5.034520317935616,0,3,5,41.67111952823362
10.739336558759444,10,2,2,37.713335506858606
3.324532218076329,1,2,1,14.967978673691402
13.361989168236319,3,0,3,51.52061476609581
7.192776813315095,9,3,4,41.11377014226956
10.9101652959773,12,6,5,53.52551453025882
19.89926747293031,13,6,1,51.68739452539052
9.523491087712154,22,5,4,46.804236847583624
17.82833696949758,10,5,3,61.506989859470465
7.412648356887219,20,4,1,22.228506416299574
16.98651550552099,2,3,3,54.577886472230425
5.145159882125272,12,6,3,32.20588445912489
11.076681860083664,6,1,1,30.267974708227626
5.282891542237125,4,4,2,26.03194913883441
11.3847980715621,1,4,1,29.746792458914058
13.556456422498027,19,5,4,57.36103899295077
2.7691492692924857,4,0,4,27.702400544075967
4.802037847067582,19,5,2,25.30600622199453
12.08455220602326,18,1,4,54.47904407626692
14.516055319617903,2,1,2,47.565994127103174
5.982631839532243,14,5,3,31.30894000279844
19.55438016954986,7,3,2,58.3927200918773
17.382837087474446,2,0,5,72.32876317418813
12.697623373499002,7,2,2,39.41023607387533
3.491802752970579,13,0,2,19.57237056878891
19.91405036503786,21,5,2,55.379516744773056
9.849241060531115,2,4,5,50.95928427448036
17.35981758388346,6,5,3,57.226258225753355
1.857552212919622,20,2,4,27.43404950447128
19.397631849069825,7,6,3,61.57810433852659
16.629057537927274,13,6,3,57.40774344230298
10.045433414235426,23,2,3,42.670520454405654
2.356599421142759,6,0,4,27.464094896260438
6.489401030350109,8,3,2,26.443444566912152
19.543502371642827,18,4,2,56.54676800446138
12.965129513372244,1,6,5,61.48688320055427
5.975714842881638,2,4,3,31.047077743251283
14.139367084715428,20,3,1,40.63309449840862
5.34052110012037,18,4,2,25.834539019549723
19.114652721419063,13,1,2,56.05768401592963
19.94080979576023,14,0,5,76.6303636448651
5.678680957961547,7,4,1,20.625737016659002
6.849345659541142,22,4,1,22.451419315633995
7.638133214378123,14,6,3,38.100578936949596
2.9754278834721,16,0,4,32.56458954241696
19.276801574125116,17,3,3,59.71471022344985
1.4314677284331871,19,0,4,28.385941406387218
8.443945037636752,3,0,4,43.0049274175356
18.21062288115621,10,0,5,69.49670161102428
2.0481758646519763,4,5,2,18.929403318355345
9.204398815158587,4,2,1,25.215766958445528
4.101460033504919,21,2,3,29.20433210972803
13.948716492630744,19,6,1,35.46657147846962
12.54454517104647,16,5,2,43.40578130210772
12.478036117440547,10,3,5,60.84267847528477
9.33423242745978,4,5,3,41.99528689113949
15.590052525658153,23,6,5,65.44895513960307
3.3623598666062673,7,5,3,24.383034249592956
1.8851409116616167,3,4,3,21.100031543889255
14.467735043298738,6,0,1,40.60747065274764
12.026681628424635,15,0,2,38.38474299287033
11.753971997767387,9,3,3,46.72420288019526
14.722810973183872,23,6,5,65.15035937732604
1.2594876208896642,8,2,2,14.56499892368509
19.37198796376107,18,1,4,68.78248901974736
17.256495900016915,10,6,2,51.965420158185324
19.045851586926492,15,1,2,55.61077960388386
10.661959197293282,19,0,5,55.44784364557985
5.222177304656804,17,1,5,44.891070960666625
9.802997328948887,5,3,1,25.83464647542383
18.037710106947802,9,2,1,46.15921571798633
8.410907313306083,17,5,2,28.414243558242216
4.647868776888,18,2,1,17.47690009049369
3.5201426361380985,4,5,2,17.281378669924997
7.673469916869607,18,6,5,48.7867562404828
3.5853416628047396,6,0,5,35.950588454251076
9.08299694782695,13,4,5,48.06370455829472
5.867418712035545,11,5,4,35.94920977950298
13.232109593088225,5,6,2,40.74263565063764
3.6225895342499492,3,0,5,36.64875048316182
3.678409078515839,20,5,5,36.35545550991998
17.975662685393953,18,5,4,67.65297847704868
6.864261561200534,11,0,4,37.665711669382524
18.04675229731316,0,1,2,52.34304330848211
8.368910297628524,23,4,1,23.554308045949668
16.83046704037638,1,5,4,62.79080666531423
2.7733199245242903,16,0,5,34.46045329293315
18.364915248552936,23,3,3,61.054953455222424
9.125730950869785,15,0,4,47.895783574971944
5.183052663498334,2,2,2,26.872037660203446
10.392669368536671,1,3,5,52.54234443627572
14.00728157333587,15,5,3,52.123558745067726
15.727191237649969,13,6,2,46.72840854197608
15.532015337874391,16,0,1,41.71159503113641
13.618505207925754,8,2,5,58.895311944283804
13.917953211839,12,4,1,40.19369480605613
19.31499559505941,3,5,1,51.515140460724595
17.4592791822817,8,3,5,71.82186810315298
2.061133340080385,1,2,4,28.779213078180035
18.00179968823967,4,6,5,69.95411330835474
17.298922031721347,22,2,3,56.814026360441886
7.904818272377473,6,3,2,32.413052533595085
17.93718446753716,5,6,1,49.63864882228298
5.569033127401161,3,5,1,17.951722788580934
16.54396208005842,17,5,4,62.453682287226464
13.926123334483458,17,3,5,61.08064214456101
17.20492145491743,6,5,4,65.2251898999721
6.087494625177967,19,6,3,32.417515384775804
11.930679896530906,7,6,1,35.464035838574965
11.848726612077414,22,4,2,36.60771174179476
8.670256712515219,3,1,1,27.650561516549786
5.2181424384336355,10,2,4,37.52926082248308
9.477399761052231,16,3,1,25.550010099233404
14.323924914688792,12,1,2,47.07802546616246
14.464524712224872,13,5,5,61.56670400605842
7.585145199720743,16,6,4,42.12794981429382
11.595709405960374,15,5,5,55.12518515560354
15.673697422105432,18,1,1,41.808401055869936
4.4709806630807485,1,0,5,41.12138437568165
3.0653318468440607,0,2,3,22.610821411162625
16.20468250344892,3,1,1,46.16289708306102
3.549384308313486,11,5,1,15.536573255807154
5.020843628946143,9,2,5,38.936435262604995
4.094826147649371,4,2,4,30.841760975408096
14.388114447151814,19,5,4,58.84931233007725
4.538409364084009,20,3,3,25.666729760426072
10.073321575887366,3,4,4,46.89802827976866
19.684172027969396,4,6,3,65.95549102558313
7.873875152232041,13,5,1,25.613705658558317
13.912682316617024,3,6,4,53.436409607839344
14.551633474164017,23,6,4,57.79755402530058
8.373038336383601,14,6,3,37.24532736466953
11.550904756373424,18,5,2,38.669068963472654
8.663271021636259,18,5,5,51.469750649578266
11.90122591981637,13,1,2,36.40710764215109
13.578330360930165,14,3,1,35.18379255585782
13.241098564986455,22,6,1,36.1066442162678
6.976596840374478,19,1,4,39.40421740125265
17.157776326486935,21,0,4,63.93913799526061
9.311245014574101,9,6,5,52.39808701478048
5.365866332369189,13,6,1,15.969711769512358
17.597647566810807,16,4,4,66.15094070695153
5.397093633841657,14,1,4,37.35449576426172
3.6826443413448047,23,3,4,33.04153883797783
3.7777206804765693,14,6,2,19.450468353029336
8.989620572212313,7,4,2,34.960514658207494
8.105722826844906,23,6,1,26.222478794874462
2.9479351027989855,19,0,1,14.357533775920787
11.798349705373916,2,3,1,35.976385420582154
18.846486108950387,2,5,2,56.85875046737724
4.085079474391501,5,3,2,23.181451475737145
1.7838485489610751,15,4,1,7.223112345343205
10.956556829720142,4,5,5,54.33907933358205
18.943533369479248,23,0,1,51.61152726373795
3.7763562004857656,6,4,5,40.96420669353568
12.386770300362404,13,4,1,34.03050260481466
16.522068745586523,12,1,3,54.37552966295637
4.0516802626717245,1,3,3,25.65260570797931
9.351057604248444,18,5,4,46.150035583121
18.96342717306972,11,3,4,66.96642833645596
15.979626596614754,7,4,2,48.843216451079265
19.076145413078944,3,2,4,69.6495343010417
14.532391206085462,2,5,4,58.44477342845397
11.543844406644372,3,6,4,49.955947268053976
12.356757243163184,1,6,3,45.16204918957343
10.984008153825425,12,4,2,39.371232980334156
4.5306255264318205,22,3,1,15.919559179531166
14.85484439277118,19,6,1,41.065870848202835
10.84435708876097,2,5,1,30.428214200122845
11.30645225367605,5,2,1,30.893828735575728
1.7242112112152195,19,6,1,7.763663481743814
1.8208792144256307,15,0,4,30.532984483473186
17.677579279353047,18,6,3,59.68993188678064
6.734872359106021,18,5,4,41.86700402911886
13.546609281096622,13,0,4,54.93510668917256
4.927061430774574,16,4,4,33.61834910153085
19.242354239845202,17,0,1,49.55462122765338
12.650985337417222,16,6,4,54.27878031039869
2.324029350322801,20,4,1,13.343610597634434
11.555728168276596,4,0,1,31.998656722460545
16.35007347114105,19,1,1,42.144911012219936
6.363708029573101,14,6,4,35.76773346742839
14.52799485398902,10,5,5,61.42006930855743
8.637786680771331,5,5,4,43.762090653706444
3.711644417776066,0,1,3,27.995922778986408
2.0119149985988964,7,4,3,25.531311831345217
18.38713370650721,1,3,3,62.071902479775325
14.074100850546639,19,1,3,52.670741801277444
19.599847514740297,2,6,1,54.048132464670104
9.151266729510874,20,0,3,38.44609255001846
2.060857383797197,20,6,4,30.371686065090255
6.867435580086025,9,6,3,31.8482549595872
10.70648930876565,17,2,2,33.774948773990644
19.475820356261657,22,5,4,68.07177732666382
9.079346981237839,15,3,1,25.27719742167544
13.110287439587676,10,6,2,42.665274051529195
5.0556619671593355,9,1,4,35.06873297100033
12.59679535751182,10,2,5,56.73475569784942
18.40237516656091,11,2,5,71.41337160193653
14.63205925552792,8,2,2,44.16073383131894
11.992926094117632,11,0,5,59.6231287655742
4.769857711183205,20,5,1,18.52160909005589
9.334059653168982,3,3,3,40.3783997051247
16.200050039698983,7,6,3,53.188237508604736
16.765200622058245,6,2,1,43.12479089648866
16.863071432289722,13,2,3,57.49620368377294
10.47347372316787,12,2,2,34.52436229369384
15.897168221644458,18,4,3,56.81882717435419
10.904225499374409,5,1,2,37.00238740027872
7.760510437852843,22,4,3,33.380174330084365
16.497991458413246,10,3,2,52.26842491039503
10.504830571978333,7,3,1,28.18552028574024
11.877144473443966,18,5,1,31.25361308824363
3.7185480735611014,16,4,1,15.77536532726846
4.047307913980195,3,3,1,16.879152314362983
8.998540318650047,14,4,3,41.01110153008543
11.987613125128163,12,0,3,48.21417271780278
15.36507244409343,19,5,5,63.41299443286905
11.028938589988943,20,5,1,30.285714040251758
2.7725685671211266,16,2,1,15.147972179602029
4.28805760877721,6,5,4,34.083167921199674
1.6065744088994776,8,1,1,7.677642920760313
3.6914971373128416,5,6,3,24.77314048518614
15.38392007650217,18,2,1,41.04051673275819
15.817825108324838,1,5,5,68.30492148159266
18.2530508636751,21,6,2,56.910696875596024
5.4563094274115596,18,5,5,43.41452910691677
19.055525505361526,0,3,2,52.9562898355366
8.791285255285642,13,4,2,34.69904387434788
16.497738007225067,7,5,2,51.64854222183042
14.758330732867956,21,0,2,45.340601582448855
14.21253899098205,21,0,4,56.00516034367732
3.172552666843869,23,0,4,30.84273219471448
11.089752543299257,16,6,2,37.05547793826424
18.918992589363327,12,4,1,52.113950945859045
2.2264386867648973,3,1,5,34.23147898099347
12.916557888262552,6,5,1,36.698370886258985
11.01258283017153,13,3,2,39.94135509796979
19.309383701274534,13,4,3,63.67179808434811
12.706173407187544,13,1,3,49.86672550651103
14.75597913661105,22,2,2,45.01270077590526
16.482964934043764,15,5,4,64.2922235069029
16.6862136007098,1,6,3,54.63629920355055
6.2079874062630065,12,4,2,27.155195669836957
15.911057639815699,21,2,3,53.991989126911164
18.44529310051094,2,3,5,74.90805322450463
6.220115187747672,13,3,3,33.10735485996058
2.8984795615594763,19,4,1,9.784108327953728
2.5051116376815807,13,1,2,17.91167053960279
15.66181583876601,20,3,1,44.27497577032524
16.77229358579617,4,3,1,44.248479549535865
16.41009643176956,11,5,3,53.78903040750258
11.843203545646425,17,6,1,35.306000102448536
15.517953962761673,11,1,5,67.01549580910829
4.1125244266923655,9,4,1,16.40857041615885
1.4425462622099596,21,2,3,21.258832885221054
8.07841858032872,0,2,3,35.70635808489838
14.047931714853103,5,6,1,38.455843103413756
7.998065887211785,22,6,3,37.77115168705639
10.462831645876854,10,3,3,43.65911277964974
4.971093086135172,12,0,5,40.95052048510615
4.200763217177855,3,5,1,16.86372362662333
16.77823635539262,0,3,3,53.6551991559075
14.386899156919887,13,4,4,56.335145019057556
11.083799252413204,20,3,2,39.58776625913834
1.5651018001001606,21,4,5,36.214253071906185
18.124045081800883,3,0,3,57.20804403308404
2.3655645540168466,21,5,3,21.536031417153
14.105367368715289,4,5,3,51.8483635408064
4.687940045627495,19,0,3,31.68918133350624
14.241992099329552,3,1,2,42.18639797046389
18.981216766930313,11,2,2,58.3690797856252
19.95510593700168,15,6,3,62.28610532616083
6.896878279306831,14,5,4,37.6527105700356
16.94914203489224,7,5,2,48.17542432713343
3.971310148086678,3,1,3,27.279595688791304
4.917446900841095,22,2,1,18.919306922816418
10.560978929295434,13,4,4,49.68690859069983
9.899994488600893,16,1,1,27.504576222334617
11.375428951384716,17,2,1,32.56053484057913
4.960364232993561,4,6,4,35.641022776987256
14.25453202516488,23,1,3,48.84856315502312
7.628294196656588,23,1,4,38.65484798576241
18.031055259604532,10,0,4,66.56239013877686
14.888089328851782,20,1,2,47.423936496433114
15.057028688082895,23,3,3,53.99567337830828
10.146406913903474,2,5,3,42.984067439272025
4.406873771840909,2,4,3,30.9048911431734
15.044041156457888,1,2,5,66.24845229420382
12.136379307940595,5,6,3,45.3295229183003
18.42060714154711,2,5,4,66.8487650000572
10.619407190256572,1,6,1,29.63974872290953
14.402677036370928,18,2,2,42.724522266261054
12.488086628445522,23,5,4,55.04736252881823
17.59451994788572,4,3,5,72.98167543013746
19.1919993049059,20,1,5,71.56340121046777
6.897438757686482,23,5,2,27.693289655468835
1.4410456164905434,16,4,3,20.887041636921257
6.132405583046216,16,0,1,20.862329626300642
17.709477089201833,18,2,2,50.18868234150816
17.272339243861804,1,5,2,52.49462739680118
5.736277105271586,23,1,4,39.76639654982406
18.43424328162391,23,4,1,50.312749801146815
16.634579484369063,11,0,3,56.6771929657796
14.142508660812618,19,4,5,60.713298044489
18.681658977434964,14,2,4,64.22468253165937
19.997564982716018,4,1,4,67.1164931400906
15.85496906790767,13,2,1,40.950158660726814
15.673162422959969,23,4,3,54.829651747241535
3.491549614623997,0,0,2,18.716375260748155
19.435799411152914,7,5,5,74.74012674309121
10.368577112148438,3,5,2,34.93366634134623
2.7544851210710046,0,6,4,31.25247396391959
7.119242663007102,0,2,5,46.93918976287587
16.996619550834986,17,1,4,66.0652489535842
5.500061816243058,18,2,1,21.109752753148094
1.3455620854180612,16,4,1,10.106958109004935
17.913010000946336,7,6,4,65.19791310343247
16.217872358219235,16,2,1,42.205657198431446
17.368985466031646,18,1,1,47.690227524949776
8.620061572116818,19,6,1,28.33387617965291
6.857135744081364,9,5,3,32.991801178986464
7.607002135434498,12,0,4,42.57412355266541
17.995898752093886,6,1,4,65.29484040733294
2.0241353882058712,20,5,3,20.242389257508325
7.256198862310494,22,5,2,28.99189419253097
9.540792308626777,20,3,4,45.69146776125138
19.61001601250655,10,0,3,64.47078952029825
5.464836486346495,2,0,4,36.05470392217038
9.307905182002912,8,1,2,31.320822277156637
8.866602819136165,15,1,2,31.403206278552965
9.991519529625007,21,2,1,28.828203081862846
3.043624407159895,21,5,1,15.797317633407681
6.357836569892161,10,5,2,28.750347405583966
12.77992587417111,23,1,1,35.428110076465686
9.613507704991774,7,5,2,31.585625557094474
4.484804937318078,21,6,1,15.863604000905976
14.300798794370962,14,6,3,48.32246645601664
16.331363017355947,4,6,5,69.47971083487882
9.29145036679619,8,3,4,46.17961531952967
9.274115844527959,18,2,2,30.92069232481028
14.627316541209174,18,2,4,59.82835236829998
1.5381739350724941,0,6,2,13.114860965345937
3.6296207234392908,17,5,5,37.84331569869414
15.450401376370735,23,5,3,56.39889672259315
2.420257717555998,8,2,2,15.131878640384283
11.604913277493626,21,0,3,45.80954472381959
15.210900708240171,9,5,2,47.92246313021172
8.676918484146913,8,3,2,33.517096275074614
17.366138530817828,17,1,1,43.88293908136958
2.081502660930599,5,3,2,16.441252593066043
1.6529981983401933,20,5,3,22.593078467644126
9.837851225913322,21,4,3,41.890662001598166
19.819822331018862,18,6,4,70.98832030577049
11.981304970332284,16,0,3,45.14613437982386
5.304680845179162,17,2,5,44.47225896637368
13.038650820890252,16,1,5,60.56387797125126
8.014594497268755,10,6,3,34.267093567637716
14.633244880343161,21,5,5,64.1217099148566
1.3749188108393966,12,3,5,33.819206558082165
4.276216775358279,0,2,2,23.651355778752837
1.9485246786502062,4,2,2,16.892717650270605
15.764536646194664,10,1,1,41.1338861060291
4.716967130727081,10,4,2,24.183225344310355
4.062987991408783,13,2,2,18.46014021035323
1.251626446775728,20,4,1,6.68773825016261
11.40627488360828,0,2,4,51.207876337633934
18.87113137742612,2,6,4,67.2554323191371
11.148498236786617,3,6,2,36.30419088544525
5.314216250337102,10,1,4,38.0223450237518
13.933846585878186,20,0,1,35.078864827573334
3.1463390281762527,5,2,4,32.19925388590189
6.093495013359003,10,1,4,38.71136997517695
19.187604585970963,21,3,2,54.772196361623834
18.044417068993585,23,1,2,53.89366271585828
10.822824683018407,13,0,1,32.53086507386414
6.414497753417639,9,0,3,31.577828401683465
18.490662263663435,8,2,2,54.70992210319769
13.846207849707236,5,6,3,51.15344119416803
6.489913829035721,12,2,3,30.01983789902695
9.265618644647288,16,2,4,45.472888906431855
14.805737931952443,17,1,3,54.47196842848473
2.004306319619213,0,4,2,17.99229301192667
10.893907794057704,2,6,5,53.564168920093906
7.902838896962616,1,2,4,39.870331557162
1.3236924364756737,14,3,5,31.40945969076314
2.4640289271808413,9,0,4,27.595082067708976
17.566311498619083,17,3,2,49.923651507398375
11.994453934147753,12,6,4,52.89623773697983
18.42187749355119,13,2,5,72.51347305169543
8.057796007351367,5,3,5,50.217912950799736
7.941209063479066,18,3,3,33.49570302565434
5.6531746743579685,20,2,2,27.172863393871772
7.3221646950282455,17,1,1,23.19888588025615
16.461793539180682,17,3,2,49.26859026579923
19.629814557191988,11,4,4,66.6464968625442
11.74949578962416,3,0,3,47.55025216673152
11.648823016688706,0,6,4,49.832106652818084
10.51071126302114,19,1,1,31.20828112591072
8.498223767107987,3,4,1,25.88117851686421
18.851674857484973,1,6,5,72.11974870087342
19.105614250786143,17,6,1,48.102557743228104
15.87317371870316,7,6,5,64.41563987955897
7.80406450532082,20,4,3,34.03569207803843
8.348111110069016,9,6,3,38.77577885901242
2.0891189437196256,12,6,5,31.835434185205756
10.207558954014617,0,6,3,39.56238122070886
14.242749253412656,1,5,3,53.506663199069
9.287410686546837,19,0,3,41.49778130711432
9.552555692915815,8,5,3,42.82944446221907
12.922874532702291,23,0,2,44.338768237480274
5.805713124003794,8,4,4,35.73944859215253
6.837701091416631,2,5,3,32.68958434439814
15.840397074380833,12,4,3,54.61001033209433
18.806983167923768,16,2,1,47.20426723878482
7.333996503000233,23,0,4,42.25215568892595
8.519000164570999,9,3,5,51.73200984311122
8.850259112079307,0,4,1,25.62009538142685
14.361696181140339,18,6,4,57.88782168458049
6.526683178473589,2,5,4,41.858759137229576
15.125452685014276,3,2,4,57.36638113765923
9.603538994181738,20,1,1,29.648837349888538
6.345280502809994,0,3,4,38.60227454431504
12.413647640792442,16,4,4,54.495787897420236
17.718760423241402,8,4,1,48.75058594184029
5.924189628902,4,6,4,35.845763550181054
14.801769100783865,11,2,3,49.23907947759547
15.299140006298614,0,4,3,52.40298963162872
19.276724184929165,11,4,3,63.419594204195576
4.733739741475987,15,0,3,27.149487451679835
13.782637978318855,1,4,1,38.08092555233656
17.1006582118484,13,2,5,66.37015373346385
18.105396489340905,14,6,4,62.706358381639454
18.99822184582537,10,6,4,70.02102407504994
10.052478101665585,12,6,3,40.23712315120836
7.652208884463139,13,2,1,25.274957456230915
7.601799348957893,20,6,4,42.34142078169314
3.045262935013967,15,0,4,31.371522184396266
6.781498062488264,9,4,5,46.83836073673296
3.2978617609291137,10,2,5,40.23469555637053
12.972373342826002,17,5,5,60.0716519597375
11.33743599255338,15,3,2,39.64424478910122
11.81445333868273,6,5,1,33.05987905767162
15.423853142305653,15,4,3,54.795055016006785
4.166212353789088,15,3,2,23.855181812563035
15.418665101393941,19,2,1,40.95727290506889
11.703999872665056,10,2,2,39.87021741373547
8.289539403534933,11,0,1,24.692279737921414
16.126243285885593,20,5,5,64.29724170578744
17.002150062908783,18,4,4,60.6499588713261
6.765186021474676,7,0,4,40.64044118420689
16.276859034970855,13,3,4,62.571219982681846
7.759173259851718,20,1,2,31.971761177940465
4.571662253139954,13,2,2,25.05615659724654
12.213939353166044,11,3,5,55.96729761129679
6.7759572019315115,12,4,5,46.41260993353158
19.63404374058404,23,3,5,76.9218239974949
11.702125756473695,2,4,5,57.296073274736024
2.621929541375758,7,2,4,31.991220926130733
8.191513258746669,2,4,3,35.99953604231042
11.648082464961236,12,4,4,52.32369481569979
15.76800862253992,23,0,3,54.28997412405626
11.844716829986044,16,2,3,45.19820093738119
4.015865477259489,14,6,1,14.571453922265011
2.254844518535452,13,3,1,10.516800331000995
5.336532565308861,18,6,1,19.320908090718895
2.824873041852383,2,5,1,13.326230271537803
19.560790981065352,21,0,4,70.07830401175325
14.500138605740867,10,4,3,52.10123199170097
5.344680503839078,2,4,4,39.08815447458777
12.207397554772673,1,0,3,45.158392355171344
17.285295197457398,16,2,5,71.52406090452658
9.669079955762662,9,1,4,48.931468222917395
19.292811353826327,9,5,4,70.05473367205067
13.385325102055555,0,4,1,36.582407082995495
1.7598182564458267,4,0,5,35.233413649697695
14.81137213891862,16,5,3,51.26456728068288
1.265007546613906,14,4,4,28.923449725111873
12.734925313797863,17,5,1,32.724255011834906
18.44582320817913,4,5,2,56.11636696072298
16.75671699504223,9,4,3,55.49646856101628
12.688121350795212,0,3,5,61.162120755859995
4.96690666180344,12,2,3,30.763645270242904
2.910757637683493,16,0,3,25.486459644735444
14.211416857773878,4,4,3,50.6614102774511
18.072264901469183,9,5,1,49.4900474214083
13.286643539776748,18,3,3,46.948115396769055
6.43346905017583,7,4,1,18.937321126381143
12.481268875368997,0,6,3,45.4562541597672
15.341364904645209,12,2,5,63.203598046004494
17.257089546749203,2,6,3,60.27550763833146
1.2275886326804777,21,2,3,18.719138086266092
11.352784925548507,17,0,2,38.09462348457868
11.048901227367152,4,4,3,43.47393389148447
3.15526425799199,23,1,1,14.183886230710701
7.904746286746796,5,0,5,45.569510531899255
14.163715632962843,20,0,2,46.5261342890452
14.325249380870769,7,3,3,49.221853470335596
7.748083287672415,16,4,4,42.71304046156903
11.106646474810928,20,5,5,54.724466586046866
15.404352157142435,1,3,1,43.87370687513608
13.667894613647443,13,1,1,38.33022214958604
8.115612739371723,23,2,5,47.843594237031844
2.3574065200332592,16,2,3,25.045082590003208
16.024732253724153,15,4,4,59.67354592000324
13.83406646534543,21,3,2,42.700444892000476
19.05226083449495,4,4,5,73.24769449998871
11.556796297097986,8,3,4,52.9273737397359
15.21504081403626,0,0,3,55.49989866754065
18.70199707347728,12,1,1,47.45698560136558
15.397795450862542,0,6,5,67.8957067108988
11.625073144116328,7,0,2,40.99060405060673
2.448244027424588,7,1,2,15.660157593544298
8.204494122950429,11,5,1,27.127140181287412
7.084683352528627,8,4,5,48.783428405111536
19.15052513821823,18,2,4,68.03787690104718
9.191027768154479,5,2,3,39.11839862883104
10.182604185404225,15,1,2,35.48836898231037
11.736962501446815,7,3,5,58.48610703884018
8.2973473360966,15,0,5,51.686830211615984
10.395085454300263,19,5,3,42.86259381917961
7.3485969086499345,8,5,1,25.343286735625444
13.407149013883469,22,1,2,41.39095353936685
13.37004463633078,11,4,4,57.416926616014194
3.0616031963559696,1,0,5,38.06363080007579
17.106803221459682,19,4,3,59.59661929632425
3.791049466177272,13,1,1,15.536283572548754
11.038837488562958,23,2,4,51.10551772235088
6.238478437444091,1,4,1,19.645065668176777
14.419182451940491,10,6,5,60.52960091139413
1.926358315170209,21,0,5,31.498050618159862
13.305521121265025,1,5,4,54.516022196167285
8.22220466039807,4,0,2,31.88469608848601
17.751636951085967,4,5,3,60.40375775280016
13.409132489507066,1,2,3,50.023005145034254
2.922464020737844,11,3,4,28.234494748256452
1.682182554240191,8,5,2,16.987506012282193
9.847527397860809,20,6,2,36.16542298618366
3.556433182407763,16,5,3,27.628521879683213
2.410124786623575,0,3,3,21.937792622750848
11.215465621637792,13,6,2,37.36609033960038
7.904484160190116,13,3,5,45.59599453440396
16.103748700328644,3,4,5,65.34588747283162
12.286542600742127,3,5,1,33.64423329208556
16.227213257434066,16,1,5,69.31889780065718
1.5440160992383265,4,4,5,36.413696006599835
1.262565676475294,1,6,3,23.739785373449152
1.0790883408988865,19,2,1,9.0190660367026
9.180365388674234,1,4,5,52.42427350705331
6.392455862227789,14,4,1,19.048834075271348
4.388693792019323,10,0,5,41.25866816180527
14.72652911212854,3,0,4,57.89464931073274
7.678147783641018,21,2,4,39.97756335853268
18.486118426740482,19,2,1,50.9261660810768
13.991849981184474,10,6,5,60.448019365665026
18.79200335736961,11,6,3,64.00209144995438
1.273039828052254,18,5,5,32.60540459114788
4.489753777320234,6,0,5,39.64969490383223
6.726796131570004,12,5,4,42.17574791001169
18.47733087369693,15,5,4,64.89945279341907
10.584954351688733,13,1,2,39.19167850234372
4.461177166260561,7,2,3,27.44289103509455
10.030049803315228,15,1,5,56.06203143326246
13.340717427822966,10,5,5,58.28926153988584
13.029385559876246,7,0,4,56.774351457883846
14.573055553004158,14,5,5,65.34951454036299
17.811679134977588,3,5,5,70.36381360976787
8.187544491705776,14,1,4,43.08367704341405
12.816990286460536,18,6,3,46.346121367703645
3.7320351638404676,18,3,1,14.612453746126182
7.9733024256323635,10,4,4,42.11004001065876
9.989189543406425,20,2,5,52.150279253535764
15.455607582884081,14,5,3,53.798513867660034
8.174462438033002,8,2,1,25.81536182869191
14.234383315901518,13,3,2,47.70284878263316
12.543542047182136,7,3,2,41.10191139055586
2.658631492853792,10,4,1,11.292554248679448
19.63424958730611,14,1,4,71.73832569619353
7.642453161978325,14,0,4,38.71333988328426
4.8570131977966104,3,1,4,32.342165863443554
4.215888678392553,15,4,2,22.922741292972365
8.932594415373398,5,5,5,53.299490860945866
3.404273152044311,17,6,5,36.36120266011289
15.239924012074852,11,4,1,43.89102516858833
9.32662906391369,16,5,3,39.36465254077857
5.244068704614618,0,4,3,30.448624903416178
18.550274129905528,12,3,5,70.98004583538389
11.85899065264198,15,2,5,59.84645941597698
2.6579376808671404,0,1,4,28.183083099078935
5.472305418502194,4,5,2,22.40370024925753
12.070660324213117,20,5,2,37.327069645291715
2.642025762937381,20,2,2,15.672485356237953
15.87573745908064,13,2,1,41.00515580156609
11.643438926495126,18,1,5,54.00669439514274
7.137522106152263,6,2,5,46.98776155901522
14.661596427045037,22,4,4,54.91218113384653
19.924619837441252,2,2,2,58.071448826782174
6.389710892823945,7,6,5,46.87118264593013
1.4655160665988824,12,6,1,8.513709202143916
14.833320246558866,22,6,3,54.83325050903777
14.4356702509016,1,2,2,45.95769305123243
3.6791495310338544,15,6,4,30.522132334781116
2.3258935066099644,18,6,5,35.23642730324776
19.272061340037073,18,6,4,67.91292123100025
10.246357058138328,10,1,4,50.20753239462499
3.919061605724449,13,3,1,17.301798943247512
10.854578941585126,0,4,1,31.854050487502366
15.242673989476048,14,2,1,42.0534039526537
6.105912845826429,11,2,1,17.41747216451712
12.546193724734252,20,4,2,40.011245525619536
11.602635460655893,14,4,2,41.27300764795596
8.306059425463438,18,4,5,51.871865584132365
15.523352972169983,0,4,1,38.777629151724554
18.839515728797764,9,4,4,64.3764792536272
3.478508362247087,4,4,1,15.672141559962176
5.360047491978817,5,6,4,39.27151744936967
4.301010129909584,21,6,5,36.929803943612065
2.769464459233435,14,5,3,25.198901223788297
3.5333554793047623,2,2,5,40.517035843242944
11.27223523999728,21,2,2,40.655023042052825
2.5432633440401005,12,0,3,22.566528525624086
1.614206124118172,16,3,3,23.295416044779564
13.702330802836839,8,4,1,35.167379061286304
12.879692341265423,9,3,3,49.16959888092365
13.767298163330207,2,4,1,40.59199748897815
7.319877821555862,12,1,1,24.42707179356698
2.7744869665156573,2,4,4,27.633479887832287
12.866989886707419,12,2,3,49.31354987539594
19.439935101749434,10,1,3,62.27646439810795
3.082770019819623,19,3,3,22.506390923511166
13.893917851826952,9,6,2,44.7438884052413
5.687738958221947,23,6,1,17.903859301824426
15.00555157692467,10,4,5,66.3873006066462
6.5164720447946305,4,2,4,39.546943176735326
13.526986207142205,20,2,5,61.413101442440606
8.309059850693153,21,6,2,32.97669193009677
19.072925529537347,3,5,4,67.8026411257643
8.52218092635092,5,3,5,50.73941213992644
3.925873229776165,16,5,3,27.81986582768481
5.362801600012045,10,0,3,28.64261874224669
13.024323432199967,6,1,5,61.832124134757294
19.72658833255333,15,0,4,69.66761753105877
7.91826779507717,1,6,5,48.93333801746743
11.261204190465653,1,2,4,47.35545046506054
18.42093551117774,11,0,1,49.946822586147654
8.111779477737919,12,6,4,43.01274413024529
17.863449036814508,10,5,4,62.51953291500122
15.580710443039976,15,5,1,43.56110046500147
13.112608194722796,6,6,3,46.84382872009784
18.961787044597074,17,2,3,60.22860861066338
18.531291674845317,16,3,5,72.62553215668768
6.958551172350893,8,2,2,28.7576360325017
7.3398504582164215,19,0,3,34.67905052821817
4.466057923111071,3,2,3,27.688801435430427
4.729856065031319,8,0,3,30.50744997005556
10.820960726400118,14,0,5,56.86549214878621
16.09220743780015,2,4,3,56.35083719578748
13.864232309193822,8,2,1,37.56984439373203
1.688932224788242,18,5,1,11.19108555463641
5.467646108029356,7,0,3,32.479990148206696
10.942879052145615,21,2,4,47.458627528783914
3.2196580850921057,20,3,1,14.469303252342169
2.072462727414427,16,0,5,36.00658631362544
12.570600389896127,4,2,1,37.685475889475796
7.665553863354797,17,0,1,23.403872220845575
6.3842532455061125,4,3,2,25.69773613445248
10.929965588174305,1,6,5,57.79161958165944
7.522423009641999,23,1,4,42.340819992930996
11.37907813247217,16,4,1,29.310476248377128
9.291396378492909,1,4,3,37.78364028411065
8.644732959140761,7,1,3,35.115400354166894
14.553548576344978,23,0,4,57.55890839670534
13.582675190623718,9,1,5,58.72561988497023
7.19636409401241,5,2,3,35.91898983911803
3.3983115249949054,7,0,2,18.88947657473329
13.440723999250151,5,6,2,41.30709856271811
5.446618542950787,16,4,1,17.08199061047047
13.999853999961465,8,3,3,48.35617997300035
17.468860318931064,15,1,5,67.6354605211296
5.633587551348938,19,6,2,23.278990347370264
2.578041010369363,20,4,5,35.167750955030215
17.496920230907413,11,1,2,51.28935672147835
5.675531998427131,13,6,3,30.493658375365364
8.997271422476246,23,6,5,52.495176162662965
18.307094120330603,19,5,3,59.65724844808513
4.162878278070828,23,0,1,14.949922427087094
9.580820816728387,15,4,3,41.42760122073946
15.50066450394626,8,0,1,39.84655676923931
6.4035694830830066,7,6,1,20.663302348732444
12.52615749382222,3,6,4,50.161049057168654
3.7222257196950297,13,1,2,17.75240777940891
17.286167691823355,10,4,3,57.708419203984704
11.218631271808198,20,2,2,39.96834856629332
16.367980407801554,1,5,2,47.144660904605274
15.263905313006513,7,0,5,66.26394145632304
14.885817352101993,12,0,5,64.45851766422538
7.626311983197969,12,5,2,29.235681408589002
15.34233059417473,18,5,4,61.88522846626079
19.55168653188998,0,0,2,56.982093555332135
11.981542319810343,6,5,5,55.883096740635104
6.303706279269826,13,6,2,24.0295355656573
7.1857979224466835,0,1,4,42.19586109885351
14.61433459035307,17,6,3,51.35710591286096
3.862564151114365,14,5,4,34.62939224426502
11.137424275733052,19,1,3,43.757070784940225
3.8952334060416267,9,5,2,19.374001044549907
13.960293978538438,8,4,1,35.15272770224803
19.757591433345247,16,3,2,58.49310830133769
4.432659741696738,18,0,1,17.066351284640415
19.096836762227003,15,1,3,59.838091567991114
7.47160910822326,12,2,2,29.56369214768338
17.029356912311567,2,6,4,64.46283745372901
16.733096883332536,2,4,1,46.841640578731315
15.832859515116699,19,3,5,64.94530873297488
10.444855865878074,12,2,4,48.13660025465543
17.63990195791417,9,3,4,67.29026941669886
16.030140920781683,9,3,1,40.08440786312812
3.0185508036617206,11,1,1,12.637379374696899
4.647880618190455,9,5,2,24.423867602905045
19.54200904514388,12,2,4,70.22040213408023
4.043101637667448,11,0,3,25.194038106536855
5.3608818024757525,6,0,2,27.212801357149136
7.839379021096086,3,1,3,36.09832377477475
9.780422067128951,19,6,4,48.0421219824056
4.315884027434831,0,5,4,34.81913037510906
19.957118532263372,14,4,5,76.390880536764
1.37246195454434,6,2,2,14.574846624168227
12.90487472094939,16,2,5,57.36749612907953
18.622515033886522,10,3,3,61.707889116153154
15.485199806936626,19,6,5,63.0590307665707
7.167088169361167,5,1,2,27.16588424903779
12.07916941622813,21,4,2,41.269008573923784
16.747094871308814,21,3,2,52.954390795658654
4.933257440438668,4,2,1,17.272099811445464
8.417525331570303,19,2,3,39.2963283100746
18.55511922084223,10,5,2,56.05967462481281
7.103062271151147,14,4,1,22.9669788929251
6.480426668064708,7,2,4,37.13800934140064
14.395508877118964,5,0,1,36.96174574628233
4.963600025118636,12,0,5,43.509375229110525
2.9923487027427407,15,0,2,15.939906887600412
7.030254858945236,18,0,2,26.034955193586793
12.783373337984644,22,2,5,60.03500738679518
17.21257865299862,21,5,1,44.45563558314648
9.876604336774843,11,1,1,28.728358359889338
4.795272913627772,4,6,3,30.422307207200255
1.392300344879143,19,6,4,25.47459816793208
5.3549774652085205,11,0,4,35.71243273590603
2.6774533398510147,13,4,2,18.172409718050517
16.725990091253973,16,1,4,61.119165182536435
19.51831102201463,15,6,2,59.432891848323045
1.8323674305520563,13,0,3,22.71094336436335
16.181015733317146,23,4,1,45.819747375901315
19.494163432278963,21,3,4,67.48815175771546
19.797785525704263,15,0,3,65.8354469524853
8.637358331094806,19,5,1,27.289749875901876
18.156166554833014,0,3,2,56.624250909869446
6.17565463637168,22,6,5,46.372514892655914
3.4032151218040814,17,6,4,30.502578861468184
5.232333253478871,12,3,5,43.45182239385121
11.618316416999185,2,2,1,30.962427140091105
5.621183882024586,16,2,1,21.812178991794273
10.433674896285522,12,3,3,42.55246659123525
7.5945100425532095,19,6,3,36.848976129691714
4.555968146813651,22,6,1,16.927338087595466
11.024558073405492,3,4,3,46.21236657763272
5.7648375870744495,7,4,5,42.175433503217874
3.6579151475057907,10,0,1,15.227957325285121
7.570451898855028,20,2,4,40.84640638334651
8.971161591776836,17,6,2,33.50162992968133
9.045901872496245,9,2,3,41.34643745988923
2.7785500489245307,9,5,5,36.7436478011146
14.431963474052493,9,2,4,57.43701980900409
7.218326274771496,11,1,5,49.07410335529604
14.868197770890452,7,1,4,56.858702811029715
17.13072446748992,0,2,1,42.502229068717384
2.929994679513052,11,3,5,34.28973155439629
13.576666668115973,13,4,5,58.42095256673269
7.515247315004507,15,6,3,36.92829789190377
3.4978226175533145,0,1,1,16.0345246354398
8.552487119960574,16,1,5,48.50192699389785
17.39243469282595,2,5,4,63.797223571426066
13.907597574550188,21,3,5,62.272843260131914
18.273947802743766,8,4,1,50.70388307132863
11.338221209737375,22,1,5,56.37353827667046
15.173139191328175,15,4,5,63.855344463889395
9.631078477298376,2,0,1,28.097124660584647
18.702790141826714,20,3,4,64.98193670250996
13.190108766761684,23,6,4,56.18900987227077
12.85095796216013,16,5,1,35.46509232180486
15.90941892166828,8,3,2,51.42350112626501
17.361548496420642,6,5,1,46.94795941573697
2.0265995562060564,13,6,3,22.33907714610873
4.190309188732387,10,6,5,41.17213234550587
1.995566612451419,0,1,1,8.010890891739269
9.105759341617727,9,2,1,26.741730298462603
16.36013353015978,0,2,2,50.552879820702344
6.2194205537911404,14,3,3,32.47757128401379
2.6412502419278856,18,3,2,18.756681423475477
7.396598813601231,18,2,5,46.81064134714948
7.166577492344991,2,2,5,45.06841276920112
8.462788473458673,5,1,4,45.54052420419355
9.895220051240557,10,4,4,44.218699912463435
12.236969098675628,8,2,4,51.3753334061762
5.143822385742147,11,5,4,34.516002807018076
4.267739030343602,6,3,2,22.240514617949323
8.309713992922354,13,2,3,37.053595126942625
1.998121214480875,23,4,1,13.127666179651644
1.43771177562986,17,4,5,36.18262783632595
10.830717636381122,10,3,2,39.315685865258466
4.817688442000941,21,2,5,41.63402818815998
11.380975703339175,14,1,4,47.28494839662739
17.900036196361135,1,0,4,67.59798120603189
9.555736451220133,18,2,3,40.96507189538888
9.086691119329839,22,5,5,52.38988683941422
1.4447205622581294,1,4,4,25.40482982475385
4.7831799023794,17,4,1,17.95765566376023
13.586679123246991,21,4,5,62.014309897064145
15.840960442157499,7,1,3,52.95806284026262
19.485532489548547,1,2,3,63.463254406438914
12.208002010374145,8,6,3,46.92193551930858
10.35026480001186,11,0,2,37.88630500390915
11.26065078447494,19,1,2,35.20942329761103
12.756867306102329,18,5,4,56.184191112144795
12.301531132548552,20,4,1,36.03128125233717
11.800555987340507,14,0,5,55.56153530252521
16.304092740745443,3,3,5,65.83636220559653
18.258420731821143,12,0,3,60.051225267722735
9.637298559529194,19,6,2,36.787999069660316
2.062510654566595,17,6,5,33.79210804057563
11.221585142681398,4,1,5,55.29337664192549
5.299767549767884,10,6,4,38.34078302228987
15.130775012812233,1,1,5,67.57772795145357
8.593001451491993,18,1,5,51.44501514962507
10.590380778864033,10,3,3,43.547870320688986
4.947235214774725,21,1,3,26.469871818628604
17.94577179163844,23,5,2,52.436340969973756
7.492377158994088,18,3,2,32.0640892965114
10.96145816263003,11,5,2,38.259082963819246
18.204550630502556,13,5,5,73.58634601204488
10.545221918928286,7,0,2,35.02389560992242
13.50017570214771,22,3,4,52.50699530935299
12.286434665855314,3,4,2,40.69290641658155
10.258111383408032,19,1,1,28.427568408112176
17.710900834969053,17,3,3,60.67652538721158
15.107589944163934,4,1,3,55.44237061890308
17.59901609993487,7,6,5,71.26631722309058
3.283808513089139,9,5,4,33.46651877968968
19.030237041385224,4,4,3,60.54271540996659
19.019525254923046,20,3,2,58.33884382894951
19.31561348554802,1,5,3,60.604113350437416
15.51823573251938,16,3,2,48.99735986628419
17.43236340165645,6,1,4,62.30640215812339
12.702744348031715,4,4,3,46.93139571885333
1.7185123681439294,9,3,2,14.424886105701866
14.775236774277355,12,0,5,61.545146742074735
19.865120531172654,16,6,3,65.91748352135475
8.422753137980715,20,5,4,41.642887666952234
1.767922414678422,22,3,3,19.48708424796947
3.679394439678899,6,4,4,35.120844255098454
6.119661604702494,11,6,5,42.7477774984948
7.846831634121342,18,3,4,41.819460217428585
16.671385974807325,12,3,3,56.97833301113036
12.046933649277406,15,5,5,60.66974560988228
6.312319392917197,6,6,3,30.505000599511654
18.944888949546026,13,4,2,56.08476708107522
8.414888410003641,18,0,2,28.961986069799295
1.125764239030981,6,0,1,5.816910449008989
19.816833584483973,19,5,4,70.41375290265943
14.43658254916811,15,1,4,56.92365970278318
16.533868339832296,17,6,1,44.79333231080873
4.122993618492045,15,0,1,18.34547748379138
3.9785433070234686,11,2,2,20.68827100117165
16.13447820421127,12,1,3,54.371022146151375
14.677562602950228,0,0,1,37.9863713568495
4.755142215598118,16,1,4,33.18129383387077
10.369316298319518,22,3,3,44.214069459817885
5.887423699888633,12,2,2,24.21436355987508
15.35399210791021,5,2,2,47.568147342387654
3.4304801410305394,11,6,1,11.735503715541189
17.14617021813732,10,6,3,55.12153868587343
14.335492458536992,0,0,3,52.87888505041831
19.988515685432446,5,0,4,67.21853416550192
7.106682047574969,23,5,2,30.24367186449141
4.87238495643944,11,0,5,38.69715926432888
5.7935121161434004,10,5,2,28.042208230489152
4.195015496380577,14,6,2,20.284997719957847
12.133661588045266,22,0,3,43.94093218936726
8.681219012633871,6,4,5,48.26637512041817
19.563393042435543,13,3,4,70.61154217934349
15.773529955535604,5,4,5,65.76829783092211
6.309682954729737,7,4,1,18.570281776854674
3.283796209840807,20,5,1,16.482172880199656
7.08655621188529,9,4,3,31.58705794282181
13.719980550698118,19,2,3,51.54228538377955
16.02889145822981,0,1,4,58.684307952939164
13.869075373102527,20,5,5,61.51087636136453
16.828814296102685,10,0,3,56.54356739330851
2.9729990603932688,13,4,2,17.801074457962756
11.603360771980554,14,4,2,36.36998145337795
14.971685249800007,21,3,4,60.142335908769425
18.571823821709884,3,2,3,60.91985877536154
5.433893716488614,0,2,1,20.591542724053646
19.37123540127843,22,5,3,63.61797163276354
12.658281036737314,22,5,1,34.359703107718516
8.447445176786282,2,5,1,26.998551845548853
4.056179815291261,19,4,5,37.791935095854456
14.801521704471902,1,5,3,51.99521014173874
18.85919054475696,20,1,5,73.06602069525226
2.953345945017617,14,5,3,25.140863933916073
16.82083954847999,2,1,4,63.91406857272658
1.4114840025800968,13,6,3,22.14611496993839
1.1767988939790766,5,2,5,35.30476398469773
15.930510309405225,23,0,4,63.26904558657324
16.238310767477458,0,5,3,56.38200514814478
10.605001605602626,2,0,3,41.6437538735545
1.472975612822455,12,3,4,29.508944966875838
1.2577697269508743,15,2,5,33.47934374259699
3.322295830963788,18,3,2,17.552435704575345
4.1582854828369005,7,1,5,37.2788489331177
7.953080518451392,13,2,3,36.52195096068428
2.160786182132175,6,4,1,10.530485818439747
16.15998084475451,8,6,4,59.649590859805784
17.9798980628257,4,3,2,55.6199286750104
10.65160910496944,16,5,3,40.12840744898511
12.953333972395365,5,6,3,45.084892438715606
15.085052185871666,11,2,4,58.38290856981808
13.843777475975061,2,4,4,57.75171176023036
14.416177234001475,12,1,2,48.03660462069547
12.44320688458009,19,3,4,53.69396475791328
11.07412884397523,22,5,4,48.86002527707045
11.135582644035575,0,3,1,31.86849903429766
9.243567121082679,19,3,5,52.14762130664706
5.56866669543883,0,3,4,39.30430821979716
4.363679204199391,20,1,1,16.164822187976743
19.279114226012414,20,5,2,56.09312852416338
7.127949945416615,12,6,3,33.98077475190412
1.0139995418020227,20,6,1,9.477361304436414
13.438333310402095,9,4,3,46.74417196069687
9.872689128910071,16,0,1,28.91605033099262
7.746964206995377,23,4,2,28.010602457321983
3.992572233915403,10,0,1,13.237992111808314
2.840695614917784,20,4,3,26.751464738841293
12.317062852636363,9,5,5,60.90865023676464
13.904057250929261,7,5,4,57.42582785127481
5.400084009154033,13,3,1,20.924342550846966
8.819221865379173,22,1,4,46.92445577167326
19.789429124108846,21,2,1,48.93147549148095
14.940301803324092,14,3,3,53.2494363336172
10.523796556311064,5,3,4,46.098787077000985
17.96681720148302,15,1,1,47.17437373187018
2.6475374649568852,17,6,5,38.45989961104838
9.021388427663732,19,2,1,26.013905230099233
15.562408902364792,19,0,2,49.522858840503964
7.609851016310908,10,2,1,22.103599240655956
9.944101444700479,8,2,4,46.227193742042
10.183226901225272,10,2,5,52.6121018316687
1.5972096645278826,15,2,2,16.72999912165801
7.512516595336284,6,0,4,40.09579044602885
1.9363174669197925,3,1,2,16.973485277852138
16.254520965514065,4,1,1,46.34345584364761
12.457099645724401,13,4,3,44.470194951465274
16.39048204171423,7,1,5,67.19077708907197
6.155275897525193,8,0,4,37.346106892852795
16.668582745465287,20,4,1,45.37876346263691
15.82875093585031,4,1,1,43.89495701712841
9.649924253665407,2,3,5,51.645157584527404
10.586509108891114,2,1,1,28.75011532845364
10.115359437403,4,2,2,35.452035302840656
13.784506392218638,4,5,2,42.63540455928704
8.11091857056618,21,0,2,28.834365286557734
3.2760812142880957,4,2,3,28.385194338729576
10.058298385165331,21,5,5,53.22079948802721
15.499680881833365,11,1,3,50.96215980338241
17.664806485679296,10,3,2,54.109060347378914
12.079798820039985,13,6,5,59.705796682990695
16.124561768390848,4,2,3,52.79907107305114
11.153599573714851,13,0,4,48.276440625663604
13.556633574994205,22,0,5,63.509836028808756
10.35991716272602,7,5,2,34.02189407143641
11.22806020859746,5,4,3,42.73428819645725
4.4869962172873095,10,0,1,15.825089609769751
10.971075185432628,4,3,2,34.362927312024404
4.509923564963899,3,5,4,33.78022931562062
18.379569609161926,22,1,5,70.64878371245216
12.659375367610826,5,5,2,42.62791069751942
18.66014218490587,14,4,4,65.20393311902778
16.447385964638148,18,4,3,52.92863845308735
11.183781478291785,16,6,3,46.10665826683569
16.449277073148316,10,1,4,63.46403439394166
1.7708725501276592,15,0,3,24.722902612434574
5.437766431298832,23,4,1,15.839664127719038
9.169163360148424,9,2,3,37.22699070858738
5.402469313671948,19,6,2,27.225555878780582
5.359666392449487,10,6,1,16.7490514629533
18.852202072592398,9,1,4,69.47766594193706
5.362494117076429,19,2,3,28.381901919542745
15.77071612501055,12,0,2,48.96557375136564
8.040069359933291,4,3,4,44.9891343798338
16.19866794652188,12,4,1,41.15886305328918
17.380899405763447,19,6,2,51.65421126812579
6.3415281124434575,9,5,5,43.85716825018779
15.656513722628116,12,2,4,57.829803126127
13.16640447378661,10,4,2,44.945065327459574
3.7496967067651514,7,0,2,18.939310739099785
6.397406353449589,1,5,1,22.626005857289016
3.8128584436250335,20,4,2,19.26328609033409
5.739993979703049,20,0,5,46.15354824366775
5.6973602913868255,0,3,5,45.34076771940794
1.968055729782068,1,0,4,28.697642655791128
4.4324847365431275,22,0,4,31.25322291375477
19.14132147908225,15,0,5,75.50052733017031
4.07744354475227,22,3,4,32.93384404234961
12.064079754588933,5,2,4,51.184541309289415
12.945290421098326,17,4,5,58.54762669906418
14.055982161280786,12,2,2,46.007674439618384
12.87582965870818,18,3,2,39.702748277967466
4.4921751614873635,18,2,5,40.843112268286674
5.231631017425368,17,5,4,38.149091577879666
12.831053031980007,19,0,2,40.34451299237996
14.746737574568476,13,2,3,50.61761006292805
3.3454010766429025,16,4,5,37.6689167780583
13.035003375945415,10,0,2,41.54872269612242
9.872584603843565,23,6,1,29.122092410413508
5.110479307644951,8,2,2,24.669842095327173
3.787260393697879,19,6,4,32.176401844511275
19.61095163265017,13,4,1,53.05239955312635
8.445694284470235,18,5,3,36.87114157979465
3.4989613029318116,1,0,5,35.460466190201316
19.045529772333058,13,1,3,61.73068811756934
9.482682636126942,17,5,2,35.6551854647124
3.889161774280076,2,0,2,18.087596457152884
13.241362416046027,8,5,2,40.10015550338154
13.759792005968738,12,4,1,35.4729953751914
10.326893262375602,18,6,2,38.10257323014478
5.549747831802502,22,1,2,27.28034247492351
11.131362732558785,21,0,2,35.48760837608412
5.629497605938835,12,4,5,43.86140575246737
3.2497969497354706,16,6,5,39.627121534112725
14.330119537341007,20,4,3,53.43647435573498
18.2590246565255,13,5,3,61.024273845636195
3.043489521931018,3,0,1,14.799830195725043
14.560752609705741,1,1,5,62.899251588224196
2.6285639878531555,17,5,1,9.493014325610876
6.7783950255980905,17,1,5,44.459515495329605
17.591826009658693,22,6,1,48.7930684582373
6.507167814213603,17,4,4,40.677667295615585
17.248687229234964,16,6,3,58.793312503718596
18.98871747390526,9,6,3,61.340820431727174
9.315054632100905,16,2,5,49.99533644961585
11.611333123520037,6,2,3,42.30648606623883
5.042593791230284,20,5,5,39.08190557506009
13.84645291884157,20,3,3,49.09894752543067
7.890773635800198,15,1,4,41.64730320242469
1.2712246601785324,17,3,1,8.368310199576136
12.98849732800024,17,0,4,51.639576878145505
6.238318263698414,18,3,3,30.10895973076121
17.669190672650124,1,0,1,46.02483869043895
17.222053091729293,2,1,3,57.44541996686588
8.91953647624278,9,4,4,44.19447098868699
16.620506112142607,14,0,2,47.260359348219154
17.52451675026913,4,2,4,63.35797243801553
7.555799725737113,19,2,3,34.840083384461934
1.3048468228453056,10,5,1,9.128165375126034
6.862786577527375,7,6,5,48.55621594732427
2.0583266342445183,2,6,1,9.085052169131792
5.010624914153434,4,0,2,22.268907607831824
13.653101888106464,23,4,2,42.96291448810203
10.706697439936416,19,2,4,48.43157367469979
6.667393051773725,12,4,2,24.43148674399782
9.92177900882087,8,2,5,51.92444024174488
4.715029095071402,14,2,1,17.30836281206858
8.532420467342853,14,2,5,48.31499626929833
15.998386813642854,12,1,3,56.90381411232686
12.336740151983875,6,2,4,50.86376510778829
5.122260851729504,1,4,4,33.445764223516164
9.5727125986889,10,4,5,54.6106403768829
16.389512046510227,23,3,2,51.17975717283403
3.352066716558812,1,2,2,22.12077131213929
5.637794363054708,20,2,3,33.41566378347592
7.681185360920865,8,5,2,27.81850449417168
18.226908179321594,21,3,5,71.19722127184667
13.607086615181702,18,6,3,50.727397012099146
4.2245107667636175,23,5,4,36.093707390659745
15.663335659252306,17,5,5,63.54078858984408
8.410285110100897,19,0,5,46.84320807745712
1.2438118088964054,22,2,1,10.01058977626132
3.2562692540819347,18,6,1,11.358669025467433
9.320548067099276,19,3,3,36.687430400355176
8.07110641261402,22,2,4,45.27346130005605
8.700949493886307,19,5,3,38.246775147701136
18.7920768774787,2,2,3,63.488535902421205
1.0198201019002369,10,6,1,10.910864193251271
3.5624822797042257,10,1,4,29.580099834612426
16.9925280193166,13,4,5,68.66850840458089
18.921006954745614,17,5,2,52.823014485688745
1.784330443000885,20,2,1,9.021498951141476
19.281251228961395,7,5,4,70.03173125518708
3.1775687170522033,18,2,2,16.424425052471516
1.1527920840412624,1,4,1,10.89730979867627
4.6024294895707625,18,4,3,28.55923757732961
11.678416056307638,10,6,4,51.10328299255275
10.649869968035349,0,0,2,35.916443831357256
15.65500769522386,21,6,1,42.56599123422758
9.169534090755922,3,5,4,45.49227796223674
2.3048350884935993,4,1,3,23.648011531719654
7.790279430286741,2,5,3,36.41956404443399
4.952249173257354,15,0,4,37.0972487423255
4.725616557940826,2,6,4,35.33907986751056
16.7906538404564,20,2,3,58.53713002708713
2.642505954409739,14,3,1,14.436759930379779
12.171113065570854,7,2,2,42.97832901551553
12.082261099017732,20,3,4,49.003701666130844
15.30010040876311,13,5,5,66.98480488115183
2.142531451775139,23,4,2,15.36563676816842
5.333428606558494,22,5,5,39.909497214718535
7.560922345215211,8,6,2,30.87616666124083
18.092312202482876,4,4,5,69.62331303191682
2.320492082844429,23,0,3,25.856930009073164
6.942875330146043,20,2,5,48.95571442060257
19.71744901814972,5,6,2,57.41908563439398
11.799512588670535,6,3,1,31.39025077524712
11.134127089846627,23,6,2,37.125950366009775
5.900401618776245,15,4,3,34.08548063801738
9.08823055590714,8,2,4,42.86490247970448
12.767175803628813,8,1,4,56.347953283613755
8.89748000171235,21,0,4,45.9682348855053
14.026235284339531,13,2,4,54.87737794520173
10.873820020125347,19,5,1,31.84132006234689
13.6759459594432,10,0,5,62.706792658986096
1.2418718343089812,23,3,3,21.836920478252342
11.547390084044686,23,5,3,45.45339159008616
8.157126598199739,1,6,2,33.44595081172742
1.0360569765624668,23,0,3,21.460524979582132
14.40868554767949,11,2,5,60.5223417379445
4.145231330640958,6,0,2,23.03073087880537
18.261081119939067,2,6,1,48.82135604164236
13.84585692259,16,5,5,59.037666664612495
18.308930568063982,0,5,2,56.10877465585234
9.011172980704565,10,1,4,43.39804534210423
6.362698003463999,16,1,1,17.751497612156747
8.58896709742551,4,6,2,29.08970340691966
2.396901361784354,6,0,1,13.744001156219202
12.928716687625572,7,5,2,41.47983998355731
18.469724617065697,20,5,2,56.39950428709922
13.700629568026615,21,4,4,53.80404413744821
7.852584272759228,18,4,4,44.950703722964256
8.789746742622087,19,1,4,43.45698689311186
10.600050730461463,5,4,2,37.86003199574308
3.304283667269397,21,2,2,21.319371004712178
5.753377939825226,7,0,1,21.758654212278678
10.304994446443343,11,1,2,38.07326031552951
11.192379919024418,3,4,3,42.69384128516337
19.975992709683833,16,2,5,76.68130046030578
1.8721794149513697,14,3,3,23.090063852947168
9.055780074797767,8,1,5,51.27250502676601
13.880830948205816,20,0,4,54.852017817542105
13.654387912754228,8,1,2,41.05383346661039
13.523970813544823,17,1,5,60.83786957464535
3.5662355713384257,22,0,5,36.28899989305776
15.248178603847045,11,6,3,51.05130762062607
11.834631328360434,13,5,4,49.794238851055056
1.849124754777106,6,2,5,36.36289647156782
14.171854549752819,22,5,2,46.719924214223845
12.846653047119833,11,2,3,44.748282486817935
4.24286356684801,19,6,5,37.3237816089464
13.654254677722369,5,1,4,56.80029854423951
10.667725430523465,2,3,1,30.52511669260613
16.316615442549313,0,2,2,46.89123699571898
4.806047839696847,5,4,5,39.94592797202298
4.811724466190572,4,3,1,14.53899846059863
3.26923508027628,0,2,4,31.01291033918794
13.887040778683598,13,5,4,58.29094892658848
16.484906124944604,13,1,3,53.45254990869673
16.476065818559697,11,2,5,69.80189802800021
19.482791994239925,19,1,2,59.32546027805639
2.459588866724646,10,3,3,24.153279562246517
19.867984205881584,12,0,5,77.5060005825609
3.585856142496752,0,1,4,34.08359824164069
2.0300373435827526,8,1,4,27.826440783380722
9.662947676861766,8,6,5,51.878681672816136
5.058192280204064,23,5,1,15.094537358528875
1.2184942156201792,10,4,4,24.455043308766257
4.283725460486245,14,0,5,42.01791374674718
10.33273858653226,1,5,2,37.7448783932715
4.2173279255854,17,1,3,25.945921256501226
1.170898846931201,11,6,2,13.087435297261116
6.014616030963898,0,2,2,26.175066971823814
9.520112010910003,22,5,5,53.15799178994159
13.408008648358269,21,2,5,58.224327520324856
1.269577488398657,0,2,3,18.077082186330223
8.020835366666944,12,6,4,40.0492843388048
9.242989353975483,17,0,4,42.747705133226816
13.23761901167204,8,5,2,40.71614867526612
5.851175266030609,14,6,3,34.141834143303214
6.908554746080683,23,2,1,21.82037956087773
13.114833105653753,10,1,4,55.59273302165919
8.363266856215752,4,3,2,30.24009163653524
12.72033665005178,15,6,2,40.945434961237225
9.678496253031152,9,3,5,51.9543903986946
6.332770488897822,21,3,2,24.028124682580987
2.920362083823229,14,2,2,18.47834002468842
18.533404280403488,21,0,4,67.24793853648646
13.087787819034233,12,0,4,57.07827105764673
5.510365091873448,8,3,4,37.76931688238332
8.856634604586176,20,1,1,25.546733822467818
5.324911816921064,7,0,2,24.670438939728058
6.350660751758149,14,3,4,39.26089147865052
3.8531070162195356,21,2,4,35.67821448018677
13.984165270919375,16,1,5,61.07488031440362
2.168382207267132,13,0,2,19.61541481730958
6.846761509032849,14,0,4,39.5907257859361
16.573528499360833,23,6,5,67.78835263567922
4.830333346922824,10,2,2,22.813051949156574
1.4117551326442923,3,5,5,33.51976552828766
8.498907568994426,4,4,5,47.556211161183
14.317116532994321,2,4,1,38.411674298460554
10.62144877039576,7,4,5,53.42838931033073
4.0477022295824865,18,4,3,24.63338298762465
7.767600550117009,6,0,5,47.60851344712553
12.421183571854264,13,3,2,40.93901644480685
6.967771845538263,15,4,1,23.06035764507799
15.11702211630011,16,1,1,39.44719919194966
14.795328287282391,13,5,1,41.73120236288894
10.021025431798241,14,1,3,38.52294119121822
15.086004269557481,15,3,1,39.495588289417235
2.7874724759412235,15,5,4,27.593735719553198
18.981764804403163,4,5,2,54.05626404096471
15.198355693435833,22,5,2,48.80285325106989
13.074731464746769,5,2,4,51.20663979117793
5.184717374942999,13,1,4,37.01310759123588
13.689706235318786,0,2,4,55.96447407472318
10.466634561717166,14,1,1,27.10725635759499
18.07443430028784,21,6,1,49.47268336248872
1.368355320004607,18,1,2,13.922158443394798
6.820351452897437,11,4,4,42.22982753720969
1.575807128711726,19,3,4,26.867091698684547
3.421055491773482,14,5,5,37.84941211242127
14.499420521064637,15,6,2,46.39853879185027
11.046378275185084,23,2,2,39.284970061487954
12.788814098587931,18,3,4,55.92176343065589
16.539982396870947,5,4,4,64.79060519959914
7.647834796752319,15,6,2,27.51847611428881
18.318866251424677,2,4,3,60.906986296014466
11.517182300156167,23,0,2,40.99492232125252
15.197390303214434,3,2,1,42.33745568057947
1.225224955043286,10,1,4,29.17689496472478
9.188002848782185,23,3,5,51.80244154676951
1.693952645402276,13,5,2,17.558438127333414
2.8549902759085772,17,5,5,37.575107695220694
7.1208448708801875,11,4,5,43.57157561455437
15.847831898986412,17,1,1,40.52897497623489
19.578412840129076,1,6,5,77.57042204866876
11.18523778065064,19,3,4,47.29078852025702
13.7566888012169,20,6,3,51.64615522069316
12.695668413605969,17,6,4,53.07987211721005
15.25017577241497,10,1,2,44.28356690405633
19.989294940461036,3,0,3,66.25014303166614
13.18477113498894,10,5,2,40.372404599943884
4.199859582151317,7,6,3,25.616435317595826
13.73874851336142,18,5,3,46.96480725729391
7.805602144658871,8,2,3,38.851352204465144
15.813482002803214,12,6,5,69.11647761613425
10.313561950444448,7,6,4,45.466156179039025
9.504433591399387,9,2,4,46.867818747918136
4.976505957170945,5,5,5,39.713922168069445
17.92547703894819,0,2,4,63.69467625484968
10.866792155058631,1,3,1,31.869185593546174
10.569796696545419,12,2,1,29.029665006935932
15.002500264261045,19,2,3,53.24838711575951
10.705014297248427,18,0,2,38.639836390374406
19.7230648568654,16,3,5,73.06831575388128
16.44314023332598,23,6,5,65.74176582651305
10.428461021471717,18,6,2,37.443397543933884
17.47585973578924,10,3,3,59.743724142035255
19.260840757792828,19,6,4,71.16968042423237
19.178557748607037,7,2,1,52.4430067594353
5.512541249962904,2,2,4,36.605635502923995
1.1640194803276556,10,1,2,16.00438775198588
14.362463429671786,17,6,5,64.7112605233956
8.20910219176528,2,1,4,43.77919985877439
3.2130022622632186,17,4,5,37.54698931518252
8.972019958341143,1,4,4,46.65708569778864
12.902806938803547,2,3,1,37.071006957063304
16.703451211418223,8,3,2,51.13210562921141
5.31512373121011,23,4,3,28.55105013951985
4.2600282859217495,19,6,5,38.67023724775551
6.087810551803324,8,5,2,26.774260971273215
4.6439414348326,22,6,4,36.88284395029107
9.821570058617036,6,2,4,44.65228019383965
17.034003396058324,7,5,2,48.799272422090105
16.442116322524104,17,5,1,43.18226561831379
9.617102989576336,10,4,1,28.226002557390064
9.984499186378262,20,2,3,38.817579456016034
13.727896661915564,17,3,1,36.40353382810415
4.538075382459221,7,3,4,35.01607976073744
4.615255194317385,13,0,2,22.518885899856937
15.150602887201625,4,0,2,46.25530688797441
6.91812493589278,14,3,2,25.97098566446155
3.2870661588180514,18,6,5,38.18515820961886
1.1798556750355798,23,2,1,8.216992307373467
16.21246434203973,5,4,3,52.29266143920432
16.326669847510907,18,5,2,47.167010451495614
18.950481769622733,14,2,3,60.20172951333044
5.778801620836621,22,4,2,23.64027102449951
16.42217926015099,15,5,1,41.98264539672087
14.062149762281644,11,1,3,51.35166477663782
3.101118909577285,0,1,1,13.67631530820039
2.4118804937999485,12,3,4,29.35226417021088
5.188074411620077,22,0,2,22.79709254994878
17.76201788790683,4,5,5,71.67910239079768
1.9033848910424465,12,2,1,12.04876606979549
18.617094616825025,17,4,4,68.0310818236836
4.408331851866166,6,2,1,16.722350971609657
6.354258435888763,6,6,4,38.165923698384404
15.954533920385076,10,0,1,45.583057810259724
16.311968064195035,9,2,4,60.302096508673166
11.415052175928361,7,0,2,35.71499736671892
5.893523375160624,0,2,2,27.024164175781898
19.267689081651394,1,1,2,55.16278843639613
3.7565271669278397,7,3,3,28.01314776781099
18.796568887226183,10,2,2,53.843783188573596
9.933330744179559,20,0,2,36.33600568413786
7.965109343123723,20,3,5,47.74170876235229
14.558433682035552,0,2,4,60.36743152870257
6.227548684706278,4,6,5,42.952751620495576
6.825417944856161,23,3,2,28.16669164415344
14.24633788393553,11,3,5,62.72637489281449
13.365151210435592,14,6,4,54.33168457412473
2.621407578604022,1,0,3,22.107882161674286
8.943658122477402,19,5,4,46.75422707995011
18.880361828233127,6,2,5,71.32479151703822
6.417494627764367,16,0,1,21.650126119561442
10.013262916957437,14,3,5,50.51556171109076
1.2430869414631727,3,2,3,18.34000315442975
17.98859822990526,17,3,4,67.46556365239104
1.4988964321138347,20,4,2,18.10154940050967
7.747392576511184,2,1,1,26.473467381421692
4.653824402061531,15,6,5,41.75304011868637
10.589008958643207,0,0,2,33.919929469348936
19.45401140046593,8,1,4,67.44089610934557
10.647477177625031,14,3,1,28.11455867959854
15.822435334970905,18,5,2,46.862709044054505
18.713415903375783,5,3,1,50.81972263387456
10.7871871677761,8,0,5,57.701658554120236
14.336024799199226,7,5,3,51.759831028114455
13.489934075232574,21,2,1,34.209924056556744
5.412170793285311,14,1,3,27.789471276093906
2.3977993145593217,18,4,1,11.684767337917787
13.345002452081074,3,3,3,46.897937338007885
8.710600511296745,11,5,4,44.076813794158554
15.831984412313346,13,4,3,53.62515824637975
10.201683484577705,5,3,5,54.992179933865444
4.076320000424787,4,6,4,34.26746170083347
13.788722233731434,14,6,4,54.741823571331224
18.346856009421234,11,1,4,65.31792498245555
3.1454595395102194,3,2,2,17.96998218743306
13.725283860824936,12,3,3,50.85021124322283
7.737048447975008,10,3,3,35.920799240141676
11.667846452055265,16,2,4,49.302075766668786
9.39319327039063,10,2,5,53.663859072073784
16.006591857370612,9,4,5,65.94315618537541
19.27585805412436,1,1,5,76.38048008714699
14.949533591600902,11,4,1,40.19761156022808
4.120230545276714,4,4,4,31.691831307661875
3.964355094553612,15,2,3,29.678538163095844
1.3698423276491734,3,5,4,29.038524053894683
15.507139364607111,8,5,5,64.14489813741866
2.32846385009013,21,6,4,28.88584593991039
3.5479275172861042,6,6,2,18.541428204899677
10.056658880345065,4,2,5,53.27487081654948
1.3169956051156368,13,4,4,27.67551165676743
11.202330228626062,8,6,5,52.84150393132228
7.74201577750148,22,6,1,26.48663960824507
2.8135592051908014,1,3,2,18.54308014036275
19.010014772634314,2,4,1,48.799264187852934
7.496034475203122,14,6,4,41.970435289741474
5.521393083461762,12,2,5,43.58812331729263
7.673332158982867,14,0,5,49.46934283511864
10.353855678798825,16,5,5,54.5468104027796
9.808930663768205,16,5,1,26.506878596243688
5.795196934815925,23,6,4,35.473604243361684
19.340969919091137,7,2,1,48.62182528623296
9.025789214785465,12,2,1,26.70989613830365
12.255769479998994,15,0,3,48.31274280911453
15.048618549004814,4,5,5,66.72685434839545
7.003529458148447,22,2,1,20.15286426649215
17.89085858358357,13,6,5,68.86574734624709
16.728047973285975,18,2,2,47.921803042884974
9.295684870716414,12,0,2,31.62980544693667
18.829912958424384,17,1,1,49.066353015757855
1.3356857206641424,19,2,1,10.448774247106877
6.355311019288074,15,5,5,46.33336807829256
3.17061423447839,15,1,4,29.09881438156995
3.86449920325518,19,0,5,39.90075618459451
6.529833206047374,9,1,5,42.78414338517192
1.8072143166252062,3,3,2,13.847390905611736
16.68908166980658,20,2,4,65.20353245204585
7.12083484733568,9,1,4,40.197914296109836
8.239196444675176,23,6,3,35.48839641688183
17.653313430318594,18,6,3,57.403153730418396
5.967978810753737,23,2,1,21.023375942587286
13.324744691475864,13,5,3,46.85730920938489
18.875979766207223,18,1,4,66.71770409578703
18.242408047230008,6,2,3,61.217738247924984
14.81192270839389,16,1,4,57.757664294354036
17.542293741162315,5,6,3,59.18108688892761
16.722894077476504,10,5,4,61.14466373434852
8.898240574755437,11,1,2,33.895712047189114
7.585432607771797,0,6,3,38.32565216623406
1.285892567292127,7,4,3,22.728640957870333
3.4966312044159946,12,2,3,24.936674283009115
10.394650906745369,17,3,5,51.155396197783226
14.38602556254339,4,5,4,54.22330932923781
17.49870817742194,4,5,3,59.58454847947544
9.248431100618793,2,4,3,37.70173370568402
6.4982786208151495,12,0,3,30.936196745893717
2.6786313607439585,20,5,2,20.731410672464694
19.981765074302206,14,4,1,49.87816240656333
19.476431127853385,4,6,2,54.23147019006483
3.5574014763742126,8,6,3,25.367922076391608
5.97664875812018,19,4,4,37.48750631191439
3.938842050779149,8,2,4,30.933371090777623
19.810058025008985,3,4,5,76.35799878125712
1.4390148141771641,14,1,2,12.682098193637955
1.7294811041486056,20,6,3,21.474535092641258
9.500008711170876,3,0,3,40.999785872079414
16.420577333368737,8,3,1,42.978816665463434
13.421582669267833,12,5,3,51.788965694655865
17.12454282639004,11,5,5,71.60826967362678
13.110552526595502,2,5,4,52.59080458243489
9.665078531899148,3,2,3,37.94493171372688
2.830789762078624,4,6,4,30.224310641492515
14.689543687057029,11,5,3,54.390452413839164
19.976139777027157,21,4,3,61.1013685238971
17.484585330191145,14,5,3,60.059211370264606
10.192599530045518,7,1,1,26.507320213824222
13.82574907703006,11,0,1,39.065441075272496
8.917860074934776,6,4,5,51.94599136607966
12.818125216832902,8,0,1,38.12233816915346
11.772523555143561,21,2,1,30.983482593323735
3.483360367196534,19,0,1,12.375568721500473
10.193168810084513,0,6,2,33.354065370452865
7.881738196771499,10,0,1,26.013690167619515
13.784258985512851,14,0,2,42.79668622096836
18.716434011111808,14,5,5,70.45368348682705
13.923529695707025,0,0,4,53.125378802562686
9.345257054732695,2,2,3,38.678652375460345
18.098443521397822,18,0,3,62.11395687927151
8.76507446261532,8,4,4,46.629099831119575
3.7422565329933146,14,6,3,29.408520479460368
1.6374202665407744,8,6,1,7.319345989902677
12.61809338220781,21,2,1,37.63491140347021
12.699034425254657,21,0,5,58.10897074455259
10.862066892513004,10,0,2,39.95316978975791
19.343023375185254,17,4,4,65.6718910789971
19.78271997308858,18,1,4,68.15438733483792
7.930466371731996,6,3,1,22.454495368538236
12.348904864313944,15,3,5,59.902999240233875
10.79279894053201,0,5,4,51.74425701060878
19.058523588358444,2,0,2,55.16402547004586
2.6709538015934964,8,2,5,35.10678446033718
10.769009172880384,15,2,2,36.74635044061937
17.131317841122087,13,4,5,70.80646695803244
2.466671030674063,12,5,4,29.398806366271245
10.846760843683464,19,4,1,30.208927895832765
14.148873766358165,7,6,2,42.517049528056816
13.887149513315398,6,6,5,60.983006427016605
1.2636151474554458,1,3,1,6.478173686767448
3.7395288869008763,22,4,5,36.201887481952866
7.089978300262887,20,0,5,46.659255015417976
15.671182743137546,16,6,5,63.984105136931696
11.990496350942866,11,0,4,50.533717599171
1.0919549945883387,19,6,2,15.28939808301676
1.62121088766478,18,2,3,20.28006351898349
19.197132526128367,7,0,2,57.823781944671346
17.158373982690822,6,2,4,62.662881624494524
2.4546208881819056,22,6,3,20.960861891847106
4.337743342899305,23,3,2,24.26353290280235
7.17665164334463,20,4,2,28.597413201523757
15.331289635418235,8,4,3,54.87657938758534
4.927125166150821,19,3,1,20.202480254255896
14.45669725469248,3,5,1,37.27151826814509
14.126688642326988,17,4,2,44.495071058256144
2.3113321563922313,21,2,3,24.27934382529851
17.01162630744664,10,6,2,49.18706331444968
19.56704824138594,20,6,4,66.6643800191919
16.60255973754024,9,1,1,45.99372367047083
12.108900955020168,7,1,2,42.16341237809413
1.2436430445286448,18,2,4,25.501184991529374
19.277932248430883,1,2,1,50.47513571831187
10.801422988057706,19,5,1,33.11372094055203
8.878020725603118,6,2,5,49.18924482223127
10.677317268347979,4,6,1,28.130873686453793
17.476104630436545,18,2,2,54.69396620330392
5.421131743632965,17,6,4,34.383306280056125
5.513748212022907,19,1,3,31.370832413017503
9.164453013410581,9,1,3,36.20768226714523
8.709075459984664,19,2,1,25.088760341390255
2.9405394503768862,19,0,4,30.40381540297456
10.442358051859264,14,4,3,39.403773937359645
6.419272242772361,21,6,1,18.720949572262477
9.321672781952207,18,0,1,30.001406069421467
1.0204344755605184,19,4,5,33.696877123188536
10.031515508907608,17,3,2,33.10074262636971
11.463260014792352,22,4,2,37.93094788193182
1.0852455385372801,17,6,2,11.575722669495644
3.9791594774851133,23,5,5,38.25275540319591
16.199377158146085,15,5,3,56.32289780199721
15.980676906974663,0,2,4,61.95026496279749
5.1656529243615354,21,6,4,33.33088730756733
11.65390853740336,5,3,5,58.77111265388669
7.009174467634269,19,6,2,25.16027471380853
5.1684611261445115,21,0,3,28.493841695938098
6.344607994644468,13,1,3,30.038832662239884
15.22497589922111,1,3,4,56.205149260094615
8.336231730616756,2,0,4,42.07074832134077
17.102279084937475,10,3,2,53.60106395446725
3.0966245827643286,6,4,5,35.068803047182136
3.7527626525494173,2,2,2,23.085172725696737
5.689691722998454,12,4,2,26.689731199507953
7.088076510470698,23,1,3,31.777715081278654
9.129115345273455,3,1,2,32.55323733246854
8.139705535733558,0,4,3,39.66237669094706
13.935691424932633,16,2,3,51.10223225314729
16.37349796049604,22,2,4,59.51872483503446
18.548948072724436,18,1,2,52.29205041183346
2.59354159423487,18,2,2,18.15428933782526
9.982787354215716,4,6,4,48.19417505970861
11.470276828842819,9,5,2,37.53554354703847
19.637089569424575,21,5,2,57.49450766800547
11.902690143577606,17,2,4,49.51138491571602
4.7715626092211,17,0,2,23.205591802132915
18.92194129916386,9,2,3,58.91221428700807
14.603263038797511,2,5,4,55.99602182149397
4.536540262821591,5,1,5,37.53874909784368
17.075136331376267,8,3,3,54.55101031585599
4.7293152340856714,9,1,2,22.348078181837206
9.68281860957217,11,3,1,31.17082354291882
14.839586954058056,13,3,2,43.54996093212391
1.556171820142933,8,2,4,27.644994583336626
17.44193832793748,5,6,5,68.9138273654405
4.037578843192243,14,6,1,15.593733665485392
14.912191650462308,0,0,3,51.367798860665744
13.917480780539147,8,3,2,45.44275433411795
7.962484673035223,3,5,2,30.53600015966255
16.30893829215902,22,0,4,61.10521880118747
12.168020352695018,4,6,4,50.026034978972085
8.30908870794444,17,5,3,37.50316568876812
4.05660165587137,9,1,1,13.218370517292144
16.756502165177423,15,0,3,57.00914064620603
17.952320982804302,22,0,4,65.1166636439118
6.669733519892898,12,5,1,21.56368995419682
1.1683032939845015,14,1,2,14.955950365421527
18.572449173411187,10,3,1,46.544968279025426
2.0337112044743617,17,5,4,28.906247807728953
12.976548275936205,12,6,2,40.09732042966094
11.590555336302375,0,5,2,37.56352293137155
13.236888914846112,2,5,1,38.87251425335192
7.982504319237675,23,3,5,49.338322377136826
8.39667176961776,16,2,5,48.82139475065847
1.0999837302218838,4,1,4,24.46634705174204
7.523583499258517,7,5,1,22.68799725226672
18.275485146843312,15,1,4,65.74694567711059
8.201098084472488,10,6,4,44.55496916638118
8.207670937889436,16,1,4,45.772817258946965
1.6335841505208282,15,4,1,7.989032946280019
11.146290048909767,14,3,5,53.05232248211825
12.953460182127635,7,1,1,37.1670190516911
7.0048139916044825,0,2,3,34.13846042751497
7.741227835139443,0,4,3,35.68995447762794
3.985396587638151,12,0,5,37.27541973288717
6.941090951807107,13,2,1,23.26443768249054
18.562790131377007,6,4,3,59.18949962514019
6.067650758022554,4,2,3,33.01141812408663
15.488203092910764,23,5,4,62.07358042922906
14.26975482783528,0,3,5,62.785173137246765
16.856386853858297,7,3,1,42.057733397445276
1.566118051920701,5,3,1,7.544001965129718
3.9201055151456097,19,1,2,21.673731047113414
5.31230651642588,15,6,1,18.24352519357462
1.2767236663145793,5,1,5,34.29886346571374
1.3988493270129405,16,2,3,23.49813188061106
4.8338734562061365,13,2,1,17.833536130506523
3.5273276961041913,11,5,4,32.899563252966985
4.054117120918281,10,5,4,33.9261418745393
8.668033159103393,4,1,5,48.246473254044666
17.549212598245184,17,6,2,50.47440872236008
2.5885928391311444,9,1,2,20.48171878046726
7.579273289482661,18,3,1,25.8532860275343
5.854078019834746,10,4,4,37.99437227991565
14.552060038405802,1,4,4,55.0038724719593
18.338628776676007,22,3,2,52.66166920357793
18.096351197012442,10,5,2,53.679557878062525
2.1697127585005522,7,1,2,16.821212376057723
18.283485401735135,20,5,4,63.99793697973097
11.685408829645835,19,0,3,42.07458461642771
4.721424357420736,3,5,3,27.419410209561338
5.926655538442616,3,2,1,21.727319056910535
6.544144444652545,18,0,3,31.565294055329797
11.014629718428516,13,4,4,50.99207700433732
10.825656699152335,17,5,5,56.26381558492133
18.34171028391054,8,4,1,48.39961999175672
6.683587759895726,2,5,4,39.111795259239486
9.290537974272285,11,0,5,49.06395085763124
10.75622647782121,23,6,5,54.11565303386562
19.166565796798004,8,1,1,52.15918433903027
6.976743324434445,6,0,4,39.213019915383555
1.6640984357592439,18,1,3,21.831937832349972
15.135293543056546,14,3,4,58.595498652357435
4.58651389225275,15,6,3,25.941263565435882
13.450528727075975,16,0,5,58.09837431406925
4.289476035821565,7,4,1,14.247869854441912
15.544088093442372,13,4,4,58.769668900424264
5.0799058487700925,11,2,4,33.05440860818463
1.5663707643034148,6,4,3,21.097390617249733
18.638401437262743,18,1,3,60.32852293788005
11.48773979150993,16,4,1,34.96503941163428
3.921549189373099,14,5,4,31.63000968629698
17.338563306218266,7,3,1,46.58096418256552
18.022448123828735,0,3,5,69.23781160871191
15.700972713022008,23,2,3,54.526875977220286
9.95436315778398,21,4,5,53.94744151841776
2.3563480558421084,2,1,4,31.770627825523142
9.763418053246559,9,3,5,49.9469194586396
3.805468403245694,7,6,4,32.84535277172919
3.828036600703165,17,4,2,19.88773923361134
1.6274412821802293,10,5,4,26.25780208636215
5.986839564104389,13,1,1,22.05269390280092
13.463238078252552,11,3,3,51.36986982870384
6.198370346328076,4,5,5,43.975320559630454
18.372087688842733,11,4,5,71.65443043235398
7.974319823438664,2,3,5,47.96478438268149
14.903933787435001,11,2,5,63.06058979530192
18.255548364595693,11,6,5,74.8914970446613
6.4239276007575,13,4,5,42.193429741016764
8.826742587031577,7,0,1,23.947260953947122
13.653427339812179,3,1,1,37.74714984952908
6.863326932974596,0,1,4,40.84445818090907
9.31226399466777,17,5,2,35.79064241920243
9.579403604893564,13,2,5,51.51981956290534
10.942950827645697,15,2,2,38.2844390623836
14.276577718381777,6,2,2,46.6527087151219
19.478200887896158,12,5,3,62.08458357778505
15.693835774806622,12,4,3,51.960193960381694
6.137800905598161,13,5,5,42.24608327978445
16.448642262971177,17,0,1,41.56769238341707
5.371715103402279,18,6,5,44.85131439811864
8.894113194611347,6,5,4,42.495777096121714
11.595569084251087,1,1,1,31.937609071227627
3.166849861482829,16,2,5,39.22748893115767
13.674291708884944,10,6,2,40.814901100426084
10.0197159373822,4,1,5,52.10692442356066
2.4689873201684307,7,3,3,21.693180905316886
16.535361276523723,11,6,2,50.027237258845076
12.068759570948869,0,3,1,32.83825831909085
5.374087442704918,14,2,3,29.90366425538543
12.229177670810078,10,5,2,41.02377020581284
1.7894654331182824,4,2,2,15.26151341027924
5.6888197368498075,0,2,5,40.95139568368921
5.55983924718868,21,6,4,39.68908021211627
17.655663281195928,11,2,2,54.94865320019666
19.2127203524951,4,2,1,47.8683067624281
6.188625650829407,10,3,3,31.10524263437922
11.955798379615446,12,5,2,37.27532309087102
1.047629484131623,12,1,3,22.00405564051687
11.442756124369224,3,4,1,31.15079920799962
12.29237557009224,23,3,5,56.61089681943765
6.39386667440623,7,6,1,22.447735179395526
6.630638346475251,8,1,2,29.256841988074953
8.967084121367478,0,6,5,47.79042131825778
18.976395305684033,15,3,2,56.08294291922723
1.0377792961598629,10,1,5,34.39648968396472
18.369721893321287,1,1,1,48.52597492402457
19.99837122877043,8,2,1,53.655240425746854
11.13052283061825,18,1,2,37.37591344173088
14.471854896368782,16,6,1,39.122507219029615
9.10867036920641,19,6,1,27.70148830004131
15.718994170736964,2,6,5,67.20728359839649
7.198924672199864,22,2,3,33.939055291189305
9.131753315086378,7,3,3,41.44958757564159
13.159024121316602,2,2,3,50.32827021661042
8.258206709629418,22,0,3,39.74036611736209
11.981292792495768,10,2,4,53.61319847711401
13.195809863531277,13,0,3,46.97685567358241
15.075769871703358,20,6,2,46.090247163536915
15.637295477308525,17,3,1,39.3878392494444
3.762763603090247,4,0,4,32.240332705824436
7.170239450398904,16,3,5,48.54094718422225
1.5801068132340887,0,6,2,18.04295275885331
15.674791350770622,18,1,5,63.34080149573598
15.686551234186124,9,3,1,41.42307608847524
18.543931526035404,20,6,5,71.81195509294737
5.062352876694431,21,1,5,38.94900051956015
1.578517308510705,21,4,3,23.18090145864906
19.839680379165227,10,4,4,69.04774249819724
14.640003909503427,8,2,2,45.853388372145304
10.120091386121103,17,5,3,39.36124215212362
18.18971895553563,7,0,1,46.44668030845876
9.236880186392156,12,4,2,36.222239879300666
3.844261615898156,12,4,3,29.56262158686276
6.872971124044171,10,4,3,31.54151414599163
7.281874904037915,23,6,5,48.57655887565012
3.1825920602537945,1,2,5,39.885958836870664
17.437234551032,13,0,1,45.30874820850679
8.640654584980838,6,3,3,40.74728571692916
18.201320206998584,16,1,2,53.329664378536286
15.322971311091782,21,0,4,61.87456570090989
12.821880940317456,10,6,4,54.66044992583486
1.689533819877001,8,1,5,36.3526527580714
8.864399181923064,13,3,4,45.73143293139935
14.782148410398841,16,4,5,64.8849090011201
8.585541202892706,14,5,4,45.78932297951727
11.15957117040173,3,0,1,29.4678669782315
15.835057045697368,3,6,5,68.63486643964308
7.992973210847165,17,2,2,27.475075734929383
13.978915090358125,23,0,5,62.57873307711823
12.622848085545431,20,2,3,49.14868211166762
13.470456957855207,12,5,1,35.487083753954565
7.740083989376479,18,0,2,30.827027345883664
19.33143974962141,11,0,1,51.381124408952964
18.94693758455756,6,5,4,70.21088828449935
1.0380181265823887,3,0,1,9.825381573383495
7.4827699036650275,8,2,4,39.15305632883866
19.085339590240462,7,5,5,76.51654388462538
14.167151259282074,16,5,1,36.01222566834869
17.631737229934107,2,0,2,53.87142014171373
8.78746297164446,20,5,2,29.844419066015153
12.422638744664072,19,0,1,34.85672763542353
4.265875350056174,6,3,3,29.9630197750333
9.6734596054323,1,2,5,49.775250158304864
2.3477913790141276,1,3,2,16.371658840315725
11.389491842222334,22,3,1,31.526391258173987
13.307645283984177,4,0,1,34.44348879614014
11.977915696613312,18,5,1,31.512177617339884
13.450602597166402,20,6,2,43.432580927108596
19.06697985402762,3,0,3,62.56759660524864
5.499519274712036,8,2,4,39.33086870062878
12.120026501341297,7,0,3,44.58985578842339
7.371205823929264,17,3,2,26.461015048729102
10.250826333683719,12,1,2,36.09135875767791
13.219633089508594,8,5,5,62.9543713729508
4.130991226726656,3,6,4,32.97385243342267
8.045365296449727,11,4,4,44.54024631361918
11.684685204289226,18,4,4,50.34702710102014
2.9539747168705657,19,3,1,11.604811975469461
15.177783622832974,22,5,3,51.118515944799526
9.711690200869398,5,1,3,42.90380864672647
5.572960223149176,19,6,1,19.822551393294134
19.198256295991897,23,2,3,62.82080799005375
12.064895774413683,1,1,4,51.22827906774184
18.53339116263604,14,0,4,64.94198849110711
4.421202022331574,11,5,5,40.86802346902685
10.341962161041819,18,3,1,27.629893988038937
10.111550996044297,23,2,4,46.164082373274965
5.3598415488184,17,3,1,20.376824092537035
4.917434344407754,16,1,1,18.627093658780712
5.159924883167648,1,3,5,40.00398118637214
15.07219869971066,8,0,2,48.28789015642624
9.632362042072625,7,4,2,32.67761242040475
12.555816244781951,12,1,1,34.17352594361203
1.5981635801075762,12,4,1,10.100243510410394
5.924111573204486,1,3,1,19.82700737328884
2.234875740240674,16,5,5,37.58478045546235
15.494097328962939,9,6,2,45.82543443058914
4.361046116793571,12,4,2,24.407431742558856
11.643769449030415,13,2,2,40.904051554701226
3.6656757100655657,4,4,2,22.88194726194085
2.983637452254816,2,3,5,38.172490399856876
16.34050927589658,15,6,4,60.388187031672025
9.338142011801692,2,4,4,44.64224262854438
18.852302835347167,9,1,4,69.26937843021219
15.412189125396479,12,0,1,40.13174945380196
19.024636492452288,12,1,5,72.42580643861622
7.0304961593553665,1,4,5,46.190187101541866
11.125675585779549,12,3,5,55.85173470374882
14.945450091021838,20,1,1,41.0310565189384
8.207489753080818,14,0,4,42.99280235894993
6.972526228910865,12,3,3,36.797699448478085
13.731830876962627,14,1,3,49.66116117568061
16.133196571363968,0,3,1,45.53561567995258
2.60250130341773,7,1,3,22.983182635090078
19.839948363353898,17,3,3,61.73344931992445
5.115971615097914,1,1,5,44.643744694394464
19.252662867557845,4,6,5,74.57339611950533
15.488387405879225,2,1,2,48.564052034964305
5.983271776269159,15,1,2,26.700403786619905
17.920294336834736,17,1,3,58.294469057301704
14.258631479168752,3,1,3,52.8721864978899
1.964744956796959,0,3,1,8.723629302070545
18.150487125700113,17,1,5,71.11346105563511
10.965890100020433,18,3,5,52.30849962056448
3.3777671465702936,20,5,3,26.38401402898242
14.585647628755638,4,2,4,54.7960374034128
11.658287853228765,0,1,1,31.4284413956817
9.716328956806333,14,1,3,39.95310442028499
14.693147345272592,13,4,3,49.507096936152365
14.982176798212333,14,3,1,39.038957758159945
19.455171954415487,7,0,3,63.12578738955512
1.9536532046381905,10,2,1,10.608219735502633
13.586643780416628,8,0,5,63.613718430133304
18.865748760587955,0,0,3,59.250045701692116
3.2318061466491237,1,3,3,23.843253133758914
6.275490351332597,8,0,1,23.11708176114068
9.149343308489847,23,5,1,25.15290501933948
9.398939206851965,15,4,5,52.074631923796034
17.55378730643319,8,3,1,46.21301122791285
10.357115957799103,5,3,3,41.98969445198051
10.433719063681252,1,6,4,46.96052283898687
15.053797986118974,6,4,3,50.929666382195016
13.783460014494514,6,1,2,45.076002636169626
13.188898880855904,9,2,5,59.88373184178501
13.373747627936739,1,6,3,48.279628187799425
16.3639330804234,1,1,5,67.29948915670462
2.095522697989832,12,6,5,32.91106624498869
17.283366804220353,8,1,1,45.35333092441745
4.923204400664298,16,5,5,43.19668040091626
8.503249793582762,14,6,4,43.69809400169812
4.112006282649393,12,4,3,27.790521684089985
13.385190532946519,8,2,3,49.99359788070014
8.020098885058108,12,3,4,40.7611457002133
9.210361829562185,12,0,4,43.044967771750734
6.468441485925164,14,6,3,32.56040070350126
17.211585732704478,23,6,3,55.49869603631486
7.479184019236823,11,1,5,46.30641684141651
10.392780371372409,13,5,2,34.000567581144765
13.790961656446532,2,0,3,49.28840189047563
8.837088633985914,17,1,1,25.368709873121837
11.567098417699796,13,6,2,40.272110651831696
16.51019145237445,7,3,3,55.667228523334295
8.515023799849622,0,4,2,32.707084117174006
8.290500268866559,4,3,3,34.19304040773534
5.2704014245358435,10,1,3,33.09156632934374
19.208587115042594,12,1,2,56.8822523293922
14.649392400035996,23,3,4,59.478901923454984
9.320409681709107,4,3,3,38.024061573690815
15.935216738808418,15,0,2,47.28586271209746
5.398440780457726,19,6,2,24.253896664536985
1.4342630438651431,1,5,2,16.853131115161702
16.65271558856039,8,3,3,53.572296204237944
8.82807792909581,0,4,3,36.13037218300833
19.279940900281435,19,4,1,52.277450804615434
16.04511833161657,7,5,4,59.45304745720534
2.533975448084913,22,5,4,31.409005909602076
18.88328210322273,7,5,3,60.32008685621014
10.978107217486055,19,5,4,46.512719704771214
18.96934561146951,8,5,4,66.15319045121379
8.688955404554255,20,2,5,47.85354785219093
12.329463755706715,23,1,4,49.739163383019296
1.1724615401436314,13,5,3,17.92606478147156
5.647594972433588,16,2,3,30.682649800877293
1.16404555134998,7,5,1,7.424521954958523
3.3471443364408713,3,3,5,39.46703196847747
16.11018592348337,21,5,1,40.21027183889684
14.204503959842004,14,4,2,45.426983229906355
8.241971726667774,19,6,5,50.34416117858611
7.732159769007728,2,0,1,26.155644377093004
12.620213251771862,5,3,2,38.23503779065276
18.227855370292744,5,4,3,62.47449882334305
10.440232455847417,23,1,4,45.943051167156824
7.344761740928857,11,1,4,40.80722843483471
17.62448843477348,12,6,5,68.73795106107595
10.920031155277892,10,3,4,48.26301952044019
10.476233864354544,12,1,4,47.65847543720909
14.728456740777924,21,2,3,54.51502851644141
6.704402467567851,18,1,5,47.872087635930136
7.588151969385605,4,3,5,46.352920745185976
13.83228997799569,13,3,1,34.89701773551849
14.942146469952366,9,2,4,56.73643288622493
4.312646691956041,2,2,4,36.24695949836655
19.972229453689998,8,1,4,72.36784330021499
5.497647836818841,23,4,2,22.62145111340508
17.01908236410729,15,1,4,61.13180681943565
13.266032002245002,8,5,5,59.85537043439946
9.772439297824022,1,2,2,34.89645430344405
5.988524154439419,3,4,4,38.21544076526036
6.637439804662749,19,0,5,44.567332779394604
15.920633055198508,2,6,5,63.95485246405172
10.876540097831661,5,5,3,44.44391218836549
10.392810153554619,10,6,3,44.08979486294166
8.23037956875338,1,1,2,28.99243004812542
16.553916427991556,23,3,2,48.67519385572258
19.906442880229914,16,0,3,63.29467218686489
10.841095692627448,1,1,5,54.55604868703849
3.381492273267545,13,6,3,25.75826661523355
2.7216188495928475,21,0,5,36.61846324665315
15.606315797123592,3,1,4,61.873537375460565
18.209894265336615,1,3,2,56.74041776283512
17.96182955658013,7,2,1,45.814498902395194
4.7478259039451824,20,3,2,21.791082480712426
15.974106564581632,19,6,1,41.87102236907788
14.52886425393165,14,5,1,37.71952039726002
2.4120496527172124,19,5,1,13.44073316325423
14.123306482381112,16,3,3,49.95869832855774
12.913806215587353,22,6,4,51.51193077827971
19.19419097116411,9,3,4,65.27625703068749
2.5293259542900697,18,3,1,11.917076773784611
5.88690532332845,0,5,3,29.731332784970178
17.943216522384503,23,0,4,62.83684708186282
19.810374193361593,1,0,5,75.3151447417487
10.065820866010265,14,1,3,38.330198551812956
19.513352659966742,20,1,3,62.918787467734845
5.220302124103251,18,6,1,20.292238710522906
4.199761577416283,18,3,2,22.521889612188886
7.191484990822944,21,5,5,43.726437551853756
13.004046838681138,10,3,1,34.986501400495285
11.755361837232378,22,3,4,48.56537182273739
2.9185118497609177,11,6,2,20.189599267326425
7.614738213213538,16,4,1,26.282255830338983
19.085519259350587,9,1,2,55.01474292263183
13.517842847661944,9,1,2,42.29633468404626
7.452120801497391,13,3,4,41.15750067669659
2.1248054344310976,20,1,4,30.39536945123421
5.76608688267875,0,2,4,38.26089177844572
1.5494655000622624,12,5,5,35.105851414661586
13.040022215045234,13,4,2,42.835479280788306
11.1847460044202,12,0,3,41.6034563657161
3.433893117072673,3,2,5,37.16628511366473
7.67763185723306,1,5,2,32.2959521633767
3.7149120092623327,6,3,4,33.423932048559806
12.114031917697334,22,5,1,34.03745508469021
5.449013865815197,17,5,4,36.41191566090653
6.667729757474679,5,6,3,33.4396471627208
12.163221698282058,4,1,5,60.3297560357019
10.3998905839967,19,0,5,51.34289393522059
8.656635443120372,22,4,2,31.964354602717986
12.04942074324645,1,3,1,35.220457322866395
1.5117554141450544,14,1,3,23.86686604349611
15.763058899066436,1,1,3,51.436098331495145
11.09700303475768,16,2,3,44.57930524446122
13.226451748064681,6,6,4,52.83135204401539
10.270809582647146,16,6,5,55.60501082034325
6.909656803550879,6,4,5,46.45564097469418
8.926013705488462,4,6,3,39.77513428926746
10.981145659830172,5,3,4,49.01402829050374
12.991525216203035,4,1,3,47.967066513978445
11.35241079223526,10,1,1,35.019309734954405
10.537923700843246,11,2,3,44.414887974682216
18.671217523143156,3,6,4,65.6006874608253
1.8897655475961332,22,5,2,13.775696173450639
8.876765092620193,7,2,3,37.28535738057907
15.806574298820575,1,6,5,66.78646103818627
19.400365500471306,1,3,5,74.2200992359499
10.949690635134493,21,5,4,49.972564725020966
6.7951214314874395,1,1,3,31.780676971971396
17.763291061931927,22,4,3,59.5061334828356
11.501215175675805,9,4,5,57.88963441458975
2.0027813114491613,14,6,4,29.777876146179807
10.488541180190918,17,3,2,34.35768400911574
14.531262286250564,9,5,1,36.55591668425551
14.53422839117615,5,2,3,51.953049990110046
16.12675276854052,16,2,1,44.518040910307036
1.6744519896656378,2,2,4,25.62114273411374
6.183485589051353,10,6,3,29.325538118421374
19.104397953273192,3,1,2,57.53801428213244
17.699354263156703,15,4,5,69.52246788481503
4.525213119743823,21,4,3,31.11432715351709
8.797677186014447,10,4,1,26.74065679568335
19.165177018523284,1,2,2,54.53958281439402
15.195608218096258,6,0,1,41.80340485656976
13.651440130848279,5,6,1,35.06437681278338
3.2578227956089307,9,0,1,10.955422706998554
13.735997990042065,22,1,5,62.226925783455
19.75476559399486,19,5,4,70.14350000238444
3.6094424218712917,22,3,5,37.028477455437944
15.869637255066488,19,3,4,59.04425109265812
15.281536921757287,6,6,1,40.886791045477
6.377737103020685,8,5,2,24.476545848189417
16.784555436548562,17,5,1,43.8871116516234
2.6274536058953517,19,5,4,27.871632764100067
3.992287406650777,7,5,5,38.680859346056835
6.6665663235521375,19,3,1,19.863223400180125
10.905230782601365,16,5,3,45.90286077593319
15.958841807397746,18,3,2,49.753335802102306
8.520242866950712,5,5,1,26.040110622028433
1.267280921184641,3,1,5,31.318691961948154
14.50823228120357,16,6,5,61.55448950167272
13.619493285336556,10,0,2,45.3256733763302
16.543473008366796,19,4,5,70.96867160815167
17.440136009525087,12,3,1,46.585774268240016
14.894339481493779,1,5,4,58.73625676276897
18.495351775098083,18,5,3,61.40741630482552
15.866466519975635,2,4,5,66.04724679882766
4.15371279818379,9,0,3,26.86534929503278
7.387024964633543,15,6,4,38.631991321365966
14.099961136247272,1,6,1,36.163989798511906
7.252058112344041,4,2,5,46.25485552236121
18.18801916439014,0,6,3,57.05930153324269
7.249729368056219,4,1,5,44.013745663520695
14.725224272738338,5,5,3,49.353047548468794
12.042790336390961,14,0,2,41.264709408265944
18.599081863873604,12,4,4,65.1211225513194
7.346808217890208,13,2,2,30.568214551299974
6.962117928365899,13,6,1,20.08524395182744
11.48615049675707,5,4,3,46.65638923089334
1.5178196245516324,14,2,3,23.674984304604763
2.1040331678426565,13,6,3,20.302167050455573
11.806338756347378,23,1,1,31.94131563737779
6.675084113506399,5,2,1,24.296203152917816
14.25799173801932,12,2,5,61.18675632862344
13.81382149618932,3,2,3,46.94347853976074
13.386675692326897,13,6,4,53.24984972675066
6.048523308688152,13,5,1,18.994496217993653
19.833193131836236,7,4,1,50.057013000429606
15.578045772258001,8,5,2,49.3819667630504
4.953915377093567,12,4,1,15.27539941007478
3.502460476741356,14,1,4,32.53816015255955
7.591584913583815,9,5,3,38.03604865284006
13.187885809607026,12,1,3,51.04676667637642
13.801673592860071,5,4,4,56.35460177135964
9.173516226480261,7,6,1,27.15928097267848
17.264908909789373,1,0,5,70.88932968463226
17.423775652374495,5,3,4,64.49694238553316
19.681583401792004,20,0,5,76.54246794677476
8.614695114998934,18,5,2,34.31964666651215
14.631039883799954,1,0,2,43.85835259648878
19.33161822514531,5,2,4,67.88154665675528
10.414888357404658,11,4,2,33.92661927675043
13.432636365802335,8,5,5,61.02767530430743
6.348993343461471,16,0,4,41.590014597641854
14.05468471103815,16,4,1,37.24688612001838
15.866190567095895,17,0,3,57.35599357693287
19.920677631950774,16,3,5,74.72298340364206
1.0936039770619663,7,5,4,28.99895426986438
17.8602277377144,9,6,3,56.44734614043145
17.580266150932935,6,2,4,63.99687724793273
19.754036597859614,18,3,4,68.80447747483333
14.462403691008904,10,0,1,38.121368220911044
7.424333911047053,20,2,4,41.58659120696198
11.009561470202181,6,6,4,48.670486252735095
2.289751766812026,2,6,5,37.79405515499771
11.166087647045543,2,3,3,44.6458348099312
16.20588321199544,9,5,4,59.88646265379116
9.471060877432352,6,2,2,31.47313237234051
4.86441500970423,17,3,2,25.396869478620918
16.217646954610178,21,5,4,60.04910673592156
8.150810906266809,2,1,3,36.331450747254124
14.812195159623746,15,3,5,65.85147345975979
4.694484951111748,17,4,4,34.495501376998135
19.34329856525139,9,3,5,77.23853010603845
6.877021308661947,9,3,2,26.93561872995861
3.8335641348976988,20,5,2,22.82566485291816
3.1053166606058222,21,0,4,32.737097322785104
7.31957094644362,16,3,4,41.306841071341395
17.98153135210466,14,4,2,51.54710747369195
3.9386585529325733,5,2,5,38.187255451002116
19.878107738901157,19,2,2,59.58697023004582
3.626282886562266,0,5,4,30.03176003362309
4.476876918278585,13,0,3,25.403757397585586
4.207964103175787,13,0,5,38.56105468839694
19.137415620360496,2,2,5,72.42267102830316
3.9658513494973757,5,6,1,13.590637698882803
5.240077107786732,23,4,1,20.417948057453856
7.21270984010231,16,3,2,27.560573015462303
2.0783682332398055,2,5,3,21.371097802285796
9.304183234561009,14,3,3,36.5847310043872
18.379137239602038,1,1,2,51.89881103443243
6.202294598286798,8,4,2,26.617427504122695
9.751362624052,4,6,3,43.302610532686245
12.724742371322659,15,2,2,38.47828648169363
4.7930620888180595,10,3,2,22.370678706492505
11.668751299452197,17,5,1,35.33637977567537
16.713220770702875,16,1,2,52.00082763022935
8.557817857131882,21,0,3,36.850341749435835
18.228292760842212,11,3,3,60.93997609245554
16.066890886244884,0,2,4,62.893522832296604
11.744247154696557,23,2,1,34.892469415299345
15.945588317757942,8,3,3,55.06526998439962
4.088378536657821,11,4,4,34.15310227606999
17.626153076301964,14,5,1,45.24450579614039
15.890111532810716,3,3,2,51.07326026736056
2.1940186170261757,1,2,4,29.159003256401217
8.759931360644693,5,3,1,28.940690827074956
6.097349617159603,16,5,3,34.01679242635392
1.1126611120036825,9,6,3,23.208243105496436
1.064132268477096,21,4,3,20.365977200557953
7.70647518882452,5,0,2,28.96013031481437
13.46968671141701,19,3,5,58.128316625453316
4.0693393648403084,15,6,3,27.358003975929904
5.995458768771127,16,3,1,17.574417030599434
11.913529609402996,18,3,2,40.950991552464
3.429501678364718,10,0,4,29.455558440111933
8.816040410015916,7,3,4,45.92524369628207
16.28947776187899,20,5,1,45.86295571766131
19.8696809155818,9,6,2,56.770665567902924
9.88518193737629,20,4,2,35.335965237596234
4.389868080861039,10,4,2,21.40316103578448
1.546091285023679,18,1,2,16.319104501623464
2.8020727053592296,15,6,3,22.35988761917864
3.78005484003984,15,6,4,34.80554069632152
10.414573291066253,10,6,3,42.327707925917295
4.132336497418773,21,2,3,24.878444076774272
12.203165576666287,5,5,2,39.364893196993236
4.767414664450694,11,0,2,20.323453449918766
6.9705634288775284,14,3,1,23.512087556744923
19.684389419854263,22,4,4,69.00492434296133
12.10197341859855,23,0,4,51.10388438530446
17.313740059097192,12,2,1,46.54702823897209
8.371767259733868,2,3,4,41.41503166180755
5.900146344216327,21,6,4,34.63057380655556
19.409883228642094,9,5,4,67.72309514752831
5.581063154995672,12,0,4,35.83940380094034
16.986700590241856,17,4,2,50.35358892732478
10.765958051615547,15,4,5,57.04297456251661
19.3741962246028,17,6,4,69.30476295748934
5.355533398624714,19,0,2,26.874525737436677
17.391288332869514,18,5,4,64.59623783452415
8.785841403784577,14,5,5,49.20421676302869
1.162937538449953,10,0,1,6.852360773044759
2.836425909028551,1,6,2,19.471078467271226
13.328391158237768,6,0,1,39.53050748417581
13.746540028239322,1,6,5,58.93022892066432
17.850966552168796,22,1,5,68.77170694594044
15.359296930592578,16,0,3,51.452004431388964
17.38911621146303,1,2,2,50.048680863885444
19.383205444407892,11,4,3,61.068117109027995
5.0975361329031195,11,0,1,17.489618111448316
18.82796965172248,15,0,3,63.84050893698432
16.760827495615494,9,1,4,60.28982095956407
17.162374620629144,18,0,5,71.05891596904108
1.9562483557504495,12,1,2,14.216445967860142
9.352678887355777,17,1,4,47.258036673705476
16.294900233315637,0,6,5,69.6136396309077
4.225066413608134,5,4,2,23.943131748520887
3.6459338609270917,19,6,5,37.52149025589873
13.236584959014978,17,2,2,42.114091721456546
5.018523397260283,16,4,5,39.19708010095212
3.6127921312063087,23,2,5,38.98417927074214
14.932598338456861,16,4,3,50.86896561095985
4.13716637001079,10,1,1,16.688179829746076
17.15742765345763,9,1,4,64.60684282422112
5.0478576715014025,0,3,3,27.093024728463273
14.480679396672256,18,1,2,45.56991588259085
18.125955886730324,12,2,1,46.50899019786356
10.35232168106566,2,1,2,33.57998273911734
7.41357912962369,14,5,4,42.00927517804743
12.175904907383325,3,5,5,58.005008655058596
12.34674233108224,8,6,5,60.59644045728444
11.10993832536905,18,4,4,52.441425314909175
14.858178300199109,14,1,4,59.32326631210159
2.2913500556660944,17,6,4,26.989652561071697
17.23499420576719,15,6,2,49.92175077728158
8.429091165754688,12,2,1,26.86240533566373
18.635947181642457,15,5,5,71.63464429486895
19.051834611481752,12,2,3,62.964342726963395
2.3508699818247907,4,4,4,28.672992967947273
5.094813717690915,9,4,4,34.60727481072167
5.438365508867835,20,3,4,39.505862958191344
1.6905123169312684,11,1,4,25.487013329228525
8.37729793243811,6,1,5,46.49109366319248
8.330469786587564,5,1,2,30.672485067970143
13.13937333421817,23,6,1,37.10988205134895
6.426883769578145,16,3,4,36.824624658810336
6.7999322977649,23,6,3,33.66484939536444
19.4284308888903,7,6,5,72.55939703874489
6.313600886880444,3,0,4,37.984473622890505
13.75216233661508,17,3,1,34.65882491824294
19.657480070713113,21,3,3,61.000275887078296
2.1681597500795897,18,2,5,33.185385498744154
6.1677010237347,0,1,4,38.34494681034821
1.7251223770048054,23,3,2,14.116348489288583
18.485985038718844,16,3,5,74.37137339902414
16.976234385614642,13,3,4,63.00867428248329
17.291359534040616,19,2,3,57.620831553525804
7.215820425715494,12,3,4,38.71534273093429
7.335037238532104,12,3,4,40.8527655402712
11.702875104872529,0,0,1,30.218748840091752
7.413308628631768,22,1,5,49.20101675081119
15.337669783611062,7,6,1,43.08790649351615
11.2933221949774,18,3,4,49.56115307121013
11.86132322923956,10,4,2,42.09584215275785
18.101494362981168,12,6,3,61.1439919372643
1.11097991738505,8,4,5,35.24236614600578
19.73814173260837,17,3,2,59.54409365700896
12.635934287580389,20,2,5,60.76087119778114
8.76156776310989,0,2,1,25.797288138764443
1.4250568163073425,0,5,2,17.141155691664544
8.046181872251935,22,4,2,30.440999482074403
8.67067599647758,21,1,4,43.33897714820998
19.35878612918941,11,0,4,69.13210851757174
11.534810317377554,20,4,3,45.911299768043115
8.564370058694774,15,0,1,28.465905692314696
6.404682712179876,22,0,2,28.283420136498222
14.255084337986514,18,6,4,58.16349506274776
8.613584535468636,9,2,5,50.223481053887554
8.16902244936022,22,3,2,30.760595797051753
9.90981473120031,4,6,1,30.753433326444004
12.3919320644813,16,5,2,41.78915615616188
2.088332847730494,20,6,3,19.928243629615434
11.312153007814294,20,3,2,36.44593057803835
19.395029655241185,13,1,4,69.16355017450081
12.99484472849576,19,4,4,51.706889842816125
5.865515688164359,16,5,1,17.574364168805186
17.464387939646183,22,5,2,52.05544607813552
5.394783733922921,10,3,5,43.72111897556988
2.864578567345983,15,2,2,19.952701647464085
1.7248210074808026,7,6,2,18.629101361690253
14.36738964570418,6,1,1,37.96829855060119
7.674772480305749,3,5,3,36.98802637060591
17.985479468435276,16,1,4,67.2384946824329
15.714796763044852,14,2,4,60.93938495204281
4.147593984458749,1,6,4,32.84046161579649
5.017991106344471,14,2,2,25.513859026170923
14.921159169481804,2,1,3,53.261088851369976
17.813487146777685,16,3,3,61.59639157784959
19.377753537283986,21,2,5,72.61112945352819
7.713406035103387,17,0,4,39.97308792561572
9.560705419386046,11,3,1,28.749311022976055
13.711152924275805,23,0,5,61.05681376968888
10.543157585783135,1,1,2,33.86357213092951
1.1173508102344045,22,5,3,18.926553141263057
7.379746549609869,11,3,5,49.817973171964006
4.815423050827889,4,0,3,28.75437334881957
3.7093931265877282,3,4,2,19.030212335427166
2.7347026287093033,5,3,4,32.78395928478727
13.736914084031923,15,4,4,55.92172651190213
6.744805309179247,20,5,5,44.90299068475512
18.7701865221022,21,0,1,51.10308887750607
14.792785854713491,18,3,5,62.84790417066377
16.182722832904567,14,2,2,48.269570342239525
14.537683672102446,7,1,3,50.792707310036015
6.173960989048557,21,3,3,32.07778999587076
18.1552023390963,3,1,2,54.33261226771649
14.079170868248731,20,0,5,59.751823744044444
6.8625965239457365,2,6,1,21.874977437248823
5.981873477415945,15,5,2,24.2142220602174
3.5916614884980707,9,2,1,16.213342639837514
12.145049173972527,17,1,4,52.56716433294156
11.878649435178271,14,3,5,60.31686900437612
6.639635128372473,2,1,5,43.069452267600894
4.781292496207323,12,2,3,28.140391272618174
13.448096525858404,13,0,3,50.368834409979925
6.57345397509426,13,4,2,26.61295628775118
16.805803847344848,18,1,2,48.923771413854965
16.45230481837315,12,2,4,59.51026356524916
3.397353018903526,16,3,2,17.222080829254597
15.250078258971785,12,1,1,42.82730829393881
18.820713881288498,22,2,5,71.4353090448747
14.41690530459806,5,1,5,63.77934241746042
8.777230809433746,22,4,4,44.128801384692395
5.684794634116475,22,3,3,29.592257049782507
1.3398630977072659,16,5,4,27.446428252087625
9.334689327287895,21,2,1,25.699761375031272
5.833937018633444,4,5,5,46.051716366314615
2.9402507271081686,21,3,5,38.794194363659926
9.390156986575487,19,5,4,44.910099038425344
14.441495481598563,2,4,1,36.21966935495193
11.661662842715511,18,1,4,48.20205269241037
10.392199598382831,0,2,5,55.0208054582086
1.8239829843460882,9,4,2,14.694550420010748
3.1760236990658557,21,3,3,23.264628502525376
10.921788270173339,22,0,4,47.2712352756101
5.544162026338612,16,6,2,25.52766185496686
14.01404485775875,0,1,4,55.85936701228431
5.388570409842843,7,4,5,43.09742974153065
16.55086611667356,7,5,3,56.38171159144207
4.203692537301064,23,5,2,22.909272120234313
5.580807218587317,15,2,1,17.43232557360092
1.695935217533556,7,2,1,11.82533997337264
15.260400775798157,19,1,1,43.78153300699793
13.703697841930559,12,4,5,64.22457888350554
6.204961677647129,18,1,5,46.623528510146095
16.17301650535347,9,5,3,53.6361601072565
13.058310887380413,1,0,2,40.951070856472555
17.21769223012787,8,5,2,54.59916815625964
19.129714299811056,4,4,2,56.34111687659218
19.828157822359238,8,3,1,54.4564897244475
12.098717215854927,17,4,3,45.19106048862926
18.588630169706207,21,4,3,59.03863414972777
8.290981329642673,4,5,5,47.652980848908875
10.387871817309481,18,5,5,55.939291063649705
10.651865491239779,6,3,3,43.93698210619946
13.084624012779612,19,4,4,52.81041012198752
18.54694761535659,11,2,4,68.01831887401914
11.1802965751565,4,4,3,43.11801186561002
16.232056012876157,20,6,1,45.791946831625644
11.11148524974713,17,0,5,53.07713230967729
17.023721055702534,11,1,2,49.34895076985977
1.4566900724466683,3,4,5,33.601839649246145
12.41222731792395,10,5,4,51.77917116421282
17.581918815182313,7,1,4,67.37531398884009
4.709807436062672,8,0,4,34.510051160835694
8.548920416767162,4,3,2,28.831272403038557
17.580609270498247,8,4,2,53.53004040147184
11.947770919826572,2,3,1,32.96518106651677
7.554727053509872,8,4,1,23.431786746548934
12.911629788868154,3,3,5,56.91273609935945
13.074960331821254,7,2,5,60.09281449023849
12.968912724560262,6,2,2,43.09704245267987
16.283583015544977,13,4,5,69.44702222055201
6.515159595885085,5,2,5,44.175976197951954
5.130829187074244,10,3,2,23.555242947595733
12.90862339615114,18,6,2,42.85525861871475
8.727240789172464,17,2,5,47.43299009737741
2.00121434706812,15,3,2,16.22156047064035
8.163855102779857,20,6,1,25.866991045982136
15.640273827039312,18,5,3,53.82646370361341
4.929916218444441,20,4,1,15.161158524916303
12.422734865290549,21,6,2,42.181979570911494
2.5841319697482836,12,0,2,17.422572828452918
15.27778590478784,16,5,5,65.19371929650505
7.478335350301627,13,2,2,27.205660592105186
1.5043922166599901,19,1,2,16.578764732174264
6.387723102154801,8,0,3,29.75596667580371
8.478237936405309,23,6,2,31.372308176456173
19.697881626957127,23,3,4,69.02528539834988
2.1361736456375677,9,2,2,14.762008992099913
14.9674026093159,6,4,4,61.208450191173654
8.81371978694819,15,1,5,50.77478791122927
4.871705709758521,19,4,2,21.69795819209887
5.4682404154458855,12,3,1,17.915361095133555
4.889875696549675,15,4,4,33.36469422416749
19.38444783088777,12,3,5,77.18268704561147
6.009321569048748,22,5,2,23.13737228392475
15.179656581009322,8,2,2,47.21839268136701
14.17234503790519,16,6,2,47.36780767255232
15.454288285416983,18,5,3,54.499031403626134
1.6232226863587251,1,1,1,11.694155565731307
8.90614384391985,21,0,4,43.389597435135904
18.640439759531024,12,4,1,49.669709032329536
8.750183700157173,22,3,1,27.815328893207464
2.752248259967509,3,1,3,22.36984323684236
16.053232950593667,17,2,3,55.531907259702216
7.296259606071001,14,3,4,42.426908190916706
14.416295722906987,13,5,1,40.3341822798575
1.608583406350036,10,6,2,18.574079886180407
7.1374064457984225,21,3,4,39.70591185646804
1.6250329047333194,21,6,1,9.272876322553575
5.812064386157469,22,3,2,27.17881749816967
6.914410919524794,3,5,2,25.079682415457498
14.534527085072257,1,5,2,47.27094468169027
3.0336469134017996,17,5,2,19.20528609298128
7.365317758676075,18,2,2,29.31787763762814
17.67532353822291,10,0,2,52.83221917100628
3.8229086405108004,14,2,4,34.17166693544655
3.3162186919363226,22,0,2,17.278586170925053
8.37189053012991,10,2,4,40.958367606529066
2.420889467296241,11,4,3,24.047047234537455
3.5935138550570587,12,1,3,24.04196505629902
13.811896803905555,12,4,4,56.36312897807051
3.2245213837128492,23,2,1,11.476959276069259
19.299632249917195,2,0,5,74.23353699064373
18.499349283452407,5,5,5,71.28078712469615
16.52281755713865,11,1,2,51.74079650588955
5.27344638348246,8,5,1,16.493939896181754
15.80468958811662,7,0,4,62.41270046909182
11.988439792874324,7,4,1,30.8370681453151
10.013981452277616,11,1,2,32.106036629898014
13.88154666002396,17,1,1,35.78718681818591
1.0002547048198278,14,4,1,10.905698201962348
18.026271778014564,16,6,4,64.87584075965711
16.116678197634428,20,2,1,41.9983430461498
14.507523863518854,5,3,3,54.07996255051127
10.603109727191447,8,0,4,50.133554236587834
11.643362975301308,7,4,3,46.14478017810375
18.7520521800201,6,4,1,52.01690367909343
5.083453098110773,23,1,5,43.795832368959715
12.615121509059174,16,2,4,55.95827648991088
18.949230501149497,16,0,3,60.19168835887365
18.68889360935321,17,5,4,66.80685440263103
18.373308022779383,9,4,1,45.35375162107306
3.3000419250072714,11,0,1,12.647288411179542
6.752980145555017,20,4,2,30.250861764848572
19.331654415007975,18,4,1,49.558377098243696
6.193275397616127,6,3,2,25.69899110001898
9.87754569695355,21,2,3,39.25343971881157
4.687684357435142,10,2,1,15.567356378583167
11.756023875360762,14,3,5,57.376664995410394
9.044140976741524,9,4,3,37.77183450105436
11.24152339106179,7,5,4,47.78447720811057
16.848114513976405,11,4,2,51.229998104384144
6.01814348028862,18,3,3,30.18391222835937
7.715214876268772,18,5,2,29.578819741246384
16.660793787356788,21,3,4,64.19602216653594
13.054669098284062,2,2,2,44.6408941661367
14.71990905556758,22,5,5,62.34660075992737
13.971522194858457,20,5,5,61.067046924855546
19.564743565705438,16,1,4,67.72064696670827
13.155967598734142,3,3,1,34.60654537912045
10.917296782663891,10,2,1,28.352893327697057
10.66320266426323,14,2,4,45.64614038439055
14.034275688533254,11,4,3,52.42805593177984
7.026387478930289,18,4,2,29.22497382498657
10.172637891722028,12,6,1,26.420856804658936
10.895750355552813,9,0,1,29.18842156217331
12.37670141450244,21,3,3,43.95351559496974
17.04784946943633,1,1,1,42.49092191432089
5.506357931042145,5,4,4,39.49437447620587
15.74613711727737,23,3,4,61.85196648151783
16.50370111515832,19,3,1,43.22569991221904
15.357090408721874,16,5,4,58.01574600016697
14.596827558815365,7,6,3,51.058917969292764
19.600692282929902,7,1,2,54.65076842126534
15.75384955050545,17,6,4,59.47587381049936
2.1355466609549993,7,1,3,25.299238883229556
10.399272339906625,9,1,4,47.98615585429906
14.746729327132588,5,2,1,42.86859645277438
16.869047457026852,22,1,4,64.92541530610423
16.14521634919535,10,5,1,40.923550771217855
5.176431061855444,5,3,2,25.796677607268606
12.816195876187631,14,6,2,41.299469164189645
12.591328184217199,9,2,2,38.474272961380734
13.443726843525623,12,4,4,55.29138663808262
19.067399828730238,7,4,2,53.93066581721519
14.458291479743355,1,5,1,41.78338754439919
2.4887654078161567,6,3,1,11.384722191035245
8.191174960532672,15,0,5,47.21233368627275
6.816955502578856,12,4,1,20.9647201288982
8.380270390512177,2,0,5,50.873365955085234
12.556981030629222,2,2,5,58.132860939141544
2.854595821031578,7,4,2,20.707330273757076
1.7267849957383725,13,4,4,30.28628504105676
15.954891565369497,3,0,1,41.87939882696966
16.643480194907298,13,4,1,44.293906737894275
9.259240526703437,1,4,5,48.957218990442556
11.90899565730139,7,5,1,34.0231586716035
18.612309077938782,3,6,2,54.6921052266778
15.675154073289262,23,3,4,59.111892879212654
19.53384277090654,23,6,2,58.39952401150698
17.715181811294737,23,5,2,53.21814502951923
2.530023879230187,1,0,5,36.427246009779886
2.983560659940919,19,5,5,34.83794847323664
9.621492280308917,4,6,3,41.759355451270416
4.799363807806095,19,6,5,43.40295448200285
18.95383795728028,8,3,2,57.925536625685254
3.2958078774413107,20,2,2,21.062919196093986
4.202341378359033,19,1,2,24.313284489073467
14.854674733669057,1,4,3,49.70975958115745
4.455815863169807,19,1,2,20.126160592380963
5.649012253823311,15,1,5,44.16228445520538
7.480794046995477,7,4,2,27.642349303865572
18.63781443442374,7,1,2,54.88633688419977
7.578588816886732,2,5,1,25.339516936234922
5.173096086409644,11,1,4,38.36466643856835
6.246799246857011,10,3,1,20.555316910472566
7.808029159212354,10,1,3,38.60301884537736
11.280652313164552,8,3,5,53.227774650919706
1.560042862610557,12,2,3,22.68658108891746
13.224974483845228,7,1,1,37.960967956604655
3.9215469280142234,13,3,1,14.893529390812619
4.362184372623566,5,2,2,19.461083039561604
13.322719835670698,21,2,5,62.08243194852719
3.2828591649554726,14,6,3,27.885198091659127
14.994608740489845,22,4,5,65.48526016260423
15.912411304766119,6,2,2,51.19943364951708
9.877279643621874,9,3,3,40.12944113448968
16.842924046812676,6,6,1,47.13825877492168
16.53087264214904,9,3,3,56.57316798245954
17.945897941291104,20,3,2,51.15580800306784
12.06405404348344,3,1,3,48.03065733198168
5.755671287869557,15,0,2,23.979771276135956
18.70581595961127,10,5,1,50.19739136464116
14.366791729320475,9,2,1,36.89370342938925
9.981425608714403,11,6,5,51.13760321651458
5.158809832477823,14,5,3,32.49531528223244
6.276712677727009,13,6,3,34.972479679626154
17.128690352989043,22,2,1,42.77340410453514
1.7998366309295142,3,6,2,17.037541770493554
19.145925721193272,4,4,1,50.41897380556708
13.52222269112242,4,1,2,41.038415815382095
18.984166984599817,4,3,5,74.39560523612374
5.206700147111394,19,0,4,33.819323587123336
7.76531524205767,16,4,4,41.40782980515266
1.2727982714669765,13,3,3,19.561550718908503
9.678163969725617,12,6,5,54.16182856646606
16.38259192131101,7,6,5,66.82015874920239
19.36201937611717,12,6,1,49.58578369245934
1.5299079212189655,14,4,1,12.344685511091704
16.769500280460957,11,2,2,52.5642443720263
19.68569925511227,7,0,5,74.9533877584843
19.07511519075297,13,0,3,61.9159783511618
7.86470679603805,16,2,5,46.46946015245446
7.052186673973695,14,0,5,43.729005674444736
11.133424272683705,6,0,1,32.91887911555445
4.376715561263007,19,4,2,22.5072210729531
11.954526354317416,6,4,3,47.77828601391345
2.3968271831396186,4,3,1,8.85531288956726
13.40681730175821,5,2,2,44.62834894702951
6.071697173278036,16,3,3,30.28685487746619
5.639208160724723,3,3,5,45.956719143763294
17.14457001025517,11,5,2,49.29045314092318
6.058029749848293,6,6,2,24.896753505179685
5.2724744024802925,21,1,5,43.55014042076432
8.45596491553906,5,5,5,50.1625209692261
18.190180171951727,4,5,2,51.13759673222002
6.755129421562345,5,3,1,23.70424866699631
18.60987741713913,1,5,3,60.25831420720473
4.317324537993564,22,0,4,35.21992878261115
18.76560527490274,16,2,2,57.54696423738423
17.252086379821133,10,4,4,65.0798663678272
17.704474941314537,3,0,3,58.77026940635658
16.18323943135905,21,3,5,67.55009171012186
3.190457792297778,2,3,3,27.04663995076612
5.384065391902375,23,5,5,42.120430094547565
4.734013203846434,0,1,3,29.782356446375307
15.011681604974926,19,6,3,51.47571064871436
10.66246548225039,9,4,4,49.5583762141041
4.068281073774973,11,3,2,23.41036926231748
19.639721546670536,12,2,1,53.103552937276184
11.6446990180035,6,0,5,58.74244700823819
18.88693684740675,18,5,2,54.23080598596916
16.399426849300866,12,4,3,54.00701291625403
7.0297645435474045,0,6,5,49.16571479126147
5.251765575187622,12,4,3,28.20547400560364
9.874188671931115,0,3,4,47.3826696362719
1.239676871837013,9,3,5,34.7955152684024
17.81242488615793,18,5,2,50.940647963846544
14.62286734413422,7,3,5,61.510882893074566
6.555623513852563,18,0,4,41.561505610657235
4.966286960777219,12,1,3,29.768666852328153
13.30019766963212,22,4,2,45.3644059957835
7.1235195911052385,21,4,5,45.273020210484475
16.72204698122954,19,1,1,46.053797658149044
2.172475526597678,10,1,2,15.449788574561339
1.34995678041148,1,5,2,16.47856112618618
14.084199475344287,22,5,3,50.97162015044388
18.082515148033924,18,1,2,56.21193502817286
11.472277218010612,1,4,3,43.08009868976784
12.234364928052946,5,6,1,31.589708358413187
9.747097462893556,22,2,5,51.606068872504856
6.804182494643301,3,1,2,26.22694439384833
10.167153908671377,8,3,2,33.944061604291555
10.403407551008621,8,4,2,36.17883790096793
12.681742176759794,5,0,4,54.64214142794379
12.827608657323156,3,4,5,59.903868171228495
19.19807248996329,15,6,2,58.92921525820475
11.576868881348275,9,2,1,35.365266509851075
3.146525194315136,3,5,4,31.068908246825462
6.022011242993042,23,4,3,28.97330780730967
5.313277801453529,6,5,5,44.37610471135644
1.551897851510442,3,3,5,31.712342084412278
15.932931809321335,10,1,4,60.960888435479646
11.965704265005282,3,4,3,46.13880904448935
2.3372986727793856,21,5,3,23.375665899124556
5.297331302362705,23,1,2,23.731110585928732
3.897605744544567,14,5,3,29.58573486390569
4.699876147872159,2,2,2,20.57568783909519
9.963632467385553,6,0,5,54.780264607658324
14.313462443524081,2,2,4,56.57011744441137
18.064524307832862,23,3,5,72.00549510519483
12.706473384488318,20,5,4,55.86544401405038
5.1133046389771,5,1,5,43.76036867332876
7.25025946486138,13,4,4,41.837931216525504
18.057687477187002,1,3,3,57.425012874584056
19.810407691126326,9,6,4,68.97895758773527
14.839513308809371,3,4,2,47.736819887393125
13.334920770487756,1,0,4,56.080905595160374
15.259394040772861,18,4,5,63.238365096834016
7.352628743722642,18,4,5,48.276505974107216
11.228636236167402,11,4,5,54.19849161657315
10.682133937976111,5,2,1,31.46904237940291
6.314758296832677,10,1,2,23.709040910905845
7.808334134384138,0,5,5,49.562981128635705
1.2870622214067224,22,3,1,9.172490596846043
5.687620960127071,14,0,3,29.687031285117534
10.216012177897841,12,5,1,31.680325762666612
4.865246807104073,19,3,2,25.866028425679986
11.240453566301776,23,0,5,53.113936295701244
14.520085115351925,20,4,2,45.37178904953342
6.7079191446914415,7,4,3,35.110926379139244
15.339331643901334,23,1,2,44.40336646744636
3.5687572912549834,10,1,4,34.787032345172356
19.56058517168454,23,1,1,51.8714991636256
9.132442654276062,15,3,5,49.183521457605465
3.509925182631447,0,5,2,17.1078315892948
5.795265603545827,3,3,5,41.97633488660157
8.42487686627178,14,0,4,40.599381787400475
13.23322875110153,2,2,1,33.978582264904716
2.2451583098275485,22,1,4,28.740998856124456
11.356551829111483,9,3,3,44.97905139099756
4.045227835767866,22,3,3,29.562664409608868
4.2585526191306124,0,5,3,27.462947792648773
5.049089950373689,2,6,3,30.617800147980866
14.375863419533369,7,4,2,47.19727416320266
7.341511115759332,23,4,3,37.70836474510414
2.0391491692570605,13,4,4,30.32569043727596
9.390723878477088,19,4,5,52.33400438415371
17.67309650253755,7,4,5,71.6220455624912
15.727844681727385,22,4,1,41.90883214176294
13.65111584819727,9,3,3,49.204511705552406
19.814804342691865,23,2,1,50.68942577660863
12.507383348553782,14,4,4,54.246794376124804
17.090137125215133,10,0,2,48.53987538349836
5.85689510001467,1,3,5,44.57526383998636
16.80210193388945,1,2,3,58.54756193563677
13.001202515650427,7,2,5,58.396344914944855
1.7819313761142195,1,1,2,14.437418578737791
15.594040260289296,21,3,5,63.92155971665814
6.936733863871502,16,2,3,35.58410902983571
2.5691488780150737,10,1,1,12.416760862643887
19.346554479762148,5,0,2,54.78129534805696
8.905105262947885,10,0,3,38.53691889047713
2.3725011958950226,2,6,5,33.34488957836752
14.552273179410374,4,2,1,40.25743494777887
12.972605767286911,7,0,3,46.889595306639244
19.177415247853475,23,2,5,75.19707281181674
8.790758112424458,11,2,3,36.60781273639878
10.056233632778223,8,2,1,28.62156964518308
14.781593496105097,8,0,2,45.02404797870635
6.393732990329867,2,0,4,38.25960375564321
5.6927030170411195,12,3,3,31.43236185795472
16.68183828176284,20,6,3,55.62305043586315
5.991962538555588,0,5,4,38.711290408191275
12.662025860508463,12,6,4,56.04413248884655
7.2431489990765225,2,6,1,22.711496054739904
1.0544511721448773,9,6,1,5.999930463551507
13.226738145543292,6,3,2,40.18899127541115
9.647404288243328,16,6,2,34.582431795562506
6.228580287940125,7,4,4,37.48964547955455
18.35654030624191,0,4,3,61.916910952707624
2.956880476291632,20,6,2,15.906319929041747
18.78623205108863,14,3,5,76.00495302606214
17.688315539774962,7,2,3,56.28502867188549
4.308570109639472,0,5,4,36.547006970317824
4.885600241375634,1,6,1,14.7821876392935
8.06828060835592,11,1,3,38.995125523286646
17.84302091420593,23,6,4,62.08344812955348
8.580413457369108,5,0,3,38.139533637981124
17.501101986780817,0,3,5,67.52783691208079
3.2690661239848637,4,1,4,33.48943772611011
16.398507387762123,8,4,2,47.61988896617945
10.49071692489487,19,3,3,40.57710346726111
4.225783221787537,19,3,4,30.937774134309766
5.680846923841797,21,3,4,37.2134005368085
7.450173745531915,12,2,4,41.34615332527854
14.632852952136654,11,1,1,38.36778359838457
13.84710423133977,17,6,4,57.43165497692391
9.53540203180486,14,4,3,41.90480241721421
4.769350714991187,20,4,3,31.907970510052827
15.28517455459586,19,0,1,40.255345171811356
3.388279293812796,15,0,2,20.922113389416406
5.627947747269615,23,3,3,29.10271334016286
11.360155992842465,14,6,1,33.904430139564354
14.072686026118147,8,4,3,50.15539136074375
6.308144957743087,17,4,3,34.693020541719434
15.868567719626178,16,1,3,55.471841317306115
3.6718943331258793,3,4,3,23.962242717916958
4.047270959596335,3,4,3,30.14206594157783
6.880348537584106,5,6,5,47.1941511140194
3.237124226537462,7,3,3,23.02357111547961
3.9431552860860295,17,2,2,20.59908680162785
8.162150875236074,0,6,3,35.71953307985727
11.978562294796431,21,5,4,52.9019896332062
19.800127917015324,1,5,1,50.052813899159695
8.597153933575814,20,0,4,41.97317363594261
16.562370816361792,1,4,2,50.24385301306622
15.467470922294261,12,4,4,62.468577020665776
4.790523100269288,22,0,3,26.81783024531672
4.123336468692852,17,3,1,13.377060172552195
4.581141730505406,19,5,1,19.023650790224874
11.2171259637497,6,1,1,34.16375048737302
3.02858797116606,8,0,4,30.05549978153848
7.653258942741843,8,4,2,30.353537352835023
1.210440954436145,18,3,1,5.831595072800294
8.505982509767275,4,2,3,35.313406469650374
1.4308109917776526,0,3,5,32.33133794772229
5.248319002826215,12,2,2,22.285019772801125
7.187410943096185,9,2,2,26.931794597783448
10.516302201672708,8,1,2,34.29407642978212
19.85900217731905,12,6,1,51.93868494678413
2.454728334077131,11,2,5,37.52249920277349
11.191196089403276,16,2,3,41.555696190246884
13.333431223752154,19,4,2,41.99303850725276
19.305709813810772,14,6,2,57.3585723203595
13.866379491496074,22,2,5,63.91652793853197
6.89209491681145,16,2,4,39.63730941065129
19.950261392275017,3,2,1,54.78105757933102
16.274221741964688,19,6,5,70.31386090186594
5.15815803722689,2,6,3,29.864427153219097
9.252353087689034,16,5,5,51.645264739496255
8.487192520588962,3,1,2,31.854081880784342
16.719190230710687,3,1,3,57.990415927278534
9.569132365547228,3,4,2,32.68343206460827
7.0679503960214465,21,5,3,31.773198344694883
2.8725426760891724,17,4,5,39.2367007374516
4.727837397481217,20,2,2,22.3715561645237
11.741836890099949,10,3,5,55.88313210750307
6.386392981517279,15,3,4,36.480483028044404
1.0525880823703428,22,1,4,26.402398189044476
1.7555248027856205,11,1,4,26.138066930536592
9.51203196811434,5,6,2,31.047268268951456
15.23661896493572,9,4,3,55.67762996143306
3.1485739404543036,16,3,4,34.17554838623554
5.773717246295762,5,2,1,21.84044318648182
10.56187559164901,14,0,4,48.21169517126637
6.576835824665937,20,2,3,30.37049521687857
4.489043649081299,7,3,1,18.663360477080587
11.678428190912896,3,6,1,32.462294663670434
14.421231636200288,18,3,3,53.01106408317918
9.096492151684306,23,5,4,42.0886363132585
15.016191772668028,11,2,1,43.277876033894195
2.6692820805487156,11,1,2,19.343259658439678
9.735821831828856,6,0,2,33.17123667753274
10.106781458991982,7,2,2,32.39403094747697
14.299809013986595,5,3,2,42.332526564007225
1.7391532856300342,15,3,1,9.227150816369797
2.4201460199281346,5,5,5,35.984299615520065
12.839913318259992,18,2,4,54.46645132508074
14.350689093247432,4,2,3,49.30775799574235
17.18174869208604,4,5,1,48.29879480829163
13.817964902021986,16,5,2,42.99588717952781
10.490136640965945,7,3,2,35.11596519564359
2.4066814147636384,9,6,2,18.5098820177853
7.1730181770824295,9,1,4,41.84138870610538
18.46053931907727,4,3,4,69.35222618382663
6.581895601563433,3,5,2,28.549287679610917
3.6847682426386754,13,6,2,18.959642960730687
9.22566641826204,23,4,5,52.762266510770615
17.40946631506563,20,0,4,61.41697980385498
6.189244616826125,15,6,5,46.70990683393751
17.50383806532129,2,0,5,70.40442546562208
9.38067309414506,17,4,2,36.21676049102282
1.8502379340860804,10,2,3,21.582542246539397
19.842834828191165,13,5,3,63.22929619834457
14.175536251254794,12,6,2,42.04708422383243
9.394691894940346,23,2,5,51.50193413588196
15.704000835505441,21,6,2,47.109975371778276
5.416699309863057,7,3,4,38.89500035961875
9.233442195942303,11,6,1,25.357837768482252
16.073408990565973,17,4,2,46.787364482161706
14.993536941964964,1,5,2,46.81723122423469
12.938511409439142,0,6,4,53.616768117905266
15.29925853063526,1,4,4,58.37791727640153
5.934968590958945,15,4,2,23.690725853247134
3.7061707629992173,8,0,2,21.099075953763638
11.430882040311342,21,2,3,43.439547235261614
4.913895611641367,17,5,5,38.52876983325264
5.420237940239678,12,6,1,18.306477551519315
17.944935164532,0,6,1,48.43658509589133
2.8108253184618666,2,1,3,26.63187911269676
8.254225572479502,10,1,5,47.84085930681927
9.018688939473307,14,3,4,45.937773263078135
12.016044150876986,16,5,2,36.975487062447726
9.413382351023756,19,0,1,25.671959087465837
18.82064564475081,6,6,1,47.62347493354069
1.541320320772067,1,1,3,23.96671446195114
6.484201222343916,18,4,2,24.66130091784076
17.589044907040105,11,1,4,61.800155298981345
9.66251770923425,2,5,1,27.536780172442157
9.627508157345053,18,0,1,30.279667109609058
8.144164382428567,12,5,5,47.72560597193199
10.186722959652197,19,3,3,43.57919409149375
2.625440510032623,18,6,1,9.215103399437998
5.937858032994717,10,5,2,26.535782013892664
2.0729662785669585,0,5,5,37.6654908613058
7.4107498296686405,20,5,1,23.00003041017292
19.770701781196653,15,2,1,50.77239992584481
9.54216591579926,6,4,5,49.34155131512887
3.1529393945944686,13,0,4,31.639025739068472
8.29382890904019,9,4,5,51.0839114097371
11.016525072393087,5,1,3,46.15238732008748
7.078691667326775,11,4,2,27.71621095987019
1.025443623091662,12,3,2,16.51547397408846
11.836181552522447,1,5,5,58.02070754314376
15.213207952341525,11,5,2,44.762562849487416
4.0987890701008,18,4,2,18.824191742762977
2.5974953876850315,9,1,3,22.76698373791712
5.023791960639291,22,0,1,17.593071561571204
15.75979610749289,1,6,4,61.194898121883554
7.614146846125079,2,6,4,40.352614399403244
1.7036249136496424,7,5,2,16.585266917465553
12.778647122460473,1,1,1,36.046680538655984
18.466243277849323,3,6,5,71.72304267084107
11.849444499130511,18,5,4,52.954842991507306
13.924882397468414,5,6,3,50.57592098354482
11.610675940590836,6,4,1,30.001382168406646
10.65575532108459,14,6,1,29.492596482187484
12.709060879639756,10,0,3,50.19569029431641
12.94245513815657,23,6,3,46.46854667323003
9.473987871276217,8,2,5,54.382887641869345
6.7223376460438065,12,6,2,26.74210851771623
4.209546855380449,2,3,2,22.94889228865802
13.210588452995644,17,5,2,40.02978950088371
18.95425848455949,3,1,2,53.911801060748935
12.412147963955661,20,2,5,58.52494854866033
10.21764012334044,19,1,3,43.57906786055408
19.486877706331665,10,3,1,51.28673736033469
10.045760858838232,10,3,3,42.86791981963594
19.986411642495035,20,4,3,64.52930200551474
6.637615720701084,8,2,1,19.888192678659163
7.398534822287111,6,1,1,24.364886700526903
2.7520815279860513,22,5,2,15.345996904394974
16.027539422342606,21,6,3,57.300681647906785
7.795803698658055,5,5,1,24.49734694521331
17.18099649085044,18,1,2,49.03466310406355
8.454698687960201,3,4,1,26.7994396408478
3.4340004825378982,11,5,4,29.303562820203982
2.6820828199225897,6,5,4,31.62378794462702
6.245328176093725,6,5,4,39.26205519188786
18.98505436876037,20,6,4,67.93309197603115
4.968834219065323,23,5,5,39.88135203210387
18.019747482072848,16,5,5,72.40151716859701
3.87261221733152,14,2,5,36.841395734547675
3.0764787769800304,4,3,4,33.570773878860116
1.315301760034265,7,2,1,10.372608959983406
17.747290458107532,9,1,1,45.50016227689671
15.886018920402917,13,0,1,41.96093550381318
7.065514945300862,2,5,2,29.222040519645955
9.05445538448327,16,3,3,41.21137609060627
7.246845556349513,19,0,1,24.364497240956318
2.8698106341733025,4,4,1,15.537851834998216
1.9394460643763192,6,6,2,15.79033480914634
7.55859229438172,6,5,1,25.64549037612089
9.176431447510769,19,2,4,42.56879013017106
12.789995148025039,18,0,3,47.68761280457914
19.580733333765906,21,3,5,75.46150157428552
2.096720663875513,6,0,3,19.995448174045972
11.43098586180881,4,5,2,41.187375783838505
7.949736403066357,19,6,5,48.39685714177681
14.959189523050323,5,3,1,41.41364428857166
11.083970799437566,20,2,4,51.65948046213995
5.262310415020204,11,6,2,26.01483672595272
12.81545982763744,19,1,1,33.35370350580056
17.960578536056357,9,6,2,52.7759570332814
14.719115785146137,21,1,2,45.84934273645437
18.94136754546495,15,6,4,65.32127361330869
6.434922976771853,13,6,1,18.592416401579367
19.31440468435708,13,5,3,61.72186545070988
14.485004946963125,19,3,1,42.14779311816056
18.287822410942344,20,0,5,71.39402776192685
8.050836855642869,2,4,5,49.99658814411167
17.153420887545835,7,0,3,60.39403167774378
6.067486220600619,11,5,2,24.100388645608767
2.8899603686811766,23,6,5,39.330666262260465
11.366745383510134,18,2,2,39.27296201713685
19.565317499373283,0,5,2,55.41036397162927
5.43923947018164,18,2,4,33.63074986226721
19.787674716445622,5,3,2,57.10624580480895
17.824264944251457,22,4,3,61.66823151217979
16.69433299835747,2,3,3,58.60125995186183
6.85689266075774,16,0,3,33.24188702966033
12.85024467082291,3,3,2,42.372306180193725
2.0422333123371237,1,4,4,26.3514967373036
8.549272858521512,1,0,2,29.68192821366188
4.82950539106424,18,0,5,40.91117436060132
15.38313733055651,0,6,1,39.80802516211782
19.59451594377344,9,4,4,67.75759547697675
9.63235066957188,5,0,3,40.978702014404305
10.892106330247543,21,2,2,36.707403194920914
18.043409668705955,12,6,1,49.708268490603956
3.2750159392170963,21,2,2,17.865448997337683
17.164481957281062,20,3,4,62.285417019285816
14.06538797988979,5,4,4,58.54942008222219
2.4756238548030147,23,5,4,27.351010812813172
12.983158962903802,6,3,2,41.47937639382636
5.617452511544878,22,1,4,35.98313376636956
7.83827812975621,8,1,5,50.989916409116184
17.586172047015392,17,6,2,54.38624357306264
14.282570228011172,21,4,1,39.764684743213294
3.79613704706662,18,6,3,27.149429724254865
6.029639953249515,5,0,4,39.87023904426871
11.10634289277028,20,1,5,58.50001007642713
18.61301370186022,5,2,2,52.39015270678689
5.21392500320277,7,5,1,15.498742473390262
13.391960074181256,6,4,1,38.51144384102207
13.141274892872636,21,6,5,62.11437949443946
4.836477725837635,3,0,4,33.34582554820565
14.690373102877716,22,0,5,65.06842025045118
3.369532399531369,19,3,5,37.33711917523985
1.7469245338260684,21,6,4,28.41919251718612
14.154073700914072,3,2,5,63.909241087982906
5.241301175195628,16,4,1,20.54054638552233
16.951275273948333,15,4,1,46.79690287460268
15.73364955964174,8,5,4,58.93765892108451
13.542705132162185,19,1,1,40.004727153734436
3.807508028665068,8,6,4,34.68685484242661
18.307670817496057,21,4,1,46.85597761309517
7.706089886081644,22,5,1,24.31965345435248
5.585432718074903,4,0,2,27.340972036487983
7.447919348462096,23,0,1,22.083310706081743
2.33060535704574,12,0,1,9.565711694255082
18.95657380584416,5,3,5,74.98493549256233
10.3909101969717,6,5,5,51.54910296198767
8.290608244551446,7,6,4,41.40097912532485
12.358616316042989,9,4,3,44.34515211681031
4.74722986373431,16,0,2,24.398562809644982
13.050539886067185,10,1,5,62.19775774427774
12.426873760808645,8,4,3,46.91816246399527
11.847881690172793,14,3,3,42.35178793212349
11.38602661138501,12,3,3,44.91132175971851
3.1716838826670113,2,4,3,24.214187603067735
5.448325917208732,21,5,3,32.20386240580402
12.209779894043587,16,5,5,59.236574207348234
19.44113995552253,15,1,3,63.84423762826556
13.14231368955422,15,6,2,40.48267741165361
19.149790029536316,11,2,4,69.24866632724289
3.1782762539242966,9,5,5,40.23638207314267
17.870754789468776,22,6,1,49.6653568485263
1.6898016367302293,3,5,4,26.10108395710282
6.26083560843429,5,5,1,17.963409092171524
1.9495776103882072,4,4,1,11.255400563512445
1.9057060695027048,21,1,4,30.36091375915976
19.24796468391303,6,5,1,49.05314056141225
5.792566477744771,22,3,5,40.42020433987193
13.081211152303093,9,0,3,45.995671248437624
9.435916264431594,18,4,5,50.88404766056611
17.729312653299395,8,4,2,53.91199266922954
3.350885254703351,10,2,4,28.818001050256175
13.790899523246297,3,5,2,41.673462018931794
6.3633581821873495,17,2,4,37.086454415341656
6.248365136480158,20,6,5,45.97305505656119
18.619775954328063,1,3,5,75.57994133372559
14.06162917035752,20,2,3,51.94915265837005
4.70502952588554,10,5,4,34.237281213269114
17.009389555931048,1,6,5,70.67346803157689
14.568404610937238,1,2,1,40.3338916706603
10.230179168213851,14,4,3,39.407922602585856
5.129134258760057,16,0,3,29.85386527880041
13.033397138867814,11,4,4,54.16230380585973
9.21022723048595,17,4,1,29.8979341080316
7.818542268170919,15,2,1,24.520508118859702
2.4058176748393487,4,1,5,34.003048307211984
10.605532096738791,19,0,5,54.81742026115826
13.16534504615122,14,4,2,45.2201743950051
12.409932070772475,0,3,5,59.5244011693935
1.4371420589929798,17,1,5,32.341786047480014
14.2711380450042,8,0,2,42.14054340002095
9.941033195617273,20,4,1,29.165062506606564
14.594216477696301,11,2,3,50.79219545731303
17.92241704019781,17,5,2,53.53032877349784
12.800386941291988,15,0,5,57.81596894184495
7.314783029137464,4,5,4,38.343010440069264
18.10225780956501,17,1,3,62.52066868975856
1.883072023395707,7,6,4,29.96175856338683
6.3710849469748645,5,4,1,18.369893816085618
4.440414514549739,20,1,5,40.42003968072991
12.934349468235972,7,1,2,42.34638029708086
6.2143113290949135,19,5,2,23.469840787630215
16.273493081819073,12,3,1,43.28474815466493
10.732325250339095,20,3,3,41.90301044557593
14.771556681842718,19,1,3,54.37593166095673
16.62994598001974,1,0,1,41.61502623133769
15.220750267588041,11,6,4,57.983774915160616
4.627966776506968,13,0,1,15.208199121101606
11.784972994812886,9,5,5,54.35434059094205
3.5244292671344915,7,0,1,14.739708670820393
14.020904387670637,10,0,4,53.305398098528244
7.902310317579209,15,0,2,27.546307723477447
11.598293579871733,7,3,3,43.6039745987491
17.570690081050977,7,6,5,67.56446412114302
14.623656550334927,0,5,5,66.33392137199564
2.0809580958398217,20,3,1,10.973142662840573
9.14133748031911,12,0,2,32.67240582476269
9.253079671483782,9,3,2,34.51369645423514
3.4789857953491254,19,1,2,19.667084595723846
12.80110340093907,0,4,3,49.46705409323863
17.60047027602254,14,3,5,73.29277861786136
1.7443590669528541,18,5,4,29.347405227370338
15.50357155038692,19,2,2,46.27566696483416
13.033911074258228,9,0,5,59.311340919738186
16.222065711883545,22,0,2,49.339080228221704
11.25329443945428,11,6,2,38.931829362134806
9.118529645425333,15,6,5,49.36176546518093
17.633024490061743,0,4,1,47.542602815249374
10.70605397393807,13,1,1,28.455522101936893
3.417818760501037,10,5,3,26.844847502517002
1.0327353519275178,13,6,4,25.563287661449465
5.137067304774543,20,3,5,42.06095848318909
11.736221029707082,4,1,5,56.24611081416552
14.97500341802613,18,3,2,47.75673589980937
18.472315236729507,2,4,3,59.43570929577227
14.95266823871347,3,4,2,46.86284133647914
17.093206594634953,5,4,5,68.80232160097462
11.647975460164371,19,0,2,39.52866406375313
12.156530719261808,4,0,4,52.661377923087485
12.722272184825053,17,0,2,38.95441230390988
14.148712703530368,7,5,4,55.80709156027194
16.313890517252027,8,3,2,50.96739401439982
5.41666439205274,4,0,4,38.149843390994896
10.448872416146871,14,5,5,51.82623741986107
4.234041659513051,10,2,1,18.264945182728937
10.44948268779456,10,4,1,31.59707736410769
5.233471858655158,3,1,5,40.5506468923713
15.828014402291503,19,2,2,49.17471368321684
7.086693188844248,21,5,5,48.611558841978926
15.447420496366817,5,5,3,53.2786174391101
19.91859125884488,20,0,2,56.135126615611334
19.111116803913642,6,5,1,51.203788223111125
8.450084722275887,21,6,4,43.02533703687568
12.534364916031418,12,4,4,53.48554087041042
12.447759345057918,21,1,5,61.51050044526566
7.678427623097804,7,2,4,39.43853018557331
16.168205808863924,1,4,3,53.71476621602731
11.57988210461887,12,3,2,36.563772101387656
13.504334965828273,2,2,1,35.95634109171084
6.951122382097976,17,2,5,46.376270750074276
15.887846495537994,17,5,2,50.92154627424414
4.473714911826972,15,2,2,22.516088727409
1.34125376970985,10,5,4,24.302471738954107
6.461092706405584,5,5,2,24.70349240199917
8.696957921847549,14,5,2,34.302731716140954
13.342438901986394,17,6,4,53.01283747135567
7.774102523544644,19,5,4,38.91458323406127
17.774130315801344,14,2,3,58.321951583102326
10.844604262596235,6,2,2,37.453682463075666
14.159180714121899,22,6,4,57.77724121154573
13.26203999448453,0,0,1,35.78736736309397
18.611095108989712,18,0,1,49.778639182682994
2.484422273699635,16,4,3,20.74958999942579
10.229312697735113,1,1,5,52.909239725622285
11.023520787170764,13,5,5,53.90573872606172
6.005377649486907,4,4,4,36.244760162276265
1.8497302020119422,1,6,1,12.209528937210216
10.859104569632262,14,5,2,38.77578866399703
12.412564992403732,4,5,5,59.28854408667742
2.2300078601125053,11,2,1,12.360710856347303
13.44478894900677,2,6,2,40.887852042848884
14.602239437996083,23,0,3,53.13163773920643
13.583342760908835,3,6,3,47.66100366189507
16.435637111152776,2,0,2,50.97431672650918
4.972546783178436,6,2,4,37.38569509032931
19.088457432088962,13,3,5,73.62701947737216
6.1873577915104105,15,1,4,35.929820706663435
17.852205993192648,6,6,1,45.651199278852644
1.6234697384184265,9,6,2,12.962506747461024
8.131390606821089,2,1,1,23.203714072596885
5.031320078491683,11,5,5,38.81475662053739
7.180276742060734,7,6,1,21.013130610357273
12.675463398228368,14,5,5,57.45558759279773
15.594551673396504,5,2,5,68.19885575927941
3.218040678898101,16,6,1,13.979959554721034
14.748324010570796,3,4,1,37.04694719113285
3.1507098288030018,12,6,3,26.28732388853539
13.792425886365551,23,4,4,56.587498810205496
18.83751345771838,19,0,5,71.69369945567267
12.186177459487777,6,6,4,53.26993008423979
7.374989323215722,10,5,1,24.93922734560958
8.266935000272166,8,0,1,23.47154191068604
13.909065278844302,1,5,1,40.14663292463291
3.598132897957191,6,4,2,18.549364910913773
16.883647632528923,5,0,2,53.014856424265375
19.90633867037703,2,3,4,68.43065748610232
13.561851822368386,21,5,2,44.909233852809365
19.536129460264053,23,6,3,62.867524174059525
11.176687277147966,15,5,2,38.147430820870945
3.9397583169253427,11,3,3,29.186076696592657
14.732885799181958,21,4,1,41.84951758436195
4.756645515836761,21,5,3,27.076778360171577
13.362045272475939,14,6,5,60.10683813177921
15.609336111258983,18,4,2,46.26187456128809
4.082745992427765,16,0,5,40.013361200702946
13.939906392839173,8,4,3,48.99288479976146
15.606757988062968,14,6,2,48.552235083063294
10.596928438149376,6,1,4,49.77914763555408
18.441813809086348,4,4,4,63.529409674116046
9.560874740157072,0,0,4,48.50996733693208
5.392125970506497,1,5,2,22.113422951472963
16.281266720057072,14,0,1,45.5253792752126
15.328178265930347,17,0,1,42.351591142277115
9.462078371014771,9,4,2,32.54204544076906
15.435702164289076,18,6,4,56.671985019309815
3.4053927650250073,0,0,2,19.96928068711353
14.81419977555021,0,5,2,43.784235226552724
4.874708683617143,16,4,1,16.984296192417897
16.783878231543618,15,4,4,63.164019383930196
16.075936197581193,16,6,3,53.903987962490966
12.306348670546587,17,6,5,58.3110229878835
6.947615874844654,19,5,2,25.264716043478586
11.260337203187834,13,6,5,53.29934649812022
6.330956855819285,8,0,3,32.50351191764139
14.26377215620146,18,1,1,40.85469535411353
12.64491159276412,21,0,2,43.82659303463014
13.103778922930939,5,5,4,51.45948846428861
13.14619800180042,1,0,4,55.76498187338928
6.417291667334444,3,2,3,31.75988838674367
11.602341775397615,17,5,2,37.826963203622405
15.209112414940527,5,3,2,48.36923947329711
4.890007637744301,3,2,3,30.602898898664904
16.863154297824657,14,6,2,50.53694463768374
15.59506913869632,5,0,4,57.515640688705176
2.068494570529211,5,4,4,30.283177258245473
7.931821728997726,9,6,3,35.62615896606827
12.600160404266072,21,0,2,42.11416725629499
5.571946612444957,6,2,5,44.407899064972135
5.515547548688681,15,6,4,36.69900396391771
15.325459389001576,22,4,2,49.001681043835944
5.219617668830787,14,0,1,16.110125742675745
10.037965715407362,18,0,5,52.31815649311464
8.770313092391458,7,2,2,32.72636627531363
11.635806874294184,21,6,3,43.14005685893408
16.429554285137566,19,2,2,51.47657059972746
2.2483737050973294,14,4,4,29.65706954924635
11.288671545289542,14,3,5,54.214560464767466
9.89420572378833,11,5,3,42.994035192795636
10.388965198396882,11,1,2,34.56472456977164
18.426187295730124,22,3,5,72.77120693577427
9.528169569024817,6,6,4,43.95446193898364
12.013817261641194,9,3,3,45.19149252664534
3.545307577079332,9,6,1,14.008167768766526
19.445352026258615,1,3,4,70.49816025366373
6.471975467996494,7,5,2,25.087943228680718
15.553547189255587,2,5,5,65.65984517342676
2.017039132177164,14,3,5,36.89483717301138
8.31224305380088,13,4,3,34.52245491864923
2.7755432576785246,16,5,4,28.701343785498455
10.044428316063279,23,4,2,35.05675441281813
17.52890144674211,15,1,1,47.8307188616151
1.50418031832903,3,6,5,31.467626036349646
1.9345189646084102,13,2,5,34.516269382709325
8.538748552756367,17,4,2,33.37171180641883
18.457272213131958,0,0,5,74.9193042734931
16.188031478983717,1,0,5,67.55478341871186
18.026398966844518,23,4,3,59.64591242461557
11.52413284773101,4,5,4,51.55402682767869
9.202988890454348,5,3,4,47.11928086371535
12.682816053366736,20,2,2,42.09763931901254
17.5889221360649,10,4,5,72.57529375951866
19.585317632240972,9,1,2,57.326447591003756
3.9663665601022275,6,4,2,21.864016612296417
13.088645691697712,0,1,5,60.473693706241804
5.303354926962984,18,5,5,44.85106736315932
11.440971878752462,15,1,1,32.09528352061926
9.823168633293745,11,2,4,46.99581925837918
18.471460805668578,20,2,3,63.35445684411871
17.859003308922922,0,6,5,73.92506827013399
17.375280221989566,5,3,2,53.66909105709231
9.203659362597374,16,6,5,53.19226864617333
4.476909134570914,16,5,3,30.725037447168894
1.403930382298232,6,5,2,16.041222713109093
16.78456759655983,10,4,4,64.79087956626556
8.608748823306364,2,6,1,27.51424555142339
7.313890758402183,13,4,2,31.788277413535667
19.307936633477667,22,4,5,74.53234759432331
1.508433698375414,3,1,1,12.116472562701288
8.35147009864323,13,6,2,30.85590397524604
12.772067431614666,0,5,5,56.834775642381025
8.87531736976364,13,5,4,44.08872599100781
13.318362353222549,21,2,3,47.57864100462652
7.257600921184031,5,4,5,43.83767363635475
9.674011032586192,0,6,2,32.123041125521574
6.148028816583967,6,3,4,39.35358820863256
19.22900392321189,21,1,2,53.801605958172196
4.079034450415149,21,0,2,23.84217927723606
19.0690236838985,7,4,1,49.82018166126644
6.530169887330476,17,4,1,22.112150171084195
11.329036431912352,8,5,4,47.132595500086616
1.9111387684218348,19,4,4,27.474981321841618
9.965663946123037,8,5,5,54.39480946312814
16.051223919556627,22,6,4,58.84434174141319
14.404478765666846,17,5,3,50.92118106361381
11.87296122405979,12,4,3,44.20458931397729
6.184061326466742,20,3,2,25.128093283577506
13.023885060080238,3,2,2,41.86740707974075
18.888517165306066,12,3,1,50.04711112583563
1.9415090386979679,4,4,4,28.27276895554345
3.8004788722656357,22,5,4,33.15381142847066
1.7297515187718364,11,0,4,28.524846959629144
15.046046879529705,20,3,2,48.125473418278915
17.17609346931773,21,2,2,49.35993544205354
5.651176660502488,20,1,3,28.58602680437233
5.143068348960073,17,4,3,30.478500236347827
12.309196773714262,2,2,4,54.187064382166135
19.283597833282272,4,5,2,53.494563685791704
8.675912134425117,14,4,3,37.78165166787616
8.021636183004073,19,3,2,27.843625298143778
15.377375392916168,20,3,4,61.017287139235385
13.62572901487918,3,2,5,58.54683737600325
17.343548386773406,10,6,2,51.71300934193408
7.260649555997566,12,1,4,40.02658774375881
13.79800114322173,7,1,5,61.15279990086144
4.841741166713889,1,4,5,41.735281202675544
11.188175566553813,14,4,3,43.94110200658506
11.323935037719474,13,4,1,34.39444263620411
8.039229631467101,2,4,1,23.74828947867104
13.40848939776389,12,6,1,36.808709318864835
16.62075743911386,19,4,5,66.18417056075181
18.389365283798835,18,4,1,49.033523548777524
6.025241965585542,9,2,1,18.704396743106454
9.668756270369284,15,1,3,38.315955696490136
7.076999334397435,7,2,4,39.39196170577991
11.065686230811083,1,4,5,52.70908690082072
4.717099091176718,22,4,5,38.12502959616559
18.73638791130494,19,4,3,61.550330132082806
10.145852125701065,9,6,4,46.607616694870316
6.572773744148881,20,5,5,47.66492870466878
10.099988281554365,23,1,2,32.827853903343325
19.70058632086324,10,6,3,65.63111407150397
9.313221240754066,5,1,2,33.92745964843215
5.891563828346339,5,0,2,25.644117436254206
18.789440598543308,4,6,5,70.87059401154603
1.248967519276979,6,5,5,31.43830464736204
10.432168736914136,4,4,1,32.25656471907716
18.17379928024763,9,4,5,70.98981868690441
11.851524605295753,22,2,3,46.402383209345054
4.4398248500048005,7,4,3,30.89618900627398
12.944203087156502,20,0,5,57.73418226115146
2.563126248409249,12,1,5,38.879483189917345
18.25831164062822,3,2,5,74.51734052502084
9.47090193625902,2,1,2,36.14397366761819
6.619245178824225,14,0,4,41.5213891311528
8.646312280562913,20,5,3,39.72976239621258
13.355418761155951,17,5,4,55.986301783151745
14.726701678668826,19,5,2,43.953447545487094
1.6474258009253404,7,2,5,31.507209847985443
7.137994190049611,21,0,1,25.281774276326757
17.85295918611231,23,1,2,50.739134392606516
5.626624304602836,14,5,5,43.36134476208728
15.114492636857426,23,1,5,66.29079586029474
11.99467100608363,17,4,3,45.684921040641335
19.796393941097055,23,2,1,48.76730389283957
13.825187080568796,13,6,4,56.04534317422728
17.190827331764762,5,2,1,48.28773609286422
14.433217694889468,23,1,2,47.297230256465234
10.880492063511797,0,5,2,38.770651914285885
4.451914402523309,7,1,1,16.709612992110962
13.273700542964018,9,1,1,37.681750054746196
7.808575111843277,3,0,5,50.92631624219266
3.4849203275013787,8,5,2,22.81571921632529
14.589081966214193,7,1,1,39.185674179270094
3.452673625087467,0,2,3,25.804054686759624
12.251117582161488,13,1,1,32.32453348768377
18.79516515222389,16,3,1,48.65993755870746
18.507144611444026,10,2,4,67.77448168683931
5.973661793186512,1,5,1,22.346578448406454
10.138615493377902,21,4,4,49.74578965531087
15.419961181253894,2,6,5,65.15539594108596
9.17379106824976,2,4,3,36.11535705202386
3.3769864563832046,9,4,5,36.51195254342573
6.669473278691639,5,4,3,33.11864484537561
10.854601044963557,20,4,4,51.50832114080487
9.689992932784271,13,4,3,42.74863594886516
15.848924021254282,16,6,3,55.97500847817358
9.523858315447876,12,0,4,46.87029433879691
14.31168503777512,4,2,4,55.42960425616488
8.550498803595568,5,0,3,38.79982310766783
4.85095914010453,14,5,5,40.254627479436294
8.457073174270281,12,3,4,42.783620280482495
1.3581093423759842,16,3,5,33.281998883181124
11.234938375889207,3,0,3,41.20835406323889
12.026218940806539,17,5,5,58.54272460244437
16.162586364037285,21,4,2,46.49076677819886
5.49418209503548,4,0,3,32.96861384980894
9.300823524500448,11,6,4,46.78215006414509
1.0010601116571172,19,5,1,10.65957609397779
6.0469291365334135,10,2,1,18.37612301733579
13.661316487553878,23,4,3,51.59929175454836
6.0622183110975705,7,5,3,31.077980667267468
13.94663342103637,17,6,3,50.82456607295043
8.051330287023436,0,6,5,49.08098896025117
7.513139229624815,21,6,3,37.178076309776166
5.216124543099525,12,5,2,23.75424521367564
4.902788573883355,14,3,3,27.80643758572403
14.375854114919138,12,0,5,65.56844965328351
9.096662782955475,19,3,5,52.854044299033816
10.219848141748487,1,0,5,55.60666630763575
1.3389154869245292,18,3,4,27.977166806562895
11.995023685414598,5,0,3,45.84970233803347
5.67861205697577,17,2,1,20.669053302442517
7.121993794536475,10,6,5,46.495694320332596
5.873391570268226,2,5,3,31.896701082758174
1.0386320392378154,13,4,5,32.47954653788625
9.536176528240706,5,0,3,38.727832385982275
4.645444836685863,18,0,1,16.277839651709428
15.49901749840046,12,5,3,56.4003886546059
11.707575824208181,21,0,2,39.57746905923726
17.81902809482861,12,1,3,60.83946921928323
17.40832895410858,6,4,1,48.46211698150326
3.26823201671796,23,5,2,19.31574593938097
7.909828859313578,9,5,2,29.493886213886665
9.105943867346042,22,2,2,30.50377879857205
8.232564005985505,20,6,4,40.10634835164121
6.32511237554456,19,6,5,47.24532108213649
5.365580468953053,6,0,2,27.129202039476148
5.301301014725735,10,6,4,34.19603105643034
1.0750316148131955,19,5,1,7.766641102872471
4.044900891189506,9,6,5,37.32689426086863
4.875146871241004,5,6,5,42.189355785088864
18.907023195887515,13,6,5,75.59764076343761
3.9301609652149674,12,6,3,25.41950728310483
11.580227521607364,3,3,1,32.24711449375449
14.36169127447954,11,1,1,37.90275093317006
6.965012285364222,14,3,4,41.37460517598498
10.574768172978457,15,0,4,47.99034832583189
6.111756913538217,20,5,5,44.300758641520844
7.574798318832322,4,6,5,48.097753354435
8.13811580789163,9,2,5,51.369732593760844
10.249369768775491,8,0,1,30.533438577338078
9.189306416931785,16,4,3,37.74641986240846
13.578345635899025,23,4,5,60.577507164862254
19.397224654083146,5,5,1,50.858040952137195
8.094240415137243,12,5,3,34.389056772863974
1.873560014374665,11,5,5,36.61903587884987
13.336453951459404,2,0,2,43.991019885082906
6.652462174744116,9,3,3,33.38024056988793
6.568502290386397,20,4,4,37.57895084039603
16.144207636874118,16,3,2,50.2594855371192
15.733022245285989,13,3,1,43.20515023644777
9.25220693754641,14,6,5,51.035122460437144
8.387695807673225,12,4,1,26.965272964666816
5.48337586762432,3,0,1,17.866556756141016
6.0687243680864125,10,3,5,42.4525894353384
9.335897384814066,21,1,2,34.24551198211621
4.01876790526914,20,3,2,23.235450100268615
4.166301304543376,8,6,4,30.908272086329163
8.571230581401988,23,6,2,28.844015582147588
18.208925603716114,6,4,5,69.04783708338661
1.1754226686202771,18,5,5,30.025406148530887
19.465018222961337,22,6,1,52.54012119809575
7.561077287024226,18,2,5,49.61732430281414
14.810163462635522,23,0,4,55.25511787688046
17.120579935844432,20,2,2,51.361476456483025
7.981550835326681,18,3,4,39.80710869929294
11.044492260831918,7,4,5,54.92064914868346
5.836962269274479,18,4,4,39.49927012904693
11.427392886058085,10,1,1,32.272911146240226
9.089424392166489,22,1,1,24.799201251182446
3.2024054564387714,12,6,5,36.19841928171898
9.036957234992757,17,6,3,40.3858852368156
17.057340307525394,9,4,5,71.8408397888087
3.1458804199094113,8,1,3,25.21880193252445
2.7268982086022673,18,2,4,32.25425563106233
8.76805985445478,5,4,2,29.58772281872287
16.821470728794214,14,5,1,42.0146507849257
13.474263509382872,0,6,3,46.16269390116123
8.517724019312933,12,2,1,23.119174539779923
16.336644307248065,2,2,1,43.659071426450375
2.514790488527302,6,1,1,13.528762271251171
13.618034992049278,18,4,5,64.28144372887613
9.605785147940248,14,1,3,39.22624599803928
14.312548008432072,22,6,2,42.7587719163634
10.720377952880133,13,4,1,29.86230379022792
10.42912980988476,7,1,1,27.70446122709894
12.867293382644133,0,0,1,33.68377926854363
5.9929861290852235,19,2,5,45.05584861664596
12.893331136878324,20,2,1,33.27557856896928
15.554985485643432,1,4,3,56.025556409190855
16.122170976266446,20,5,2,48.64120505508986
14.658288267409352,8,4,5,63.316701295565146
2.448635434881469,13,2,1,9.20890526764341
3.749311918717605,16,0,2,20.813359810057765
8.487028647416937,10,2,3,39.327543178958756
16.032757733242498,21,5,3,52.034443557130444
16.177721821360805,7,0,3,56.68984649374098
15.007771639621735,12,3,1,38.29942135852614
13.237556500347301,9,5,1,34.40439571935461
14.209333412861263,16,3,5,64.84528486633701
17.972009521040842,19,3,5,71.48097827284263
1.8875122562989626,22,0,1,12.2383170611511
1.0494668119137578,4,2,2,14.40334040879922
18.344069513455164,14,0,5,69.3686959503127
6.431359293917252,14,4,1,23.336731251754987
8.650902704009916,7,3,5,46.97805888340177
5.626959586839564,21,6,4,38.796176078256465
7.294294073773159,23,6,3,37.72531958736616
7.3102635573937365,12,2,3,34.412868169950045
12.125958919578308,18,1,1,31.649460059380594
11.46193702994975,12,6,1,34.18143638472249
2.449218989108638,9,4,1,9.447242138219309
17.804514120066784,5,6,1,49.84526934855411
1.4556215492627418,1,2,3,23.86459395415922
8.70754810580581,22,4,5,49.65709700137299
14.312410703097676,16,3,3,53.31649712836606
1.5928547275964364,13,3,2,15.053229324131495
5.111180936511023,20,4,4,35.67822265136041
14.139679352443068,22,6,1,37.79321285866252
19.38946603795151,15,5,4,69.89330972660053
9.653072330951828,1,6,1,30.846141209078155
8.152424746166046,12,1,5,49.74776084455435
3.260731511892163,15,5,3,28.495131646084452
7.56818315738621,3,4,3,36.66227226413657
11.387699328518739,16,1,5,55.74262147486298
10.164228028683933,11,6,4,46.20116569275935
7.128408262392197,6,1,4,40.62887245154768
11.30227309711197,7,4,1,33.16156844288298
1.276177492092062,8,1,5,35.90174608300466
19.662783088745233,16,2,3,64.89876188701128
2.279300956996227,11,2,2,15.148335861752528
13.908585288537646,23,4,4,56.17031671263306
4.4489380667732075,16,0,5,39.39622998372916
14.471129411562101,11,1,5,61.42143549659653
15.655293696052981,4,2,2,50.946082067395835
17.563234379864394,19,2,5,68.44983105174342
6.658708514990712,7,1,5,47.50533985866388
7.005339315355211,22,0,1,22.040467716504345
13.752261495257546,10,5,2,43.8867222941309
1.278828867499077,6,0,2,12.941433702745998
10.22558120285664,16,1,4,46.13616104292337
1.5741627026851388,0,4,1,12.037593534987309
9.480622488684856,23,1,5,50.87197747061776
7.295139494503992,23,2,5,45.62220423631662
3.248101679045564,16,1,3,27.406505475000973
12.944451416891805,21,1,2,43.04747006263293
3.7260102168490485,15,6,4,31.411959539374838
3.431128349922454,14,2,2,17.025887411083367
11.623409405552636,5,4,1,34.286797305532474
16.757822008521863,5,0,1,46.69842484264088
16.248854652918634,8,4,4,58.484656431836754
8.16461511685213,1,5,2,33.45751973196954
15.934678108491978,19,1,1,44.45877893137319
19.843411420023195,23,0,5,77.55140887668455
10.27756069555716,19,5,4,48.76686917895929
18.691376042737588,8,2,3,58.69698808371045
10.145784060417956,10,0,3,41.637773103076555
13.43979237008135,8,2,5,59.38127852848686
14.220240059941041,20,5,2,45.0922611618671
10.225297029986912,16,1,3,42.02714308823547
12.67726694720005,7,6,2,38.52875024673394
11.343133112299173,7,4,4,49.7911255478748
19.103015824532253,9,2,5,72.53907467804365
7.492039930342566,5,2,1,26.09246915670822
4.013687611891733,23,3,3,26.07071930516345
18.209092737798724,17,1,5,70.75476257759868
12.88077292536074,22,2,2,41.42226267008586
10.043484569783129,21,2,4,45.19303782209542
10.266285208601087,22,1,1,30.612654332412305
16.53715615951441,13,3,2,48.5864112020846
2.7839359036876643,20,5,2,21.025608790242845
3.398873226277175,0,5,2,17.77863185662869
6.511836181881702,1,6,5,43.977951771531856
17.497692855626553,1,5,4,63.257686671935154
1.0874744394375866,4,5,3,22.62615639380146
17.91114821839734,14,4,5,71.1839907049075
18.234096596709524,22,0,3,58.51130777069651
15.466571198570179,23,0,4,61.083213064512265
5.418244667122111,9,1,5,44.97118773972018
3.751894350366123,14,5,1,16.527179800298
8.48160999741073,3,4,1,22.594578051782207
16.736813837492527,23,3,1,46.31361788381891
3.9775247271004637,9,6,5,36.77012972569174
7.57397762816006,17,1,1,20.445698632432165
16.27672792323353,21,1,1,41.596313168779474
7.874073827392448,4,4,2,31.206964337162418
4.315792059746066,20,2,1,17.674232839772067
5.598076832891348,18,3,1,19.173674369428493
8.544909044703212,15,2,4,42.88427987178852
8.491252201218607,10,2,5,52.05229676167394
11.779070703143164,20,4,5,57.270986699270125
18.602661172216827,22,2,4,64.96555402996718
6.385678616969465,17,6,2,28.794782823734657
19.00974236035485,17,6,5,74.12935294565582
1.4386401306833245,8,5,1,9.387236060566245
16.401302333180503,3,1,5,66.67210691927133
7.974350121067395,10,4,2,30.036660408166107
8.666216138061799,10,5,3,37.978592808459496
17.305414096483904,0,0,3,60.662115081689436
12.093737512777148,20,3,3,46.29762305979158
2.7248685640626364,6,0,4,28.83277292650239
6.243927032181763,19,6,2,27.715618151902987
15.283627616455904,13,0,4,56.978175129653444
9.283714023291747,22,3,4,47.061641058133205
1.017730886984273,6,4,2,12.225224567230088
2.689304916124689,23,6,5,34.15925018838041
19.270119342334844,7,3,3,63.39648814334255
19.376836091634384,1,5,4,71.42521343394651
11.506899851192657,13,3,4,50.68578739410491
19.002461550808253,6,0,4,66.02686619078428
12.022138213672338,19,1,2,40.85237348317587
3.7044990781914318,18,2,1,14.389836670252832
17.44174781942004,9,0,1,48.87263507215372
4.391833462736771,4,4,3,28.72412117076938
1.1165915488932894,10,6,5,34.40277175311167
2.2665103740108554,15,3,3,25.17203625399174
6.085537948340466,22,1,2,25.572941362934206
18.678584165434135,8,2,1,48.420177000860676
12.779747248033363,5,2,1,36.256612820012165
12.62178528068626,21,5,1,33.21234811806289
5.330745994940534,21,3,5,40.564263669447136
4.004420976287701,21,4,2,20.92407610976839
4.614887287319713,17,0,5,41.80703422891873
8.3083440626644,21,5,3,39.670405486885045
2.27374163475798,6,4,1,12.841201511909112
16.80629511512123,21,5,3,57.77973934192181
11.372348941787934,7,3,3,41.84395775868995
12.085669328652756,8,5,1,34.930800553662706
18.92928295557955,13,2,1,47.08980358114992
14.889740438835158,16,4,5,66.09578854902196
8.10989254206866,14,0,2,32.29486002373604
5.5657381281707705,20,5,3,28.676271384708887
3.840629995886781,0,5,3,27.35605441528575
17.83499565918784,8,5,5,73.02738861624807
18.77644341270805,12,4,1,48.474655492350934
16.918602449412738,15,5,2,51.705126210372704
7.579278196808623,12,5,5,46.03723811869634
11.646731892439185,17,3,1,32.07048020916975
3.7927186878394257,5,1,2,21.097153112110583
5.289150326031956,9,5,4,37.943011632841404
14.01625963663557,1,4,1,38.3032039866903
11.51426030230469,4,3,1,35.2393703387744
13.581496722828232,8,3,2,44.81124948047742
15.41123221831902,22,2,1,41.72635672392385
8.05291085858846,22,0,4,43.23212655321979
6.132330020772818,21,3,3,30.776041104931025
14.813361209743672,23,5,5,63.63555010713286
14.569347598839956,11,6,4,59.821183871371595
9.335280781541375,5,3,3,39.45805050816634
8.776703889243347,6,4,1,27.948629336985388
19.231698061842494,0,6,5,74.01325507899577
1.3004929126251854,8,0,5,31.533306020322456
7.834453945964448,1,2,5,49.44508885129271
16.54735810347569,20,5,2,47.71029752923304
7.810589399770224,9,6,4,44.68806490982381
14.210962191569134,22,0,3,48.043549326748376
8.301353999215804,12,6,5,46.509733790099546
12.367743062813073,14,0,5,56.067982326342644
12.895796788062922,4,2,3,49.900256396419444
17.887386741965862,14,5,5,68.6007716720945
5.348863193725793,13,4,3,32.902700091049056
17.19325957257198,13,1,2,53.23832109458431
17.352188077828824,0,5,3,57.03995506383551
8.655544451399823,1,6,1,27.09050642309636
11.527388074369284,13,2,3,45.021896809610766
5.269166803598781,12,5,3,27.6827306267801
19.233611494156317,23,5,5,74.19152228420096
10.055565182895965,16,2,2,34.24868783892333
12.117870287354522,2,6,1,35.566119046222575
2.6454207102440064,19,0,5,36.884989150784556
5.542275654401312,7,4,3,28.597241830508032
9.322799555577246,14,5,1,28.355930853214414
18.489128930988215,17,0,1,48.92073791014837
17.745030700028483,1,6,5,72.63952826192259
9.431785896962687,16,1,5,54.68921991859766
19.03808502483467,20,0,3,62.44762435098723
17.22628134286929,11,2,4,60.91516171244999
17.857483854412592,22,5,5,69.65122195187597
12.430087487413912,0,4,4,51.86356858272891
19.493814959829074,6,2,5,76.91519049124973
9.572513675172376,11,6,4,43.58460097098713
10.80038035391785,17,2,3,45.04421798766538
5.746054340331951,17,2,1,18.498403765582022
7.575322180242217,18,0,4,43.85722821318663
4.075657041184865,7,4,4,36.05257852821327
2.9333111454766305,19,2,2,18.61081473474866
9.669853993668829,22,4,2,31.62534721993368
15.479153218065715,12,3,2,45.55871530605606
17.81743518249365,5,1,3,57.12130422930858
9.928676593625882,0,6,4,49.16170225640803
13.280912267574855,14,6,5,60.95752772510854
18.687466901305847,4,1,4,66.08770188317453
1.1073430209324828,9,3,2,17.16693496503768
10.486721309474444,13,3,3,41.22372646818076
6.517011170970714,10,6,4,37.39021627359185
17.15906100494813,14,5,2,54.19693458829608
4.5028183866771965,20,6,5,42.91345341553639
19.90170200378372,4,3,2,58.29197228546639
4.048719731446577,16,2,3,26.867597763024953
15.367400435311968,8,5,5,67.64284808044519
2.7354148171621486,19,1,3,26.36466989800634
14.834067946332684,12,0,2,43.46585333938167
3.345000951017946,18,6,4,32.11987127518128
11.979817818799946,13,2,1,34.689898620377846
16.223950659496474,19,5,5,65.3883394219635
12.623835525089575,19,4,4,51.11369644330929
14.699845519584953,19,0,5,64.01454687791086
10.275898621946187,19,2,1,26.837695374361893
5.65888124298606,19,3,2,23.48564390654289
15.44057228722622,5,6,4,57.183673055956874
19.429694734903006,5,6,4,70.55712889106398
5.111531035119506,15,1,3,29.821214839070517
2.646126838582618,12,4,2,16.311394582049967
6.527163313273373,6,2,3,33.594815255584166
12.592170835136946,0,3,5,57.35514243842656
3.5385704201720314,19,0,3,26.537880885293546
5.463076608651219,20,5,4,38.208794684995
1.3133353554689906,7,1,4,24.463295737515956
10.034295007455121,20,4,5,54.792504818288656
7.451601623727857,5,1,4,43.641483115926334
16.17532295079447,21,2,3,53.87342591220197
13.313678083372702,12,5,2,45.1041254343134
15.465583429968776,20,0,3,51.32101037947297
11.268603105987067,20,5,5,58.01801843923028
7.159765402316646,13,5,3,34.043570833845315
11.203929275402738,21,6,1,33.9183040105807
7.362906970630221,6,0,3,33.74488409099308
4.7391553445417,13,6,4,37.809723873884735
7.008954031900618,14,1,5,46.11524052575886
5.933957313958814,9,1,4,39.259992693813324
3.1729245035514904,8,5,1,10.522455565541328
12.702369294774778,18,4,3,49.017541694241345
18.32425995032794,23,4,3,62.43766638562402
10.85523898131268,13,6,4,49.02680678906971
7.86169975280277,10,1,3,36.14324439001999
18.51504545924122,4,2,5,75.53742688250934
12.096749011033623,18,6,5,56.1632963573677
2.2843828906030006,13,2,3,24.894884814795088
7.132530179903407,17,1,4,41.932530855850715
4.983333872594592,15,3,4,37.8856537123349
4.198132415410642,11,2,2,22.992309909698573
3.305002443453702,18,1,5,39.07693504642259
5.37088477538126,6,5,5,42.82707936549649
5.078384710210755,11,4,5,44.25948893923036
5.174471554647381,7,3,3,31.36825972873053
2.1973530381508244,3,1,5,34.8182346685595
10.969751799131013,18,0,2,34.38991229626728
8.202282774336211,10,4,4,41.16642543312535
18.097809150098893,18,5,4,68.39828990306226
3.3062659237687324,2,0,1,10.886469318165185
3.265726167122051,14,6,4,34.0455953965625
6.458225826627808,13,5,3,30.650700127228532
10.840344977707145,0,4,3,39.9544816360103
6.702813712266063,23,3,1,18.540358245767163
1.124049195346775,3,4,2,13.593269552669629
17.654096539633965,9,5,2,49.72344952332215
8.400495267936279,4,1,4,40.712837493731136
1.0682059932999333,20,6,5,34.98013480149395
7.954387940660049,19,5,2,32.20852765588711
16.8350861711776,18,6,2,48.33839685645406
10.673908797013482,4,2,2,37.75806622641976
16.75517393667462,23,0,5,68.15058323837481
19.38698377707463,1,1,2,53.68888063109965
11.599068117026512,13,5,5,57.85697270363122
5.481806740512207,18,1,1,15.878221238887232
8.80385435979856,13,4,3,40.0124902418992
5.315205905531587,3,6,5,44.564484770174744
8.59138382788247,8,1,5,51.05801330586587
18.043182237512642,15,6,4,63.77540338046103
9.830324599024868,0,3,5,53.65207027992206
10.612492610176618,0,4,1,32.052481076438156
17.55384519641032,8,1,5,68.86474557409512
5.475915488574184,20,3,5,43.77311957493236
4.539241725057501,9,5,4,36.64122434003521
5.431137506179899,2,4,3,28.813067620868456
4.577878066837506,3,1,1,18.833587008645793
13.635019759195288,10,3,1,38.9193598179665
17.004272207696264,22,0,2,51.530720118202126
16.18118429808797,6,0,1,45.12079538705962
3.713613817928607,19,6,2,22.381017118145586
12.585031357573627,3,0,3,44.67727482982095
19.79520048162338,7,4,1,51.517608374997366
5.744702869417639,13,6,4,37.00636027678182
1.4606705714281305,21,4,4,28.521774575834264
16.68337799212332,22,0,1,43.46797939295295
1.2570294068208288,17,2,2,15.672823212214713
9.796631228608211,10,1,4,47.77340426912318
6.777254122612195,14,5,5,47.510201007889904
1.4875473994084036,7,0,4,26.917182367077675
15.93047383941154,20,1,1,40.458663616881054
5.099839229363186,7,5,4,37.96584950215182
5.097174338860706,3,5,4,37.8244641892321
19.233073324135848,19,4,2,58.332579235434636
11.543114118583642,13,3,5,57.19230097639008
6.000232668721707,6,4,3,30.4732631374937
12.072729531555249,11,3,2,38.404157499772865
11.400144286749178,7,4,4,50.76698911003064
10.963764854845016,3,5,5,52.376199526520985
3.596927336220512,23,2,3,27.033259636913968
8.368151034237655,23,4,2,33.25007650321277
16.74058959660438,22,2,5,68.66731086249983
15.657336427733748,19,1,5,65.6815139771075
7.401441528873001,15,2,1,23.0408195289952
4.282690512068866,9,6,3,26.676506537193568
15.431275728719339,22,1,1,43.753171269949426
2.7143099001213242,0,6,2,19.320234986317587
5.205908018942523,2,6,2,25.081977987828882
16.12874670770026,10,2,3,57.473968457411715
11.121611905223604,16,1,1,30.246202313060436
2.2196435766484353,3,2,2,18.156654090650907
14.30144306082619,21,0,5,60.16325353924215
12.56616897371309,9,4,2,39.860213074797976
15.835096382371807,21,1,5,65.6014862090554
17.737437505251595,0,4,2,51.27800579810665
14.24744567395463,20,3,1,40.20624145808693
1.3597767083577919,6,4,3,22.696639263794363
13.618223856211133,16,3,3,48.75863610121109
19.188240770546837,0,3,2,54.19155412529815
6.7168255117079845,13,4,1,22.916507628832772
15.698369627825247,19,6,2,48.76983101704311
7.531510313383054,5,1,3,32.99095401115275
10.431202334313953,5,0,2,35.12312162585457
1.6296161360968202,23,6,2,12.846662398514983
10.910508314037907,6,2,4,48.17301750432374
6.4077164758679235,9,6,2,28.393602193410263
12.102016725672684,20,0,3,43.849496786639044
17.093525055126495,3,6,1,42.689738141796674
15.77141914943263,8,1,5,68.32024744514413
11.539801914928363,14,3,1,31.16600151058749
17.530653820432214,16,5,2,54.16924998559675
6.089237825353077,18,3,4,39.105550473570716
11.916148970512625,6,0,5,57.92576077616549
6.196421878708963,22,1,4,39.63764344490465
16.50283728768065,10,6,2,48.99476581255999
8.388230083880075,3,1,5,51.07647538913392
1.5415242185927645,1,0,5,33.21950234312668
10.684581028590358,21,6,5,52.43217661985042
12.850962955869168,10,6,3,47.55236537765517
3.8021253165679534,22,5,5,37.29064802212327
10.163051517033082,3,5,4,44.72572891621565
15.675210205407696,3,6,5,63.240696272835315
7.770479028293421,14,6,5,49.500758881728004
19.42321465512576,15,5,4,68.6474988485761
10.30197808813756,2,3,3,43.6663559373038
8.900606866452296,0,6,4,43.09158050814157
18.614148546785366,11,5,3,58.9348646971331
5.095311588529602,1,1,4,37.980344085657045
10.284420610172669,11,2,2,37.84617593494295
9.48694912794189,8,0,4,47.486500953613714
2.859212968973766,3,3,4,33.04119711036216
5.724336907424417,11,4,4,36.23273220014991
16.579973206263844,21,0,4,63.68357894562114
10.079920709324009,3,4,5,53.38670091976277
14.12765070940599,13,1,4,59.11057060737825
2.2490870877481317,0,3,2,16.310286135391227
7.658089579018126,9,5,5,50.31697391020478
19.56408723173149,13,4,3,64.44307275065907
18.308988301280294,16,4,5,74.35432979230274
5.112532832834494,23,1,4,33.23337611241345
4.821528963658552,12,1,5,39.37298402675226
17.452255725404704,3,5,3,59.107844249155306
16.744465321863817,12,3,4,63.386898269931166
18.267939365754565,0,4,4,65.19029218558792
15.816275599044843,8,4,3,52.70717211256109
12.951423398938877,9,3,3,46.81309476897043
7.453787842872377,21,6,2,31.782524540047035
17.134720962647755,14,2,1,45.96843771355428
5.337522530105735,6,5,2,23.96237275575803
17.58514445854712,7,6,3,57.67232812153538
19.078770703270457,11,4,4,69.49200042411448
2.315430041834758,20,5,4,32.31706553993915
18.174245219098946,6,2,5,71.55014631111476
2.423856593916769,10,0,2,19.490737800957042
13.580556470315146,8,1,4,56.30880023678687
6.054612882068238,12,4,4,36.904523442696565
8.28450123278461,11,3,2,32.208298164865404
5.031099273337766,0,5,4,36.125327004114965
6.370732882898013,8,0,4,36.59713201064801
5.718621817053852,0,3,3,32.880046687426756
13.69299172071491,19,5,5,61.575698141506415
7.702673994220301,0,3,5,48.35650754383032
3.25706398022216,10,6,3,28.334773465656383
4.066191540462183,5,6,3,26.489837052183848
5.005159134678124,13,5,5,40.082198200262006
6.666963156802351,17,4,3,35.565716862991664
17.24323427627817,9,4,5,70.2322538366566
1.2238631383823053,5,1,1,6.1830134176552844
6.122593133739963,19,4,5,43.2008444511449
5.470285780284106,21,0,1,17.40246503803494
17.025579936744972,10,6,3,56.70634736969287
9.575232795303986,4,4,4,45.45943541755808
18.508618237028372,17,1,3,59.67304581679156
18.572426641980638,3,1,5,75.42457781901734
18.53559519041695,2,5,4,64.02407721989626
14.398961044965576,7,4,1,37.88668766573156
3.3651363326330173,22,6,1,11.59889774611929
19.478477189318205,7,4,4,70.93088847174062
5.592976032926124,20,4,4,34.74528350856983
6.380781138634794,19,6,5,44.264871743121596
8.062293367208483,1,6,4,44.11196090819438
17.96673516597505,9,4,3,61.67501095521869
14.060775701326866,1,2,5,60.62505380724964
18.29883664395527,9,5,5,70.44422456859857
16.907451972757272,0,3,1,42.671441422067105
19.21834219664455,2,3,1,49.223036527699726
3.808927505584901,17,4,5,38.71506404108743
19.135224085982415,19,2,5,71.15364579620575
17.077917600336995,5,1,5,67.60025216158499
6.305797582889365,19,1,2,27.987485719660015
13.57405958796651,5,2,1,35.6588160245853
19.5771860804211,8,5,2,54.93166005844887
15.434698918028753,16,1,3,52.315693091121034
8.770196098943895,18,1,2,29.94126586345607
12.681520845561566,18,1,2,43.260487005580025
11.875422845041609,8,5,2,40.25883632839656
10.204916662970142,20,4,1,28.853657489243805
10.172315766211105,17,5,4,46.68286732367989
2.059153391914567,4,5,3,22.194905976069208
19.780596757913347,21,2,4,67.98600416958034
1.7911197326293018,10,1,4,28.65254818922724
2.4815357985624624,8,5,1,11.725927490141064
6.316981701583252,9,1,3,29.91312736630745
4.985336703516435,0,5,5,43.962668426213455
17.308172200322574,23,3,2,49.98477849370375
19.197973145576334,21,3,2,57.699476109231426
13.861064658679275,12,5,1,37.02583895469086
18.708671491565287,7,1,3,58.21659744308809
15.624796152581881,4,6,5,66.56482697237516
7.376691924437497,12,0,2,31.908990142856084
16.719780335678486,23,4,2,50.281602808278876
5.07822846385187,7,0,4,32.69335384213175
17.545808135328954,18,6,2,50.1191960423595
5.627666365541601,21,2,1,20.294287965690053
7.291903566762004,4,1,3,37.32373927228312
10.923853879636223,20,6,2,37.00254017415318
1.097750784693146,5,4,4,26.453249542576902
10.588440805677575,3,3,2,38.23111728724103
14.588300374389618,11,3,5,60.62449983983961
17.678304130790703,7,0,1,47.63771015744859
16.373817093288707,14,1,4,62.145779137484176
3.0939630639658415,9,4,4,32.873446721792945
11.17858959146222,2,0,2,39.36857003460802
7.697541548950093,10,2,2,28.291888902039165
11.812290884351478,10,3,1,31.351683559572585
15.8813099192098,11,5,1,42.61905922098518
5.592329701983459,15,6,1,15.940942059611968
12.008941672232089,14,1,5,59.89273086671446
8.014984168179504,6,4,3,35.482746735034716
1.0838809052944258,18,1,5,33.8249209298272
11.856534361941955,12,3,2,41.98798553379551
12.649584513071083,23,6,1,33.752224202906405
16.43762730900323,5,4,1,40.86131544828861
7.944894079358889,21,1,2,27.951697976683555
6.146745723658551,23,5,3,31.21983245673298
15.118256810246251,14,2,1,42.95676011982925
19.032862366481044,17,1,2,52.98607888815995
14.545369866036353,18,5,3,51.305680501767114
15.885395748831552,20,0,5,67.95442796573006
11.508895375291264,22,0,4,51.90953149551932
3.4875752348136486,11,5,1,12.82796210625681
9.94158924263249,0,4,4,44.01127388465087
19.187564334498347,6,4,2,55.18358083042825
6.377473195511316,17,6,1,19.735612613612904
14.03771098394283,7,6,4,55.367566657989265
1.3671885416425713,0,2,2,15.188615492402375
6.877892366724364,20,3,4,38.4446117480499
7.188754226728223,21,5,1,21.91265985425866
5.627868004790103,20,0,1,19.79312974444306
18.289399876930556,0,1,2,54.017699194295794
12.607537140382638,3,5,1,35.341308942939676
13.66425080336632,3,5,5,62.89497128457016
12.424115573763423,0,5,1,32.89747621914876
10.76088587781311,4,1,1,30.234848064608727
13.17777661881161,14,1,1,33.655615949737246
13.086845446527903,15,3,3,45.425103405891065
7.866655286138689,17,5,2,32.905248834807274
19.920473581630407,6,3,5,77.18285937892097
11.050578494569885,22,3,2,35.77111366815066
17.69578407827481,0,6,3,56.93996132422131
3.2985002434350212,16,2,4,31.89016655086871
2.675183978904323,8,6,4,31.0653150820807
5.169363098365656,12,3,1,17.214016778311354
14.520470032256988,23,0,1,38.53398011906583
6.828262680942754,3,5,1,21.298049832281524
16.314828422368556,18,4,2,47.57879200962363
1.980462444109782,21,2,3,24.563042821336584
7.176725566991175,17,2,2,29.642789066183123
9.266136370372754,17,0,4,47.38168013335332
1.9337365614324447,1,6,5,37.07568669965237
11.723436541029274,23,1,3,41.97126653612024
15.232535101554879,12,4,4,58.98309598407849
6.92366841406403,22,2,3,33.05699714797846
19.738629483129788,2,6,3,62.222028082144085
14.353183223094886,0,5,3,50.60164611758634
15.24059283849173,19,5,5,64.56980531002654
4.818244584326499,11,2,4,35.33105877664544
3.1224329725644404,10,6,5,38.9660829560695
4.542720726692167,1,1,1,14.914110172911574
11.202058190111321,10,5,4,48.17704677352592
11.152672376526734,11,1,4,49.251231747019844
9.758235378674467,21,1,2,31.937015594546267
8.875060115565343,16,1,3,38.47576617675919
3.7254315632551913,22,2,4,35.32988325211132
15.564887730740091,14,1,4,60.01376690288772
8.010651894902775,1,4,4,42.26143996884859
11.4103598972443,18,5,5,54.01393891986703
2.560333683196299,18,5,3,25.89849255158489
8.043451548382869,22,1,2,29.353947001502558
17.247847046224187,18,0,3,60.119168367107044
8.01306178763523,16,4,2,29.608243330180834
17.74815564538807,19,2,4,63.81869201881679
8.563983569452894,2,4,5,50.38766522752704
4.788666168989597,9,5,1,18.700097850132373
7.223160162170094,22,4,3,33.27346394389776
10.871014340897396,22,3,2,36.71271851783256
18.63819822389345,14,5,2,56.75424314720495
10.333269743450215,16,5,1,28.222576341514575
9.16367238591646,8,2,2,31.665468138723096
4.55194412378186,5,1,2,20.360732366613924
3.418195820039828,2,5,3,23.545905450854207
4.558803646953901,16,6,1,17.734152826587312
12.364731636066043,7,2,2,37.86800357288301
18.326593581306035,20,3,3,61.261587013248025
14.150318270770317,9,0,5,63.729911217943574
14.525295077789748,3,5,1,37.397957895666345
10.054041941286092,18,4,4,44.298946691416994
9.817098525006863,20,6,4,44.9532275571218
8.872659669495214,20,3,3,38.69941102820393
11.691642664523634,4,5,3,45.603055649005455
8.608583099266596,2,4,2,33.37349492723449
6.03717150437894,19,3,1,19.326765083409793
16.178417473404373,6,3,1,44.40361897818806
9.488945403988746,22,0,5,53.49140815008409
10.840634906233245,18,4,3,42.37893762522964
12.105285167728496,2,1,1,34.180960791989556
15.796918076432418,16,5,1,44.12388160947387
11.512912397415073,18,0,2,37.84343015818499
8.927639969722833,13,3,5,48.80175222744231
9.524731363515164,13,3,2,34.00082692774764
15.668880259075967,21,0,2,47.374410068808615
19.776891498030146,11,3,4,68.7613208368763
3.201262453417424,1,5,1,13.734907888585902
6.8323523048138535,18,6,5,45.3621680422049
8.776659679063481,2,1,5,49.95460574346539
17.568519426454607,18,0,1,44.330136897422406
15.824299911169351,2,6,5,68.30276794688905
9.640396592457977,15,6,3,40.46482197776714
4.879808819267707,23,5,3,27.0693430297467
5.131715187104061,23,0,5,41.508995913154614
6.468375425752509,13,4,4,39.186517671080054
18.753045325479388,21,0,2,52.81822299175066
14.114237330168415,3,3,5,59.634408959740455
16.825101717429558,2,2,4,60.7475753018953
7.490924068285953,2,1,1,21.134810724320992
13.256452964672716,19,0,2,43.9169079265597
7.591203486231427,13,2,5,47.30099589997786
11.330482422007858,23,2,4,51.82551020957065
15.04237941197904,8,2,5,67.53080963385186
6.389988725712168,5,3,4,39.16928241431775
17.571927846887288,11,4,5,70.68752329856943
4.401298149606664,23,6,4,32.24069875053455
7.093228459590252,9,5,4,39.1363487819662
14.841853669475462,2,3,5,61.752650033390026
15.67428173699946,15,0,1,40.37231396717742
2.41862258340261,12,5,3,21.869120367120917
6.376265157866995,21,5,5,42.139291824300784
13.782177831532385,3,1,5,60.391558253850135
17.97107160205383,2,4,3,61.0375440902109
8.919471697811126,14,5,3,40.88383885097831
11.92076655043372,9,3,2,40.905207696293964
13.293456490673254,14,0,4,52.84023012343016
10.712834110725224,23,5,1,29.83771289106848
16.282815996670937,16,2,4,60.215593595558445
5.931042586805003,1,5,2,22.84555212669082
12.101211735053264,13,0,4,50.94432549890809
3.5315600575638033,0,5,5,35.383032642190685
3.6661227173545576,6,4,2,20.82935158356962
5.902534517640275,18,2,2,26.328824913643096
4.200503061342296,20,5,3,25.249959396770606
13.545555976214706,12,3,1,35.22735726284235
3.844752742849105,17,5,2,19.446349560592004
8.235384580439735,20,0,2,33.60348804800728
5.499554344073627,5,4,2,26.040945109524152
13.446169518513706,13,2,4,57.07555060172993
19.848471567628735,10,4,4,70.39312031132387
8.195584023639364,7,3,3,35.22890257472288
11.165445923305148,11,4,4,49.77253338735525
12.591412347851854,14,4,3,46.49080289553267
14.28180371555743,3,6,3,49.32494627076394
17.17551797226067,7,2,1,44.991539666214706
7.816830269519364,0,4,1,24.277432679708536
10.1250584399846,14,1,1,30.917675036302825
10.079526430555799,10,0,1,31.51153433698473
12.975574874794404,20,6,4,53.407724268342626
6.875828043559461,20,0,2,26.354435961838057
9.053541830756272,18,2,4,46.23607408263856
9.763730912382815,9,0,5,55.20042855580259
11.052314984531177,22,4,4,51.4539405503929
8.321575375078119,10,3,1,24.344788964924028
2.5319256823109586,3,5,1,10.426626755187655
9.4333378395736,9,3,3,39.26131329577412
11.346921193597474,3,0,3,42.639375367448274
6.549664675709732,0,5,3,32.88210869005252
5.141834275614584,2,2,4,34.91396811930923
14.17830854914552,3,6,3,51.324832318509365
13.651320086983008,13,0,3,51.66992684642072
11.120502590187227,12,1,4,48.48608737840029
13.37329896998889,4,3,4,53.07234208450259
4.104733990627362,6,1,4,35.65950561404078
6.019923904422347,9,0,1,20.473248352873053
11.994745066581318,16,3,4,49.31979863191596
16.767179571638906,21,6,5,65.87105743355278
18.473518388109817,14,5,2,52.982169022796946
12.158764461700095,10,2,5,56.29813295088432
18.822377038561925,2,5,3,63.38613251421845
7.199563067541087,21,0,1,20.61382306511365
18.309699621370857,21,1,3,60.09155312507672
11.613264904392532,16,6,1,32.23995324990227
1.6059148017353495,14,1,4,27.85413725940899
12.181899236490016,6,2,5,57.352448606073594
11.980806926654257,6,5,1,35.302920924045296
11.044099280885291,10,3,4,50.279054292112306
3.4153833119955954,0,4,5,35.660446409290294
18.39007596818402,13,0,4,64.61945885052172
3.209806876081598,17,0,3,24.60732387353984
3.982719009300706,14,6,1,12.638936727830071
2.772147949145617,13,4,3,25.522401797466422
7.841072299410371,22,5,4,40.83598769434318
13.293172983726151,23,0,4,56.14065540541152
1.1257624871506084,13,2,3,18.29026210814221
10.717638686907726,0,0,5,56.36625000594108
9.36159220888766,15,6,4,45.63583700132824
5.4832589499387945,9,3,2,22.85855141126794
17.791820001141925,2,2,5,71.89172779582682
6.7840017607360625,7,3,3,32.731280429627105
19.271714746437542,6,6,5,71.76908151434506
8.186835890135015,23,0,2,31.154900331693458
19.527531084931113,5,6,2,55.84579430701333
5.851549360669537,1,5,4,36.78155845523988
3.3509599995939015,20,5,2,18.01640645211095
17.15173719756481,15,6,3,58.570800781178264
1.2298189919191929,8,0,2,16.955661613873218
2.352735170895722,7,5,5,37.391021117481756
15.174411603560404,3,4,5,67.39076121071118
19.253669341736767,13,3,1,52.90852883060392
16.47158845201769,17,3,4,64.43774097629932
8.395863978912224,7,0,1,23.82460943191462
4.701590115253618,4,1,4,32.991023088237945
19.18702378136027,9,6,4,66.74936559053184
19.760007543593147,5,5,5,77.6413861068274
17.29789167680992,3,3,2,54.74464028865904
7.0253476859233865,19,4,3,32.93000784528216
11.833082761205247,8,2,4,48.90950344383814
9.813847266345993,23,5,3,42.80473756097493
18.009606957888963,19,0,5,72.28603785614943
8.868537319422659,2,6,3,40.67379338295962
17.47647693881828,8,4,3,60.531195270588555
8.936311577775099,6,1,1,24.170774876451045
8.76589023863335,21,2,1,27.21459209915124
13.324220192092561,2,6,4,54.88651115881308
18.18662857680601,19,5,5,73.10783007196645
14.518962696043314,13,4,4,60.384827182302175
11.546995652970553,7,5,4,53.32847901370048
14.636024901412137,12,5,1,39.7249987179164
11.30799683713596,3,0,3,42.51290175083582
1.6621429582269553,16,2,4,26.676813742815405
13.027831763437623,17,3,5,59.220708528143604
5.612301341812255,7,0,3,28.428011383286265
11.009249450744079,13,1,4,46.3538916029228
1.3299891417593117,7,3,3,23.815091324810414
17.391994466476376,10,4,3,57.26015183598641
17.624561254990514,20,1,5,68.38745547343089
13.743541767169821,4,2,3,51.35951771239992
12.726669287806208,13,3,5,60.08901039420209
15.932214616037973,12,4,3,55.676189965890096
18.818760795331468,14,2,1,52.074939392117
17.091313742424855,18,6,4,64.27093002848433
3.6345818238886367,16,3,5,40.20546898123989
9.565105433042149,8,4,2,33.30521620374252
3.226723617401042,9,1,1,15.9411059163272
14.486481165455068,2,0,2,47.560857752931135
3.4048737164565845,17,6,4,33.11522033878347
6.372487373961029,10,5,3,34.083187682143134
9.701039903648777,13,3,1,28.306313473640117
3.5933551167603355,18,2,2,22.416025981789417
8.586127102550455,9,3,5,50.30258911314799
1.8401905970460355,4,2,4,27.603175514982986
18.85276428243771,22,1,2,52.48823295511886
8.797031557098,5,0,1,29.014863351168984
4.487455911889876,20,2,5,39.36860686553714
1.1761319859191972,5,0,3,17.76394627022565
15.37691648043421,12,6,3,53.44798392742442
6.8956327039816925,1,5,1,24.19477801630031
11.329573619520486,13,3,1,33.2032137721689
5.020883517578174,8,5,4,37.66027530413074
7.82719601077663,23,1,5,48.65141295768898
17.298650879604317,22,6,2,53.154562079522236
13.325838865169246,18,4,1,35.02349661232788
19.54709451133851,20,1,3,63.90687047435
19.184176090330258,10,1,4,66.23211830590465
3.8555837624470923,8,2,3,26.867547888362303
12.541487304518219,2,1,2,41.9840948078547
5.523562717932364,0,6,1,20.248429563514094
5.245666569996443,20,5,1,15.606994309268735
7.940964398822319,19,2,1,21.589316354038296
2.977757188233634,1,4,4,29.712717738270744
15.662664423029064,13,1,5,67.78068055664839
7.699533916421657,0,4,2,30.68854047789097
16.534847204816547,6,1,1,44.957207107692454
3.023337942775137,17,6,3,24.121290346949024
5.254939798867295,20,1,4,37.64848944637694
3.719114072771872,17,6,2,20.457202935414198
3.3167445222057537,11,0,3,22.80781034874137
10.964391295096668,17,4,2,36.407691864771195
11.127923583702879,1,1,5,55.922635627919476
13.735080158402619,11,1,1,39.131298349374276
5.551221373612831,13,5,3,31.198583152561486
9.98320190619038,15,6,4,47.46873466086225
18.167217100441707,12,5,4,63.981290652349614
2.633284705758454,11,1,1,11.660072728068345
2.5081847531862027,8,6,5,37.53238732683681
16.15839923624911,22,2,2,51.18467991472983
11.76693391841044,1,0,4,50.22529305013674
17.154696979465957,18,2,4,60.61164579351168
10.206942539436156,3,1,3,43.852046151256246
4.374659243767928,2,2,1,15.371622586870423
8.558735364608939,1,0,1,23.838504507783593
11.44963270641284,22,1,3,44.21401299508032
10.548046840886213,23,3,5,52.345075307071816
1.759795253531899,2,4,4,26.39168047303986
16.090943135507,11,3,1,45.58046135570173
1.81258364708511,23,3,3,25.146505313073682
8.818341681389564,20,3,4,46.189607495065005
3.334022967084772,17,3,4,33.94020247475109
1.6623720239375013,18,3,3,22.54618370499858
7.949665650095837,20,3,2,28.66328991281109
9.110079174125774,14,3,2,35.70512758258363
11.710965099497622,20,6,3,46.082840182136614
9.855879678420456,6,0,5,54.3354561943614
9.675467035264928,9,6,4,44.551522545800424
6.630053155624438,22,4,5,45.76170017345002
4.239030283464082,3,5,1,18.513360560410405
18.583634626905486,22,4,5,70.33965210704378
10.70280769826269,22,4,2,35.80725009359529
3.1307539218803986,14,0,3,25.47810436826206
9.315265104402847,20,2,1,28.08210308582459
8.34256433131043,15,6,4,44.593396882092534
11.52574732260653,5,3,2,40.72847456528413
3.7310853676705933,16,6,4,32.02125519653777
5.703863430766308,12,4,3,33.57086276789727
2.3209551725934747,9,4,2,14.556376146525075
19.842955404147098,10,3,1,52.70192255048711
16.207945645601445,14,5,4,60.07516192855594
1.107160525038247,14,5,3,22.729693830261176
10.703771856386489,8,1,2,37.188395186505986
17.1585223365421,21,4,3,55.939125477747936
9.683685065174023,21,3,3,40.82544822533795
12.93615129949335,19,4,5,61.81146722001906
1.2068769279429574,18,1,4,24.520382466942173
2.6938428507446415,16,0,5,36.931264537298425
1.7649688773285654,9,5,4,26.012404095157606
14.74680037789927,9,2,2,47.341381801932904
16.16425153124854,5,1,2,49.0264006955354
16.7830175607389,12,0,5,69.80793403826716
13.360912333696882,11,3,4,56.896189347923375
17.103609294034516,3,4,4,65.14401339124319
19.83655268344202,6,5,1,50.78681555393282
10.268075193750994,4,0,3,43.526915174248046
4.760004989579669,9,1,4,32.98684273404271
4.877243231777065,1,3,1,17.3356424993153
11.488273019797376,2,1,4,50.080834609029736
2.4662390082951458,19,2,2,19.47804037424971
18.163834370506848,18,6,2,52.23517405436745
1.8324483488289571,20,5,1,10.185340786440555
1.6889783769837414,22,2,3,20.53990275641467
10.56730317141501,5,4,1,28.331273002337156
12.964403046554649,15,1,3,50.79219733661441
11.110706345330902,3,5,4,51.09618597386587
2.4439746338912545,5,5,4,29.756263751092597
10.018755748747289,2,2,1,29.67703285307493
5.933750424757273,10,4,4,35.33760059595884
11.863852736196932,3,2,4,49.28264987301197
12.446549768368124,14,6,4,55.250765851438814
6.996951761535642,5,3,3,33.78162098008185
14.953999903215532,16,3,2,46.3505444835629
13.330725503761915,6,0,2,44.28437518318191
12.486011104319164,17,5,5,59.86399306396626
13.74036796019965,23,5,2,45.036396012526765
11.708978278000323,14,5,2,38.50818808922822
10.509090039997579,14,5,3,40.035735695104876
15.074421755197621,22,1,2,45.1085022882506
9.145714076928275,3,6,1,26.98357045954038
4.073239119434389,0,4,1,16.727008424621566
6.604068789783349,11,6,1,18.493506032962735
14.526522069104937,14,4,5,65.0752900407425
17.614396365567657,11,4,3,57.55229985973879
3.7088239174101196,13,1,3,29.22426493246933
2.9442633324504053,5,6,3,26.277006971617034
16.02373872256826,4,5,4,59.994695004647866
12.56881316749224,1,1,4,50.772333184829485
5.139874690245057,21,2,4,35.0766305223007
5.8862933512902424,20,0,4,38.42188926122745
2.479327130941393,8,1,4,31.583791239557915
19.40497847576763,8,5,1,52.15603171237943
4.41541724659011,23,5,5,41.50441320055442
7.901642829403779,16,3,1,22.07321417611856
8.690047611358803,13,1,4,44.529154839498986
18.955036157514105,22,0,3,63.594968669272006
12.365935386498029,22,0,3,43.70570288044055
3.378562171753828,14,4,1,16.244263171495167
1.5669254013630396,21,6,3,21.30779423755167
17.841127549226105,17,2,1,49.377599863322686
9.586909279445194,5,1,5,53.32261426946862
4.639413434645417,4,0,2,20.072834295184812
6.575674925979304,12,6,2,25.932804690255622
11.667473167627938,21,0,4,53.66646568574989
4.609657971060187,13,0,2,20.730050138565733
19.80332553706733,12,1,2,54.744159542997345
19.798751242429304,15,2,1,52.93333928385818
12.856942790046917,11,5,3,48.31752573241819
12.639025316622101,7,2,3,45.78822780840587
14.83710064992654,21,2,5,64.20773434051429
5.555578634216621,16,0,1,18.817238745829847
14.61403973643268,20,4,3,52.99113305069575
12.918519708296996,16,5,2,40.05639916832871
10.756677580975934,2,4,1,33.395528197203255
17.98519873074206,19,5,1,47.80922991532579
19.652110086003912,11,3,5,76.63911487017305
14.276570474531026,11,5,4,55.22927146384873
13.617490764733189,22,5,5,58.78850882627507
17.031190169550126,17,2,5,71.51344571874483
1.384332670755865,12,5,5,32.86768292733228
1.7240099801479674,1,2,3,19.84688125637971
3.921951812723159,18,0,2,20.955677334966804
12.612590920444372,11,1,2,41.70910850150953
10.769141767076652,17,4,1,30.08908026918614
15.376608794892912,4,4,4,61.50622388743306
5.230232789554702,12,6,4,38.52982705767921
18.02769797096074,0,0,4,68.09723216698333
12.058670655795272,0,5,5,57.017463191746174
15.478555102271777,19,5,1,43.02671120013943
16.610870115027033,5,0,2,53.1755930853172
12.37848577577355,4,1,3,48.07817146578267
7.018376828618559,7,3,1,19.642548381726282
18.5458831657603,20,5,3,60.530408724573626
13.655713421903998,21,1,4,54.76817462544213
15.606736767631231,18,2,2,49.85221670800331
17.42895828326647,21,2,2,52.293072669144124
7.5579179248983674,22,2,5,49.10309034911188
10.250621586492421,8,3,5,53.528405436584194
17.60255013039547,14,4,2,50.88892101679656
7.466336001130624,21,6,2,26.398926838389983
19.40386466703073,5,6,2,55.097672458740654
7.207508298032007,16,4,2,26.13610810247189
17.400097926462866,18,0,2,54.63396930667181
18.69904257999937,15,0,4,69.97927935333666
6.365033126325839,20,1,4,39.63541541633124
14.999628407015594,2,5,5,64.30975818055853
17.403703356033287,19,0,4,61.271462861490896
8.555916554497706,5,6,2,28.98328294687893
13.052042340940025,1,2,3,50.560722961640124
2.262579062291603,3,1,1,9.967918461081938
19.340287415377638,21,5,3,64.28629783584307
9.99642369394798,8,5,2,37.9416947765455
17.33519549369949,21,5,5,68.8692539535683
17.78914223547371,16,3,5,72.79116813521698
3.4212545488603263,15,4,2,21.55481228219766
6.4416148978031105,3,3,1,18.930827596883795
11.055881621934136,10,3,1,34.075557747912555
17.49163335093039,20,3,1,43.88079306338723
5.495446766394594,21,2,1,18.44364160110645
3.7428985695088857,22,1,2,19.01504065712343
15.550094105713525,20,3,2,50.51343683790672
4.688065901278665,8,5,4,33.38279176672609
19.742171836027527,0,2,1,51.27704066214974
14.537501302472698,12,5,2,46.09386493607101
19.761256114564958,6,5,2,56.181912917194204
3.124769065389163,20,2,2,19.162751500784477
6.347011264106528,7,2,1,20.38773917541172
4.681156317197905,21,6,3,31.40494602517856
7.883314137124232,13,1,1,26.014753837306564
18.49245529790813,0,6,1,51.23845975407722
19.300683104157724,0,3,1,52.03600345602018
10.13261667877333,11,4,2,34.69258876751587
5.018415309491073,22,6,2,26.456543164310652
3.642999634437719,9,5,3,25.666785830290515
17.43874266648828,7,3,3,59.79225109680399
12.488955181612486,9,5,4,50.203212559239695
3.9401415888463784,7,0,2,20.518694195601466
5.348794535273765,4,2,4,37.67897542366748
6.615984836346813,2,4,5,42.28347969003193
1.5279399715443098,10,2,1,9.27467062909241
3.926326570305265,19,3,4,33.648969583624854
15.034909246945224,8,6,1,41.685982232064376
17.88754717334667,0,1,1,48.46545467784602
1.186101106898739,3,5,4,28.384774523082733
1.7506247835304078,1,3,1,7.392684310863156
11.516774863647356,15,4,5,58.517868406565086
7.663149135744963,10,3,4,43.453436312953315
4.107770396300032,9,0,3,26.62827286093845
9.814452436541623,20,1,2,34.3375067651403
17.877970480171257,21,1,2,50.87780220195437
10.646805502416921,23,5,4,47.563645380251984
8.65249280899049,15,0,4,41.917252291461395
7.889144022953671,6,0,2,33.0274840842651
1.6045303200483083,13,6,1,10.308482002259476
5.138482318159103,14,6,3,29.725029363592096
15.018629131878887,13,0,5,66.83108053910829
18.889316737495577,1,0,1,46.759640732214244
17.6939672790751,5,4,5,68.73847647261023
16.036581017925833,18,5,1,40.1540201598741
5.281554472648184,20,5,4,36.44844801082177
8.968248229175199,7,2,5,52.36407543373461
17.954396843475386,4,5,3,60.81450270833522
18.618816520094427,10,2,4,69.28823757310734
6.555189819547124,21,5,3,33.9737618790073
17.45228689010711,22,3,1,45.82070322897496
3.623969386157036,4,6,3,29.30639940391906
3.309532456082319,11,4,2,21.305387604937792
15.695370676843952,20,3,3,55.93698327380477
10.262693404910104,14,1,1,29.502274327094565
12.960226272547489,15,6,1,37.818331529370084
6.304678474602469,4,2,1,22.108516567121654
10.62513468236395,11,5,5,56.11465466474705
1.7088594536462445,0,6,2,18.929879840703222
19.272664369318658,1,6,1,48.4160437786136
18.67321813679455,22,1,1,48.9477244356993
17.749859936324878,8,2,3,56.97007904783443
16.666456342171553,5,2,2,49.28644072889336
10.73872322673617,2,5,2,35.350543269110055
9.354766660040278,13,1,2,32.21426742274285
4.617650707135926,14,3,1,18.252677796021686
3.0809325387917257,19,4,1,13.16942565679518
14.969651419696916,18,4,2,44.1190477614226
6.241431566209607,13,4,2,25.427495309424888
11.498108737012387,22,5,2,39.060701922374065
9.722867345681175,22,4,1,27.13394987177207
2.7436852095841635,7,4,2,20.625785851331308
1.8320750824203738,22,0,4,26.826093893828617
17.95623960301766,0,6,2,50.91250149073078
5.636930715311875,1,1,1,19.431099730530317
13.70482664990432,20,4,4,54.65008516622079
19.460456988256,17,4,3,61.2673940762083
15.449913748558057,2,0,5,67.85644820074543
7.875702436248923,20,0,1,22.505314886933846
6.08403531231865,20,0,3,34.28541029010416
18.880541050545347,6,0,5,73.82842363677686
19.46094252060227,2,5,2,55.39013452754613
17.088768067413714,9,1,1,42.81048590397459
15.485363727232027,20,4,4,58.926943597454695
3.4405697363154166,16,4,1,13.454169320522801
18.858477625931613,1,1,3,60.386296616167684
18.79886970251634,16,3,1,52.070204597325294
4.410790503942798,17,2,2,24.009585209404975
9.407549710210873,10,5,3,41.51808752183513
9.64735353611967,13,5,2,31.234028998189753
19.693914958809735,12,0,5,77.64904362785929
1.0070826283058105,5,4,2,15.219657981062406
6.639060918685174,16,6,2,25.6299794168365
15.794805500035505,4,5,4,57.9451652827371
13.309149214446704,19,6,1,33.639578459595704
14.45061182022671,18,5,5,64.56130852340819
9.601055429498807,4,2,2,35.19286140339228
1.7225298332734271,9,4,5,35.38600257659386
4.372969683708402,13,5,1,15.051678726261327
6.112930922538512,3,0,5,44.26326413475189
19.33023327230595,11,5,4,70.80987133080792
19.08780291568788,21,6,1,48.474594484164314
13.048323447696138,23,0,3,50.26950102747496
13.561633049667881,8,4,4,52.233584708999715
6.374517125435743,11,2,1,23.6589077716408
7.597429038567992,7,1,2,26.623326641905603
15.53398167109096,17,5,4,58.73374034098153
18.546365429428096,20,2,3,60.9335470086451
15.651418711232022,8,3,5,65.5577290936736
13.244914099668627,22,3,5,57.90887193832134
11.078182880449582,6,5,3,45.330602562501724
17.410482320148514,5,3,2,51.811690805706185
12.564107742545959,18,0,4,55.43142916991174
11.767982456368536,10,4,3,43.7058569759623
1.081638333335147,1,6,5,33.39161342934847
14.05661159009849,20,5,1,40.579139353559675
10.370666255165679,15,2,5,51.000974178079595
8.025893613004966,13,1,2,30.15167623296558
11.042571047665207,9,4,2,39.924708463681824
14.24373024640413,16,1,2,42.64432062599248
9.5356909788801,10,4,2,36.29223580706224
1.3779811123555725,2,0,2,15.53981031813933
19.003230079899083,6,0,3,63.04495798655179
18.06608494173533,10,4,1,50.5437463968187
17.08413227439189,1,5,3,58.94184126299112
6.795434647438331,18,5,1,20.924040899055818
12.435788700724514,11,0,5,58.2335760020235
9.26490429013669,22,1,2,32.39400237079474
18.335898810467576,3,3,1,47.65508097597041
10.259534985357087,16,0,5,51.7708697280636
2.0761112027710156,14,6,4,30.992803955209734
9.034143785552978,11,2,4,43.54228174943266
7.785949952141178,15,4,2,29.192089415143528
5.195920555997501,7,0,2,23.398568073480497
1.0616466735491539,23,5,3,19.57612880596754
3.3959631664314065,16,4,1,14.697157515318969
18.34726835447105,4,2,5,70.6172701421954
2.532763343096279,20,0,4,27.649261701812303
9.712391401361103,17,2,4,44.24196819302418
12.728323635500034,17,3,1,38.26199664461782
19.51628599000786,1,2,4,69.53373493362902
19.883144394756275,2,1,5,73.3499880245348
10.306624090636234,8,6,2,35.7767906837285
5.313077897847245,0,4,1,15.641361882781984
11.690710541666132,3,4,2,40.80529285040353
5.231715914915999,12,0,4,35.95200449974606
4.3831320557262,8,4,4,32.53806028715923
16.437371394986368,19,5,3,52.985682925999384
4.761666618490473,11,1,5,41.636618779113356
12.752346374385098,6,4,4,56.08235595838422
9.051988723289664,23,1,5,48.675436179618394
15.819750415860025,21,4,5,63.825775681188254
11.322167049973507,8,2,2,39.93558980395435
2.240819837233393,15,2,1,12.088979944738147
6.3036863996548345,7,4,3,31.418943300997057
4.783743546221564,13,1,4,35.16094978062
14.785093133490108,4,2,4,60.683260977438735
13.59598814656777,15,4,1,36.77604647711769
17.3929288003261,9,1,5,70.32251538500037
7.765193540339288,10,1,1,24.943521568017218
9.286797486034038,9,5,2,31.960109124612273
16.697439167361708,14,3,2,49.47025622893274
3.068383201370801,2,4,4,28.154735816521256
4.617938700345225,21,2,2,20.510797448437216
7.325145396509695,21,0,1,22.02633919968906
1.3704486633387647,20,5,1,9.142370218629907
5.261691298035774,9,6,2,25.078842774485793
2.5244562268677866,5,5,2,20.557530645291074
7.519968952720738,23,1,2,27.668178400622384
10.94357257188326,16,3,4,49.36246677247572
5.060990748889171,12,2,1,19.248006936907224
3.936903634552565,15,1,2,23.10262749373247
4.229572081331003,7,0,2,23.655778997546705
6.060400529926175,2,2,5,43.47410201981407
1.6379668394921647,4,4,1,8.0370609066594
11.01600093766659,16,6,4,51.712365327879404
19.272294983019194,23,1,4,66.8933273012108
19.06894640028407,4,1,1,48.69014867773562
18.448376800725185,4,0,5,72.73640435476243
9.41976931350949,3,1,2,32.12189933155603
4.20710653379335,3,1,1,14.383949245472618
10.862516222159446,17,4,1,33.34039721768495
3.7654829734991546,20,5,3,24.40348416240999
15.184379747600826,2,2,3,52.317169630322454
13.665431043499689,3,6,2,45.022099882998965
17.23626572942208,9,5,1,47.84024179298512
3.0260140005619434,18,1,2,20.72645204677476
11.54507729945117,4,6,1,33.53523756573847
12.321734250923516,8,6,1,36.14416599732169
5.622582064599505,21,2,2,22.763690727860766
6.4781371381950255,19,0,1,18.398199533146716
6.451531762644502,8,1,3,35.00865071872662
1.9896913552856061,21,4,1,12.304490334434284
12.903809921231515,20,0,2,43.63673020861407
1.6400178960289118,10,6,3,20.57225460214812
11.498082063111925,1,4,1,32.30863292059183
8.225456960306644,0,0,1,25.556550699933055
15.277459448029715,1,5,4,61.88497301920468
11.472017852998357,13,0,2,38.77342285415713
17.352898326317106,8,2,2,52.617730557540085
17.495103889859433,9,5,5,68.46625817923422
17.09673043732793,19,0,3,58.35994375154538
19.164093428799823,17,4,4,67.15003755945753
13.279897795642318,1,6,2,41.21338933394973
16.650779938741664,7,6,3,56.42256775591569
19.79729475994149,19,1,5,73.90925405654102
12.493258170142516,3,0,1,32.0980570901615
18.861376329714282,23,0,2,55.500852983837284
1.2836549117915688,0,5,2,13.094772993969144
1.5200324057379473,1,5,3,21.102567351852176
2.8703930283276087,12,6,5,33.62841132187529
4.464264634741989,9,0,1,16.175509654127566
17.876492253915234,15,1,1,47.692495025773475
17.161307588651272,10,2,4,62.81519185247848
7.775828964191784,6,5,1,26.186728495245212
17.01799684545025,16,2,3,58.358378804318136
11.484966646596206,0,2,2,41.03708468763113
17.13294028090013,11,1,1,47.92839315966645
13.972548421498036,20,1,1,39.250787987198535
16.95763692596621,1,4,4,65.25150650839772
15.674906302797847,19,0,5,66.6991112906716
19.413033379844222,0,6,3,63.87290858482697
1.6177184782254632,12,2,3,22.9882937841173
19.182309912526534,14,5,1,52.80912070482878
17.199937428286795,20,6,1,45.71953354919313
1.117177801322125,12,5,2,15.037965146063387
2.2790319309167133,10,0,4,31.416509605107194
15.6673694387615,1,5,3,53.81462177858888
8.871195798718322,23,2,3,36.39637755410072
8.252519874231044,7,4,3,38.42414665997936
10.41459847680147,23,2,4,45.03170802587801
13.696535916953396,10,2,5,60.30438614505102
17.169868625562774,21,5,2,49.555041349989516
5.848891417090815,15,4,2,26.873042139118006
10.542011614662748,11,6,3,42.330456614007886
6.864413211090917,5,2,5,45.71222612619063
18.8558268980388,18,2,3,63.91021175559254
17.608635352487084,17,3,4,65.68108275285934
18.172427575076536,15,2,3,62.16035663530706
12.535923886093142,2,1,5,56.34059042572631
2.4549209548191055,19,6,3,22.858906648924446
11.473873061023445,11,0,4,50.76432371670869
14.576119911636138,13,3,3,52.671479173447835
5.899084282220222,16,5,1,17.37001894306546
18.6619748277742,18,6,1,49.99306040530047
9.305624264296613,12,4,1,29.205744149822603
2.1432541357232946,23,4,4,29.363533991916956
18.35705429865713,22,3,3,58.86997299500001
11.11588623605452,2,5,3,40.61536494290386
19.54315497830791,1,5,3,60.92797359836646
9.042741965454473,13,2,1,29.158306890100185
11.73421578365085,4,2,3,46.18135759201118
5.990360805649038,3,5,2,28.183367640334776
8.76419652535478,22,0,2,32.94893562707246
2.2679463853887563,2,0,5,35.864950912293814
10.492067527933246,18,0,2,35.67207570653004
17.023709074517985,22,4,2,49.59829757194805
9.173745987070046,22,4,5,50.11394327192668
15.3507622740902,12,3,4,58.20279624571289
9.155221870054195,20,2,2,33.78292263845651
1.071334569230198,16,4,4,24.32116892801136
5.343111821590463,11,0,5,39.72871452449135
8.816379910712058,22,5,5,52.150535325679634
2.0832314166715187,18,5,2,14.748320196315667
18.656223232179467,2,1,4,64.99880463100469
2.3096061524213094,9,6,3,22.32400932111091
11.483556381022979,8,3,4,48.064585562139975
11.065497697722115,23,2,3,46.11154157731619
12.765289482318387,5,4,4,51.79374109481383
8.191778912743978,15,1,2,33.583728759707974
5.412107607302156,16,3,5,39.64915962813778
7.544114304665529,3,3,5,49.1944717982879
9.24059410901133,18,1,3,42.139641401748555
8.690460522009126,19,2,1,27.06490241064754
17.022748766065863,5,0,5,68.53221716596926
9.061854591311732,12,6,4,46.11061168410089
6.501458391215775,12,6,4,41.614580267425154
17.23295301545708,1,5,3,55.47020438141758
6.749511020200303,6,1,4,37.578540445182185
4.5521210465422515,11,5,5,40.37682449030944
6.0162982855935825,14,4,5,44.08590963778143
12.274066266926967,5,2,3,47.26685631011024
2.597985227003366,20,2,4,29.47085563884496
16.607116920251034,9,6,4,63.36645554574577
12.463959139261792,12,5,2,43.63393073335711
18.964264248606828,9,6,5,74.69250276524988
14.205643565893808,22,0,1,41.3626963695759
4.462189550433789,4,6,1,15.657575679531014
6.42322890920439,5,6,1,22.40176458936581
14.64837257944854,7,4,5,63.35818604985012
18.18474767600706,6,1,2,54.31155569208671
19.14032138946363,14,2,1,52.73776210374818
14.969848376088807,0,3,1,38.95199796226409
19.586012463334864,0,4,4,69.35292956225857
14.237063967781031,22,6,5,61.6147525766792
17.79730788905105,11,3,5,73.13866516384459
8.979750820916582,2,5,4,44.845327935053554
5.594809648981304,18,0,3,31.659607702800425
3.0104429647040547,13,2,1,11.651628469908628
9.299978697529388,23,1,4,48.38552107617561
9.454705223242009,16,0,1,26.316926970546813
1.5958886616867733,17,5,3,24.173823893710882
12.226204515546241,0,2,1,35.39094915742225
2.2338488677954955,12,5,4,28.497902464043776
2.796681938637523,1,4,2,17.279438821514802
4.286154035023675,9,0,1,16.417311503207088
3.1810608256524535,1,6,3,27.231079867003874
12.695361623810768,3,1,5,60.387663593998774
2.78358206973108,23,3,3,27.03400461512154
16.679943256378287,2,4,3,55.95373852567268
13.945370720818273,0,2,5,59.49370850786844
15.559469772928919,3,6,5,63.49791035173391
5.049390492970155,8,1,2,21.45459510465381
14.469207570158865,7,4,2,43.62883668619587
8.349132344580141,11,6,4,44.696017108001286
18.277103360346345,14,3,2,56.50204328021471
10.235710378074371,7,2,2,34.978596383270535
16.606472765682085,4,5,3,55.696367343436805
8.637957441403806,15,2,4,43.55732968158823
17.48858520336885,1,0,2,54.059697418152176
2.336202094222231,11,2,3,22.788270163463512
8.596197081517401,11,5,1,23.500975713206326
14.260553658885451,23,4,3,51.474107664834044
3.3421001456269415,6,2,3,28.045895568288522
10.352283075364932,7,4,5,55.02344416501411
6.215455117491935,22,1,1,19.57981705793199
1.2108266013697255,14,2,2,12.90384196445783
10.54133118330149,7,1,4,46.94850036704946
4.294419630822567,2,5,5,38.88678674799179
10.356141602829124,22,0,3,42.863427211004584
10.184730786101136,23,1,3,41.57912247839298
9.077881986771086,3,3,5,49.755413464975966
19.391410564100905,12,0,5,75.11679171690672
10.067018945996999,19,0,1,31.073732186727273
10.007525761153817,12,6,2,35.25794831580291
9.605290627952831,19,5,3,42.33312522600093
3.7340627607850525,15,3,3,26.990200966176047
2.444359376057223,16,0,1,10.051399727275896
17.34556656722272,0,0,4,66.8561498250822
2.3753647516734575,5,2,5,34.1458493686561
1.1936441856593185,17,4,5,32.597497868694326
13.301710645015511,7,4,1,35.354420596235265
8.128904245895423,16,4,4,44.98192605647807
6.257305959316827,3,5,1,20.781098393423814
3.4455705651700455,4,6,4,33.805559463034044
10.715628936487166,1,3,5,54.975320019591216
3.514161921729973,5,0,2,20.051678486074675
10.37724024333334,2,1,3,44.562888538470304
7.433805491188522,2,1,5,45.131825851574675
18.749961126225013,9,6,1,50.614631879305094
6.629619044594265,1,4,1,20.009411412827493
3.388058064245233,4,5,5,36.125478682982965
4.280431502625374,5,3,3,29.83603251123828
4.608838501485215,21,0,3,31.114112136464644
1.7229862652338457,9,6,3,24.14530537198444
6.317622601504666,15,2,5,44.26935949990446
7.6111927133505395,6,2,3,33.738800153668485
6.809164596508667,22,5,3,31.867623694789817
5.607359353754756,14,4,4,36.5750049293761
7.774233853225136,15,5,4,41.75505025076622
2.2161696344669672,0,1,5,34.32368026507632
16.77580777618826,19,3,4,65.26323010345139
1.265797360802675,6,4,2,14.59783764149925
17.587432079012643,9,3,4,65.43182507728316
5.900425428130914,15,4,5,44.579854620674375
12.830587985918722,9,3,5,61.54289701289183
12.996330637049219,22,1,1,38.07221060892108
19.195920037077194,11,5,4,67.62891267791544
9.413630755318675,1,6,4,47.83146321582111
2.087860786626921,13,3,3,22.163509921139987
5.738876528335634,23,4,5,43.530016203374615
13.090201773513193,7,6,5,57.28636224616908
12.687076060226284,13,4,2,42.15016861109847
9.426726603990799,7,2,5,51.25712452241822
18.628861222622664,5,6,1,47.78827654359471
17.063821857868923,6,0,4,64.26417411452294
15.801784259939184,6,3,1,42.22776202472659
12.540108440616214,18,4,1,32.40949322789686
15.608230278426591,9,1,2,45.159296022521154
19.59218059330107,3,6,2,54.84856018329561
14.649816894920042,20,4,3,49.605203955352806
18.219687427648335,10,1,4,66.27994991986236
2.2035056844720557,10,5,4,31.270247410807386
5.30820420317667,21,1,1,15.386484293648227
15.48700170700234,11,3,1,42.44874914532365
10.50628110588733,3,6,4,46.596975080296104
14.21101569850909,0,2,2,46.5512741095439
11.602609435762256,21,3,5,58.82813417665274
5.498295730388343,14,5,5,45.32073375886552
6.738835109834255,11,1,3,35.87057447943574
19.41913023444033,17,3,1,49.666161542072714
15.626587756980289,9,5,4,59.179796003570715
1.9969877833154834,4,3,2,16.549272586527408
16.49459213384175,14,0,1,45.12571412718709
17.33339689109488,20,5,2,50.70894087329317
14.234206068295164,3,3,5,62.56925576298976
6.324059225520044,10,3,1,20.476463008388457
15.562119327054104,12,6,4,62.58757898716706
7.062465822335246,12,2,3,33.90480666668594
6.228396077062088,10,0,3,34.79569447862599
19.521040061562207,21,1,2,55.415533845025756
9.648237434583354,16,3,5,53.14140891359008
2.0817690999738367,10,2,1,12.641200787986524
7.430539895503957,0,2,3,33.11529396451802
3.3655991898492155,10,3,3,27.208973305445706
4.023605521711911,7,1,3,30.136926661400064
4.406885481528322,21,0,3,30.03499250439917
13.972078230225316,6,6,5,62.88372703036764
15.539460992543463,16,0,5,64.36314245384752
7.738300836435002,7,4,4,40.99446977012242
4.037145519727208,17,4,3,28.674803099517145
17.942483885043664,22,5,3,59.730819986039286
5.700801827611568,16,0,5,42.72514609510535
14.855893425266899,2,5,1,42.03270894729818
4.027999407591452,22,5,4,31.310070506213023
10.881878031616711,0,5,2,34.198690436521474
2.754154225204908,5,1,4,29.26405244423881
7.904723130405126,15,1,4,40.49677197180428
9.566012490266605,23,3,4,48.80517835907556
7.526690105853225,22,3,5,47.67027478864602
10.312343402842751,1,2,5,51.698388901319234
10.042068369739665,19,5,3,42.943441123199335
10.966996782022024,0,3,4,52.04918610074409
16.849309995780615,7,2,3,54.03226596194679
11.782215407166765,13,0,3,45.65204355964199
1.3449538900647453,23,4,3,21.954201059750204
2.603366798861087,1,3,2,15.145314634415618
18.560552034559006,2,4,5,71.6300867838589
15.456438933043122,0,4,3,52.059238638520014
3.642128783647401,14,3,1,16.043163624909443
6.434325507384114,9,6,3,35.50354561957211
16.14092083606232,20,2,2,49.0083660342836
17.462289393384538,21,3,3,59.78085658624295
14.541287327882777,15,6,1,39.136879972176
13.234695853721375,13,6,5,61.637490550463255
8.563345399494093,21,1,4,42.2555806971792
19.166374800382716,21,3,1,50.62528210680095
2.1672672678877216,2,5,1,11.837285846386125
4.620575055307062,0,0,4,33.33763792680109
8.987025395717641,20,4,1,28.226579207348102
13.605255065417461,15,6,4,52.61778486609377
15.612764878946997,22,6,5,68.00615009569628
1.165769276616878,1,5,1,7.74182158961843
8.56739599864881,0,3,4,43.23466978088414
2.580379774086288,14,1,4,31.461340284600876
10.258079511669411,22,6,3,42.60707682829074
2.9541716670123987,19,1,4,31.964776232198975
9.512155337961905,19,2,1,25.730962377081596
18.193045724794406,1,6,1,49.21745722966283
2.167406338663529,8,4,5,34.65136097842823
1.005471419257184,12,4,4,26.676450101936414
15.44914446667702,21,0,2,49.57689386681221
3.254300786251107,3,2,2,20.821065617947347
14.761300459410682,5,1,5,62.96467995256413
4.630948951902797,20,1,3,30.29290126284903
17.381771497963207,8,6,2,51.46757359962102
9.979639198478964,21,2,1,29.304557988953075
17.215521151071652,7,5,5,68.81903097767923
9.75033210352749,17,1,3,39.49385268185886
19.206758022213414,16,5,2,54.15168593594635
19.311931805217252,9,6,1,52.999685744728104
13.925377713920563,23,4,3,50.44470673861739
2.129876906466731,13,6,1,13.656480892364648
15.418807966497896,6,6,2,48.245471415555855
12.34681125863908,2,2,5,56.29710674562078
12.028613418778408,3,2,4,54.01425766618474
17.79116037429037,16,0,1,45.24778838654485
1.4289550478195647,3,5,1,9.019031933399706
13.589299701190669,6,0,5,61.35833167665999
10.620486325481961,3,5,4,49.79378801371455
2.722037297057342,14,5,1,14.621645334522901
4.578380425429408,15,1,2,23.437486037902723
12.086717869163376,4,5,5,55.28782087509746
9.789491473962137,7,3,1,30.945714599993885
2.6105922262091044,23,6,2,20.600256551595166
10.767584644075605,5,0,5,55.71162786052956
7.494515389874304,18,0,3,35.41969659736072
5.009902365267252,9,2,5,42.40399924282912
9.840974213946229,11,6,1,27.24903949146182
11.16341497466308,3,4,2,35.709547095135875
19.47120720010248,4,3,5,73.84974554246979
19.45832162462083,21,1,4,67.88610687514749
16.550289671352086,12,4,2,52.87465377521281
13.689641920067642,1,0,3,48.395175059218545
16.857010274633637,14,3,2,49.239545003986244
7.393539198953235,9,0,5,48.934954157217746
18.320423201249014,9,1,2,55.29912169268715
3.358139352632323,0,6,1,12.318991876580377
5.325762663890251,17,1,5,44.181409661689656
18.496330059189088,12,6,3,58.134003385794905
12.339515477583351,10,2,4,52.80258286883791
11.09450463964695,5,2,5,53.097971800095145
12.540837336096875,1,3,3,47.90748604985804
5.954007313866039,11,5,2,25.44501487781632
9.885490387816555,5,5,2,35.41792229289467
12.490183865831998,23,2,5,61.030564385919035
10.173107740940353,23,1,4,45.8841689510195
3.411052696977131,4,0,4,32.00405290016859
4.6213101235005825,1,0,5,40.52823931731408
8.140250850163161,9,3,2,28.69793493561566
8.432850729137549,13,4,1,24.142157852870504
5.780067399777488,16,2,3,28.374725563967225
12.312839454975952,5,6,4,50.35848215836526
16.214799389422527,15,4,3,52.48807948873249
3.8594452397853978,11,4,1,14.760903217034155
1.9279834853061448,0,5,3,23.720993917102554
15.487660252928316,9,5,5,66.12934316025246
3.9341051863172662,22,3,1,14.091102313394265
18.629798813195507,8,5,1,48.884472310362504
16.62853873611493,15,0,5,69.84942041450007
18.974667719424517,15,6,1,48.598740790289575
18.502462538591754,23,3,3,62.48005073084699
14.117341893808371,16,5,4,59.078242967322915
8.821989335666036,2,0,1,24.507348965619407
12.582665416143751,9,2,1,32.78240609998295
6.110244981359683,20,3,4,36.45851766662624
2.841119408648008,4,0,1,10.508507199540144
11.386028155703048,2,5,3,42.05474645989807
14.507165713324502,20,6,4,56.97410599720584
16.057103154826294,13,4,3,53.02647089035756
7.320806959137664,1,3,3,35.800966992975674
16.760693121065806,7,1,3,57.64726889725644
5.651096962825404,11,3,4,36.7171228648815
5.7447020675611675,22,3,2,25.788482708582407
6.522172991249256,1,1,3,31.44407230075446
15.50700280316972,20,3,1,40.051207972251014
11.491921498319611,8,2,4,50.35315426317108
14.621640305283517,4,3,1,40.083910410473536
4.047386630953554,7,5,2,20.4729716279304
4.987084176784116,3,2,3,31.82855489258557
18.57380033638038,8,5,3,58.50350752104978
8.127639925181203,13,2,1,25.786726634338443
19.399679616463256,13,1,4,71.40024328875204
1.7539256039145819,13,2,2,14.610597578144446
19.487667028029403,1,5,5,71.87837146131574
4.8245590132073275,9,1,3,27.0080138255233
16.730292203012496,18,0,1,46.82586913962275
7.411062531249962,16,1,2,27.482667776125854
15.807639866921832,4,6,4,61.2602835988021
13.826992527927995,6,3,5,62.610906320016454
12.344757537235498,16,2,3,45.26218660767017
15.95350759504498,10,4,2,48.394700785680605
8.24481331251247,2,1,2,29.082152420977156
8.115147305410588,7,4,2,28.05643547578996
1.1217007150505074,22,6,3,20.5486474969448
14.065955951403627,12,4,4,56.031717886487314
2.8265015324756066,14,5,3,26.742686917161897
6.9905433697925075,0,6,2,26.55173674672534
17.854866817096834,17,0,4,64.16987842966547
9.171320235463483,17,0,3,41.466286320689335
15.200988359688616,5,5,3,51.0076498663816
10.047363401510701,20,6,2,35.393717397235534
11.59083790149488,0,5,3,43.35353730763358
15.586972303361346,11,2,2,48.70343034478114
13.008614161038716,10,5,4,53.740467515587106
15.00660973232692,5,6,1,38.53149785888093
3.1842125302055706,0,0,2,21.958161285297955
3.3800420242254257,13,6,4,29.797214004536258
18.517830643590422,22,6,2,53.83883780587197
17.992608125430642,2,3,5,68.63282786211676
13.809428479419212,0,5,1,38.580644193604094
8.821350995708013,2,0,1,23.83360990195365
18.149099162127506,8,3,3,58.242588960446994
9.77627923141889,21,4,1,26.43025866806141
19.873329583790973,0,4,1,51.629529362671065
7.94886683574402,2,4,1,22.519272922692295
11.289551348044089,23,2,4,50.183768305311574
17.967051860279533,12,6,4,64.08323600187772
16.931286848189004,21,2,5,68.54789972878811
15.956555246995853,16,6,4,62.15061025357357
4.4995267883833465,15,6,3,28.86240415752578
7.317166567856305,8,5,2,28.6371651460476
13.28681960985184,12,2,4,52.006194629564064
18.082376867786508,11,5,5,72.79980634845316
11.48157397104629,21,3,3,45.7589311358637
15.042839151988035,13,6,3,53.894777429973914
6.061495010305133,18,4,5,42.19315608265654
11.297065013238598,2,6,2,37.06367047955919
12.488945158793667,6,3,4,55.19338053048306
8.66792503939191,22,6,4,45.71570562606253
18.051679114028104,15,3,4,63.13781293295101
6.133100687208453,13,5,1,18.47704694926916
5.91750544671374,4,6,1,20.540778257808206
6.692839215206042,9,6,1,19.664709056046043
1.6435330818375489,6,3,5,30.88712984560081
14.90742313255159,4,0,1,40.8806069726493
15.992932664363678,12,0,1,41.37337875092402
19.83577745932164,0,0,2,58.37773286805815
14.8668970252932,11,3,1,42.51030558268205
14.978988092046862,17,4,2,48.48893790295736
1.8842425056641106,9,2,1,11.080447754632594
10.812656263287083,10,3,1,33.56688930354362
19.134451736087108,4,5,4,69.1993866069323
16.50153801070605,18,1,5,69.54486490535214
14.192261786787334,9,4,5,61.41681734670147
10.899902556751563,21,1,4,46.19257721149056
6.856128010832619,22,3,4,36.893727113577626
1.1566943599795547,11,2,3,22.574320137945403
7.701819633531531,3,2,5,49.796987976038935
5.198291095808821,19,6,4,32.9887214031183
18.095675345913733,12,0,3,58.234937132389256
7.703408130684654,14,1,4,44.10034924797939
1.9477079513715605,19,1,2,17.16422631464118
7.289469580528521,21,4,4,39.0212714988588
3.5286514539980467,5,0,3,23.151298263280477
6.738919550797556,0,5,2,26.349561488613656
4.914564549183792,0,4,1,15.167495392592318
3.7051195827162218,11,2,4,31.1039692715378
7.869444872636058,17,3,2,30.45833580198879
15.302962934207688,20,1,2,50.11132757648656
8.96693268483699,17,3,3,40.89772330780444
4.300738066587842,18,0,4,35.66369103337786
8.968742884762294,3,3,3,38.399901961781
11.14456148096484,11,0,5,53.27233150584674
10.164890825170692,8,0,1,26.450333922359086
18.85047253243675,16,6,1,49.459281340291945
2.871456812300486,20,1,5,33.65368820956136
16.44710616086263,0,3,2,47.68154125573279
10.944044808784657,5,4,3,40.394219892453904
8.207328911059658,20,1,5,46.76284454128997
4.519252098879607,23,2,2,24.58110194622244
18.23767603633486,22,4,4,62.98118695360143
11.602222949536165,18,1,5,55.55896044683027
1.9549797433274825,11,6,2,14.155460396501756
8.254596393994628,14,2,1,23.11485939208057
19.086198674666633,20,3,3,59.64271483183022
11.888256803978662,5,3,2,42.302384849130135
6.1307870329034335,17,4,2,24.27472956624999
5.60835343429727,22,6,2,25.579221218656265
6.886861350104258,14,3,5,43.51826902720437
9.27531442677313,8,1,5,53.49944296955159
12.434526154657929,6,6,5,59.83701751985872
1.5739792437911038,17,3,3,22.114212502065364
9.94619847028407,1,0,4,46.12260830813525
3.6163805843952077,18,6,3,27.048071802568536
12.140071748537597,9,6,2,38.942613510426355
9.15020716710912,16,4,1,26.48461925454182
2.032356967497382,3,3,2,14.153226406609333
15.331400352514754,23,4,2,46.836546788785526
15.058410591362875,1,5,3,51.83540881497765
2.187437945967532,15,0,5,32.78781825183474
17.911756299244338,17,6,4,66.6005772376776
8.57536361771777,15,2,3,35.102431283263385
11.053900819630533,18,5,1,30.942991166072694
16.053412987029432,0,0,2,46.30907082140179
6.856687339482908,12,0,2,28.976436318858195
4.4466434479737735,22,4,3,30.885926409604878
12.629702578432484,15,1,5,61.871573750411855
3.868118380487278,9,5,4,35.003369461599725
7.410636380902768,0,4,2,29.04888571758969
12.706163588439676,5,0,2,42.64292977713467
18.186860613455725,18,2,2,52.911694042603614
17.355796619569954,9,0,2,52.96231312212507
10.039131095401595,23,1,2,33.08341925016218
10.61715364785665,17,5,3,40.77802138300919
16.735552676149673,8,6,4,62.557443375024256
7.651399292379279,20,0,5,50.50702486317897
11.93005935051945,5,4,3,48.387506825511004
8.767208808086455,16,1,2,29.231893032375943
18.219662466420516,5,2,5,73.84973955610366
8.037178123762546,7,1,5,48.32530174639448
10.499567628101435,8,2,1,30.260039914457863
12.725057484750343,5,0,1,35.04283161013711
10.338883087207096,0,1,4,48.59970815779897
2.787160871880078,4,5,2,15.926961871466176
14.260464118292374,5,4,1,37.42986137711943
2.1202138653500366,16,3,1,8.178105291046077
2.586835257093707,15,2,4,32.82494466956493
7.965181309604039,17,4,4,40.12976883186945
14.210833142171698,18,4,4,56.61265281118395
18.897147192216327,20,1,2,54.82223620995612
15.996823360764706,16,0,2,49.90001478751228
7.138194615462352,21,1,2,25.913994960056986
5.232481161194111,17,0,4,38.39817496904819
4.890743675312086,17,4,1,19.0881109807895
6.756825503807245,5,2,2,27.902028315041733
14.803834988046866,14,5,2,43.13238020012678
2.741825560239308,8,2,5,37.383377264745725
1.6733393907377352,3,1,5,33.62604978830942
4.679434522067636,0,5,4,32.916177644841035
18.772738176690684,21,4,3,61.77660614282783
2.2366328078167568,13,2,4,29.968481813788728
17.445436178430846,1,0,5,69.05089792780467
14.402731841300852,18,1,4,58.49118340340744
1.7149846275211558,10,3,1,10.872676945135586
2.8905828673130394,5,0,4,32.57763260015076
3.6100641214370004,7,2,5,36.128772221267084
6.900959389827355,7,1,4,41.098074595217184
4.482100268989251,17,4,2,23.20613285594888
13.378593775885168,18,2,4,53.711256715599816
16.880445465815832,7,1,4,64.73481048837247
4.037930191969997,3,3,5,37.83903277003894
4.062766203084731,13,2,3,30.223183781050395
5.112131380652384,19,2,1,15.607334151521329
2.2368626380535943,23,3,1,8.321205813792416
9.64583684775739,15,2,1,25.595948938611023
13.069265758351676,13,5,5,62.80348329229798
11.257654323589295,7,4,2,40.18128442414235
3.4611316905169933,6,4,1,13.589343027597671
6.026359033761185,7,5,5,46.58726389631624
9.334414354750471,8,2,1,25.526804598707404
16.875091779534237,20,2,4,61.14842037345639
13.127604574832187,10,3,4,52.144760753838696
16.378246423876746,2,5,3,58.14054800639278
18.229003685749632,1,0,5,69.28071146754235
4.381745489242359,21,1,2,22.66161315682903
16.027702502493163,10,1,3,52.52677005612144
19.988384465883268,13,6,2,57.713785739524866
2.461130592729205,2,3,4,27.389933531126598
2.6419394145536454,3,1,5,36.94656097773175
15.16710173559431,12,2,4,60.26497638013497
18.307012709766724,7,4,3,60.17242998420148
12.420109479383749,15,6,2,43.480249002302834
3.7049576986872883,1,2,3,24.12784906085951
6.027401037130478,13,3,1,22.811246200513835
11.409337770843965,0,2,3,47.07582104322891
9.995289920370631,16,1,4,45.27003171335323
3.34161643851889,22,4,2,18.105444448732918
4.83342544685709,16,6,1,14.576516028157634
5.700141020799862,16,1,3,29.074560338275134
13.415336828196775,19,3,4,56.308941459257156
11.611688901348671,14,0,2,36.842101569178105
7.867336275666817,0,6,5,46.0155423130399
7.293693880265493,3,1,4,38.37114342965927
10.804969961438067,2,4,2,38.89676140140948
18.43154919248666,0,3,2,56.140959867210945
17.880626191209597,21,1,3,59.81141641962194
2.5213975430144586,0,5,4,27.031490070222517
10.828051734654013,20,1,2,35.62173843924519
7.50034310501799,2,2,1,24.25576585764882
12.533234739695182,7,6,2,41.9681914149572
2.4597101048981074,0,4,4,30.443266570415485
5.685959088770608,17,1,5,43.3775666469687
18.66871562576718,11,3,3,62.1274264829805
1.802826884759585,7,1,4,26.958843205847895
10.93834388185826,23,1,1,28.159355346731996
10.246122038549169,6,2,5,56.56593161872258
3.893380985091297,23,0,4,34.57031330692581
11.330922963423125,6,1,4,50.696741323340014
7.374337084510395,1,2,3,37.86416196003904
18.486442185006464,10,1,2,55.80823100082088
10.475659878155879,8,3,5,51.376231707775624
4.5759654454725744,3,5,4,32.02364291055265
10.240631398632047,2,3,3,44.511575438181936
16.269170022483358,11,2,4,63.96260422173201
2.0857687272141487,22,5,5,34.89227447276822
4.103370732217053,9,5,5,38.9596894934184
18.52801286576637,8,3,4,69.3372984587851
3.179516638122008,5,1,2,20.62411596204756
12.277990612590438,3,3,5,60.49462039955211
1.262843475865804,10,6,2,12.23276411765205
7.867802405574468,12,5,2,27.103570016274602
7.86253816363912,21,6,1,23.631828020890026
11.87779509580517,7,2,4,50.09336867447585
5.368205837445011,14,2,3,30.32653895862175
8.590837890661732,12,6,5,51.905229943941066
12.597035588545577,23,2,1,36.066948133400395
9.315466322884399,15,0,2,32.52272672608021
8.065770552555016,8,0,2,28.61556671090463
12.250171826729508,19,5,2,37.52609903635568
16.06076617123873,18,5,3,57.646162644238814
17.797013349877652,8,3,1,45.95782416692167
11.798375374224825,5,0,3,45.8124094505072
4.761066122062868,17,0,1,16.783482574624465
3.84576058737607,23,4,5,39.725292855234215
6.2465710821413305,13,3,5,46.62355536297918
13.620649921041535,16,3,5,63.14165741679837
2.1487622035962937,3,1,5,33.78932424593799
17.726269490366832,13,3,1,47.616999335562134
14.115909915029254,2,3,2,44.75258208176417
12.144031721184303,9,5,4,54.580649086676004
3.123116638625772,15,4,1,11.307747690060628
13.32200701960328,6,3,1,34.044600301927815
3.7704834556625437,7,5,3,24.79638033547213
16.378332955502167,21,5,5,68.2616009685967
11.653456507622957,6,0,3,44.331401571271094
14.284395571994484,2,1,1,36.18141831322009
18.691713575074182,20,4,3,62.812757077017366
12.57408556709129,23,5,5,58.04629317919197
19.191196887299387,13,3,4,66.28089642468716
12.126597396828064,12,4,1,32.29391992782987
18.670835307390043,16,1,2,56.118887147225806
7.272197235596221,23,3,1,25.51140694010105
8.022546729209363,16,4,2,30.203770441577678
13.460629417566206,15,1,2,40.74219634364087
15.304381277244705,0,1,5,66.01274828473356
1.2116845977874742,14,2,4,23.791086128017717
9.445736994556878,16,5,2,33.33104766979477
16.75523807392215,9,6,2,49.543640943616
5.5231344953560875,18,4,3,31.663204031638422
15.440471826616692,18,5,5,65.43886571054027
3.190747160064804,22,0,2,19.830568856985458
7.173693970408982,9,1,5,49.359878922758035
8.538204451552396,13,4,5,51.530385881605184
14.919769761764476,13,2,1,40.97897810971427
14.719603938316638,21,3,3,53.05190623913989
1.6218544407787356,19,6,5,36.262879717670494
18.76154148113692,17,1,2,53.48907499283175
14.627280936936366,9,5,2,46.80321689055926
5.278580380110319,15,0,2,22.430621314268468
9.760204002012923,21,6,3,37.73039663240904
9.654275593365231,23,2,1,30.15254591514161
14.513427520945463,19,3,5,63.195564910300625
5.18517259117016,3,4,2,23.813858522786955
12.857853394145419,18,3,1,34.02120788319147
17.60113157333322,5,4,3,59.220094280941886
7.3926504174139485,11,3,5,48.80729631173398
6.29510373434663,6,5,4,37.17230880573973
11.671184375439513,13,1,4,48.6146342367827
3.3076843507800104,3,2,2,17.410224074033486
4.196190981880037,9,1,3,28.642982046013522
14.99933906440933,1,0,4,57.960412741901465
12.61392421398276,6,4,5,60.325981856833465
5.342981049547538,12,5,5,43.86950710310705
11.149563744061917,23,0,1,32.675528406052365
12.87758301901569,7,3,5,62.451794294080585
17.633451494865515,10,0,1,47.40022375069717
15.382944925860345,0,6,1,42.293670862491076
13.693571638419742,4,5,1,40.40817331789243
10.177723539525367,13,5,1,31.17587944739198
9.921686852560306,20,2,4,45.62092286397555
13.627473744169166,4,1,4,55.53665546446234
19.098306776596132,15,2,1,47.35645888513855
11.814292243530572,16,3,5,56.080697575245054
11.06045465350751,11,4,2,38.90324314171784
10.353597432211451,22,2,4,49.58110272644984
14.094726836450677,9,3,5,60.71400661583479
12.554027182659052,7,4,4,51.952368189782135
15.223487370142493,23,6,1,40.68591867161301
10.535304018450946,11,0,2,34.179864555466224
16.49273296772584,18,5,3,57.93393939955106
8.88760336844181,13,6,1,27.659941057014606
10.391451892991114,1,3,2,37.65633785780415
5.3620904582306315,5,2,4,36.320574464985036
2.3632132580032277,16,2,5,33.99035976439273
3.43777829719832,13,6,1,16.219458817703142
1.8969225164981365,9,2,5,33.10234855167427
5.413821053639774,1,2,2,27.136865998196733
4.344435007734849,15,4,1,18.719296510583582
3.8220570985169156,1,2,2,17.941265098231078
14.053524884310152,7,5,3,50.13210703005093
14.437029379823429,19,0,2,48.10844156684354
7.72559671331996,8,4,4,41.726732929159816
17.70149571934049,18,2,1,45.64837236063724
9.776745760807293,18,0,4,45.66570290791519
8.41669352060697,23,1,3,40.330579980795164
2.6577351811241248,7,2,5,35.257673370559964
15.047530610888574,6,3,5,66.0453547841195
17.036861521137514,14,4,2,49.75771119345537
4.030318035858874,10,4,2,22.07217708676094
10.855947857869804,18,0,4,50.286678582155396
8.675157237810385,23,1,5,52.69023554796157
4.352449801755186,14,0,2,23.198228784336933
6.687027123341864,17,3,4,36.5420051661668
8.50446941183133,17,0,5,49.34431327322541
4.627659336202644,14,5,1,16.657941277545657
2.637120844089086,20,4,1,13.059765285650407
15.202931644989075,7,6,3,54.19570665108335
2.009416916474411,3,5,3,23.736699015503262
3.769249207075206,17,6,4,34.000961099129555
10.492303441973643,21,2,5,55.52637613654883
3.1266619252611765,11,1,4,29.85539287974826
18.12074518161912,0,1,2,51.84955962623464
9.699559536898532,17,0,5,51.0078700307091
16.21983277472822,3,3,5,68.26883311115412
2.238562375104029,23,6,1,12.900796110843462
9.84753209234608,10,2,5,53.433459052843475
1.2085925983205748,6,5,4,27.21368949137362
9.780287649949056,22,1,5,53.096537429122186
1.3097908897150061,22,1,2,12.966242553275153
14.870098132852874,0,0,3,51.43055356091233
1.7080718198668077,20,3,1,11.040700871491552
6.348532355529179,10,3,1,23.254491087682002
14.564949014241817,3,5,3,50.79919342401806
6.076880127416137,0,3,1,22.965946724507493
4.821964470283309,10,6,1,17.291718029044354
10.613153147960473,2,1,1,31.250297580577353
11.657115050592575,13,4,4,47.954365569014
10.94403206164799,4,5,2,37.78630113372854
1.8873314370675818,1,1,1,9.11319252543517
5.765318950886798,21,3,5,41.8589494873393
2.9280104306502928,1,4,5,36.8945022551542
9.095597759935888,21,3,4,44.07252673658378
11.788989974333662,6,6,1,30.378696614538292
2.790522375750712,22,5,1,9.977867948282169
10.12190077292132,2,2,2,36.32609121804869
10.742572601604742,15,5,3,41.5607039950145
16.905130693394902,6,4,5,67.31146675257975
8.95593600326281,3,5,1,26.52483368912734
11.578377123926241,9,3,4,50.831986649387716
4.873344829858633,21,5,1,17.14453637012312
14.329781567192207,22,6,2,47.86126854271963
4.164281257390222,9,3,1,17.399538457473646
13.083272110955185,17,1,3,50.62191223362349
17.218711958604242,11,2,5,70.57267931945802
9.832495428000781,5,4,5,54.13431928097285
2.1361573318634215,1,3,2,19.820315135655125
10.466904039576024,20,6,2,36.01508099967736
8.0987039262304,12,5,2,31.23393531551747
9.541143702904941,17,0,5,52.66291490038749
16.474528890135073,22,6,1,43.406050951584675
3.094506560087604,13,3,5,36.74720580000345
10.952122409407421,8,4,5,56.516745414033494
3.945598919055647,21,0,5,39.95161180889064
4.616817902845392,20,1,5,43.61200402840811
8.229368241890999,3,2,3,35.245523948455606
3.723257405817666,9,5,2,17.578304469401708
16.136943999111786,18,4,4,63.73881046417103
7.775179656692956,12,0,5,47.25997694966875
1.2928913269258682,18,3,3,19.66395449974307
1.8128493362395315,18,2,5,33.63726303023351
5.100820073194805,23,0,4,35.937867272030516
19.90803824416587,1,2,4,72.16517002712723
15.231630036833101,13,0,1,39.58844766007296
17.033727301881154,18,6,5,70.19494619479445
13.836379610322279,10,2,5,64.08298948417927
13.598922224119775,23,4,2,43.28493707733215
12.729008433301606,11,5,4,54.98806247014319
2.3519383170928627,6,6,4,29.42928978053196
11.367665540978559,23,5,1,32.59096800822639
11.096328604434992,22,2,4,49.79490892621411
1.5941021059952503,21,2,5,32.24465559217825
4.244307461152758,23,5,4,36.43237795717405
19.00594118623249,16,0,5,74.40233595950455
6.101600444762761,11,0,3,32.52173473681388
2.7089842385072656,14,5,5,36.05770552294093
5.08112247916241,2,5,3,31.005160879290422
4.440352432215082,22,4,3,29.693212650015948
17.38679787459811,3,5,2,49.65179126620085
6.093497766983269,4,4,3,31.47960115110065
1.5992765796974973,14,4,2,17.533104406665757
4.929579628721807,13,5,4,34.14448918898999
17.210484162439663,17,1,4,65.74937074341473
13.597684967779854,17,4,1,39.013728021723026
13.631736592035862,13,1,5,60.4611134466261
5.361758471342448,10,0,5,44.329434373662735
15.257365935904376,12,2,2,45.356505329746
3.183597660271471,8,1,3,24.1140417000086
10.769104588152402,10,0,5,55.55840409920235
5.080059120855801,9,1,1,16.38146501311837
14.373705134331042,1,5,2,42.26225756079861
3.5006337938075465,21,6,5,35.52943297569061
17.42106344022681,15,2,4,62.762583294357256
16.441403336251142,16,1,3,54.88761467355602
2.034187136323078,12,5,2,18.989429012350225
9.301902026808092,19,6,5,49.46074977759421
8.119362574383238,9,4,1,27.39120003108936
17.994956729482276,2,2,2,50.96492277343136
13.577062957488986,2,2,5,61.14260684591666
3.0347404707986874,23,5,3,22.16407591245565
3.5432223192695718,2,5,4,29.799024044592766
13.76028961073156,1,6,4,53.99100686562716
4.619436441848766,16,5,1,14.308587536194189
16.969188606463344,18,2,5,67.98443359450893
18.137605267837433,21,0,4,68.30556684531844
9.114911413026563,17,4,5,52.28866538459617
8.145269301820782,21,0,4,41.10341197477433
11.745305167196488,18,5,5,54.81740888536849
6.855461543059733,5,5,2,29.510431232872833
1.9108462783790006,4,4,4,30.90347311538331
9.986467391543624,3,6,5,55.88517123855625
13.948571468058754,15,1,3,48.532005194998305
15.447719091074578,23,0,1,42.92188078024242
6.694149955076784,23,3,5,46.986987359398476
2.2741341745947974,18,1,3,20.91821974580019
14.636317756082274,18,6,5,62.12410709709455
10.264945218626913,11,0,4,45.95392393077135
4.059858849722994,14,2,5,38.79348830874796
12.103743697457523,6,1,3,46.38177519965184
12.876083081824087,11,6,1,32.79406678139047
5.531050390654277,17,6,2,23.913265756673656
5.093883286379335,14,2,5,44.12754027715452
11.450800244541172,4,1,2,37.94195005308009
13.499865229072418,7,1,4,57.76671897452688
18.000286759068793,0,0,3,60.49097102745086
17.03521627002486,16,2,5,70.72987265010596
5.495562061339639,10,3,1,20.600841127550616
6.789228792687211,8,1,5,43.62840689679292
17.966955156556484,23,0,4,62.60522655944849
15.942097949520786,17,3,2,47.31387871914883
3.9821539505202757,18,5,2,21.9635248280638
3.5812622693170195,5,1,1,14.604257933270635
11.845809072553335,10,5,1,32.11808044962212
17.18564462134555,22,1,5,71.1384862307631
19.756896793454217,22,5,1,52.68441960185416
19.733451988357384,10,5,3,61.23931664159724
9.556436099036528,5,2,2,36.07839196286532
19.725056724267485,0,6,5,75.90308710194353
16.787208608573188,12,4,2,53.41138913362279
11.799453958321129,22,3,3,47.92460944828801
4.806998823779665,6,0,2,22.869963005893535
14.784525340792566,7,4,5,64.44281832348598
12.640486096489937,20,6,5,61.77653200744299
12.922998479329967,2,0,1,35.037506587243534
11.111028369801668,23,5,3,41.727093032670794
8.095584714598552,6,5,1,27.097414682682796
15.204424270539453,12,6,1,39.724772344780945
2.8686698550961607,20,3,4,31.947964639113252
16.422430390936757,5,0,5,70.56603279002064
18.988427720020187,21,4,4,69.0884345431624
2.759712273596196,13,0,4,28.84771226073468
17.24579680136469,23,5,3,59.488071264692415
17.905951948965875,0,4,5,73.11952852012963
9.627251001544762,1,3,2,36.52195797052236
17.662583269345372,18,2,2,55.506310108737516
2.049646522993581,8,1,1,9.298425051396384
15.07060808935658,19,0,1,41.62314373930307
19.29027116438649,20,4,4,67.32400689205245
15.903201317875357,14,4,2,47.84314569909246
13.843700007382756,6,6,5,59.50436385815871
8.714650787255113,2,1,1,25.764738935298197
11.76712203829433,0,5,1,31.91314294741513
14.556024114322534,1,6,4,54.789662683161
3.341714611438841,17,2,2,22.46903928931564
8.301780912680666,21,2,4,44.02237800460945
8.58290135787923,16,3,4,41.70924976713597
13.359826079197198,6,6,5,62.47241790363595
10.236411825750983,5,4,5,52.09288127478194
5.408654031965942,14,4,4,37.15248541979188
19.978214970157513,12,1,3,61.30926818052071
17.77899028459588,13,6,3,56.98764578201356
12.903484768424443,18,2,5,58.169287730555006
9.940243307947554,5,5,4,48.30253388403501
11.65103338087766,10,2,4,50.201703955547416
14.483634150502839,3,0,5,64.57732138563094
7.183806465639793,6,4,5,47.04873221107882
3.648762926507009,21,4,5,41.0931753299195
16.70543573616758,4,0,1,47.13222140808181
10.176173608734407,10,6,3,43.011701479422925
16.313855543756702,22,6,1,45.3463486781559
11.793594869906537,19,2,2,38.290030518228974
19.724542011987953,15,5,2,54.67851078682744
15.739879570150416,19,4,5,65.2875909167425
6.3453954532602825,13,0,1,19.246173748828202
4.098461163461401,7,3,5,42.19189149487541
13.85354153456614,2,3,1,39.97867581873141
11.28635670666373,17,2,1,32.04511481624299
8.689696410809836,18,6,3,40.224687085240625
14.078386237696485,5,3,5,60.88011700100488
6.90991450421507,19,4,4,37.28420989239216
2.596443516283113,21,6,3,23.696976707918328
19.65166139164936,20,0,2,59.6602094707161
18.99965388760601,22,4,3,60.32251423518141
11.22236143993596,10,1,1,30.851600173958026
11.082351682887952,0,6,2,37.787206408284575
9.28897862035677,22,0,5,49.646656520705605
7.099773440263547,9,2,4,42.497613647668246
8.01219065949094,3,2,2,28.17892552688203
19.97966490759219,9,6,5,77.13651093647364
10.531076385713149,2,5,1,30.76582201434237
9.689991342827213,0,3,4,43.31660852428041
11.76636537934645,15,6,4,50.53845810016475
3.5794017894342596,10,3,4,33.93226542370159
13.267718400105053,21,4,3,49.732150741730194
11.162546537730806,12,3,5,58.5531397279051
1.8301909618595678,14,3,2,18.246734764835487
10.400445096992366,17,4,2,33.46631900961647
17.29477686903382,14,1,5,72.27825166305031
5.879269772227378,7,4,3,29.656578161965378
9.203397364074593,1,4,3,41.434660688093054
14.108349111772599,14,1,2,43.68638812287923
15.995068004575227,7,3,2,46.00710750339709
18.64895620138318,9,6,2,57.31753722292405
14.862482080054678,21,6,4,55.83917071946016
3.972827970223964,2,0,4,34.645922705087756
12.279435720072444,2,6,4,54.47946943995895
4.019352914118427,18,4,3,24.714970779039273
1.8473015752862296,8,5,1,11.628292105657675
18.438646307665252,17,3,5,74.00308634447696
12.795034321900225,17,4,2,40.05941996865717
16.23210266367979,17,0,3,54.4556289936524
1.9932101109857583,19,4,4,30.27389161091775
2.276774874687995,20,1,1,9.732673283465303
13.909352526053024,3,3,1,36.736690354952394
17.762837243714817,22,4,4,62.29461272638898
19.89319754908076,6,4,2,58.36403094477255
18.093865621001388,0,6,5,71.26549744084215
19.047241386591857,12,4,4,68.36162663408344
15.085087005611653,16,6,1,41.46841929950021
1.100679238541216,2,2,1,8.18152985119967
19.40606953680021,6,6,5,72.80916499775365
18.0795879245574,0,3,4,66.55941470246512
5.587203478672226,0,1,4,34.427543425293436
14.90159651275265,10,1,4,57.198411749564684
4.101904781484069,22,0,4,31.31870905646378
17.44575197372108,9,6,2,50.35726637858652
19.535823510716583,23,3,2,58.32404199726396
3.957175200984901,15,0,3,27.85371431782806
19.860091735447345,18,3,5,73.47373149454505
13.891718463409168,16,2,4,54.564348291270534
8.321971067492123,12,6,1,25.20705603943197
4.755709678224317,11,3,4,33.70569008670543
16.094333824664076,12,2,3,56.91941317688687
12.609701020120896,1,0,4,50.61805302244225
13.322781043079592,3,1,4,53.24772292918922
9.958034438949204,0,1,5,52.01157310303946
2.2866158047142218,8,1,2,17.20145903952545
18.077178919235315,6,3,4,67.67664646064978
11.710460101059747,6,1,2,36.13772063098266
5.0966987937144115,6,5,5,39.083571914807564
4.063304767780712,0,0,1,12.726605441221945
5.607187776673208,14,3,1,17.817727756560966
9.36967074152029,0,3,4,45.321285083214214
3.851986459892366,23,6,5,39.196787925565744
6.7131846610764985,2,5,4,38.58348374569151
8.084636678651414,16,6,2,31.863240032342723
11.500746442380905,7,1,1,34.11786410546603
7.265625985077866,12,5,5,45.14821408201649
9.698941997081798,21,0,1,30.069722324703683
1.2472742510807289,20,4,2,17.77933445967443
12.396123367835136,7,6,2,41.3655019260775
3.328799947526331,20,6,2,21.520251662259355
7.4492908192544585,15,2,3,32.14186596029595
9.192531843588533,8,5,4,46.66423423693636
8.292709855859048,0,4,2,29.10563126548376
8.066790610726908,3,3,1,21.917112906979423
17.896805355514118,1,3,4,62.42144363612835
1.2540334249373448,4,6,4,28.089362300376592
9.834707537142553,22,6,3,40.31202916021199
6.012688025815017,23,1,3,30.82817579167085
10.891089396162293,5,4,2,38.63851624834902
17.528819204806236,11,2,4,62.24765849323416
15.768967284218737,22,2,2,45.355000838377755
9.15161724972011,19,2,2,32.201516422788664
19.976243179562076,21,3,5,75.48492513557525
16.34548952059974,3,1,3,52.59939227688701
16.28487787679297,7,5,2,46.4888765427384
7.024529676606807,17,4,5,44.83088737282883
9.981963673288393,8,4,2,32.974477567110455
8.193452359380451,5,2,1,21.957957370063454
9.388605888676567,5,0,3,41.64606064698175
7.543256102511002,11,6,5,49.59469357137098
18.951621837426412,18,6,4,67.2921501114609
7.682889725069436,11,5,3,37.34557917055219
12.938837995629086,17,3,1,34.51023719889206
18.243031218601693,0,6,3,59.830033998022515
1.9236147706480886,16,6,5,35.97116580158285
8.82361914587289,17,5,4,42.49984215673348
18.878631795685887,15,5,3,60.339794118485244
6.194132253151783,19,4,4,35.491142395245916
4.311987434695718,19,4,2,22.69319468301242
17.91029457498979,23,4,2,51.761006408759094
13.234494422890645,14,4,4,57.17940891088725
11.156763136560643,2,0,5,56.08302877136313
11.40873216282284,10,5,1,31.789412943833064
8.66454831889263,1,0,3,37.20956297861753
17.82511045648443,13,2,5,72.42924109929855
2.7589142143238403,23,3,3,25.80091575655039
7.409810713908591,22,4,3,37.23438670499507
14.534724506857629,22,3,1,39.692636258438135
17.664750429543176,22,6,2,55.25381008959002
13.428969064220045,21,5,4,52.76995940777173
5.670216501517893,7,6,2,25.781367744219487
15.674526852901955,16,2,5,65.62673834184055
12.810201965978957,3,3,5,58.716878937834444
6.006670638881189,22,1,4,35.30048140248616
19.300275959964996,2,3,2,55.162212371079264
17.093765404772423,2,3,4,65.64899610127458
6.687363878118861,18,2,3,31.802236343876547
10.938204501442694,19,2,4,47.60529108114366
13.345922603477513,8,1,5,63.347740905034605
11.537078788234895,12,3,1,35.299265126103045
19.21565240637855,18,1,4,69.54871024671728
17.163638797491398,5,5,3,58.40638041791157
4.164864206080075,5,3,2,21.511687776014163
6.415629093151287,21,6,1,18.403490043259772
7.237302865979801,20,4,2,27.77369436614392
1.8925430409462498,11,6,5,37.178639011482815
3.6249524214632918,10,1,5,40.86355104546036
9.85769073917568,13,2,1,26.546202806896222
11.695713764364259,6,3,1,34.55989515644718
8.701061552716382,0,0,5,48.461266203704376
7.278655604663977,12,4,1,21.97942171529355
19.234356304866775,2,4,3,62.769194723612536
9.794525176402294,8,1,3,42.50574322610074
17.394512061810005,2,1,3,59.65011408946012
13.986351305711766,17,5,4,57.924254849375146
6.312641718656614,9,4,2,29.038927288568573
10.69711001346758,17,4,1,28.801556496464837
13.067784893173302,3,6,1,34.79836166730214
9.470510949901543,3,6,2,32.862857714274455
3.27373914761638,21,3,4,32.221686671747435
9.360028390632202,21,3,5,53.83525977788168
4.578150263346837,15,5,3,27.95110825231833
3.712947410188617,8,2,2,19.105380206868105
16.964399860170552,8,6,2,49.82701978653222
9.987763200048295,10,1,4,46.80420083756092
9.06409181332885,18,0,4,43.0473355867935
16.598037012083086,13,2,2,50.399159032785406
14.646982724300923,19,1,1,40.072818636290066
5.999955650214523,1,3,2,24.18046237316156
12.293982352110243,12,4,4,54.49191966763047
12.423270000558306,6,6,1,35.85132440701541
9.545246683869282,14,0,2,31.425899058358915
17.560424673563038,11,4,1,45.3160648944588
6.207446142741875,4,5,1,17.281446028158317
13.539480803610092,1,4,2,43.31635219200171
17.370817899401302,10,4,2,54.10006387935428
8.331991427502677,18,0,4,41.46704251186228
1.9212000964065317,6,4,4,27.856764625487997
3.7709736819323783,18,5,2,20.48358401349143
10.02827240310145,23,0,1,32.04573718473409
1.4345073772856671,14,6,1,6.368087086241909
4.781955707848004,3,5,5,38.84374525567472
2.6285123614667967,11,2,2,19.07174947940159
15.905167906956041,12,6,5,64.15689139388138
9.993219706360504,9,4,5,50.619489452245375
4.002248357234685,22,5,5,42.08833607812738
7.701664437852739,9,0,5,46.846170162438156
4.734095407017394,12,3,4,33.068333854708506
5.211691125785272,21,0,4,35.746439194712046
18.032959518868704,9,4,4,64.37508220647263
9.039541954971497,3,3,3,41.21381001268293
7.096215653781418,12,6,5,45.7120041530538
13.583722812814749,12,2,5,62.264693828505784
9.542602164574097,0,6,5,52.11125581750478
8.491395078135827,3,4,1,23.915218057311645
12.789861848739875,1,0,1,33.91649271646277
12.865303467528925,5,1,1,36.86360503650279
6.600895936776528,13,1,1,22.844326807650194
11.025190245369638,23,0,1,30.294809789705837
16.242172139482964,14,1,4,58.75069795307405
7.072884578973594,5,6,5,47.77538897318964
7.425928135525355,8,0,4,38.95143841612138
19.49930684197349,16,1,1,49.63902431280287
9.185727793468223,15,2,1,26.260547496209604
1.6504894195893378,6,5,3,22.450868671847275
18.68849996682831,9,5,4,69.24592527635852
7.709618275577583,19,3,2,27.765388407576808
11.585660084376245,12,4,2,36.11481794727771
17.348794318667423,17,4,2,50.25658047828402
18.647637282723426,1,0,4,69.31794145558582
1.195391242276778,10,2,4,29.58082679417157
17.323646480081695,4,5,2,51.51744946580225
10.705998202388729,18,3,3,39.98272105011165
1.839813828640489,10,4,4,27.839429112054866
10.674578093263163,7,5,4,48.74067645540277
7.524918552264536,13,3,2,28.402389725590496
6.78726525662571,7,0,5,45.922807572705
1.8402739141362678,7,5,1,10.486574603537788
17.01339985340461,8,1,4,62.2693137582681
10.198673846972593,5,4,3,42.908058879946374
14.637795404180778,22,1,2,44.755187941642575
12.2003411063147,14,5,4,54.10851371640412
3.964982149509799,1,6,2,19.51864272911927
13.601183108744237,16,5,5,62.64591089491258
9.941428292191542,10,3,1,31.30882440188426
11.465315014314443,19,6,3,47.20352028970498
3.9794635331478325,18,4,2,22.791035886410583
5.130044747320256,12,3,5,42.26045216778141
19.482366351523165,16,1,3,63.09925171650229
9.133921345602387,13,0,5,49.812592822108414
4.891386615976744,20,5,1,18.26610754232722
11.979773211424964,2,0,4,49.89703406384688
18.28977562491451,4,1,1,49.6131691974589
10.781080911794412,15,3,3,41.86766057230641
19.444641067571975,12,6,3,64.25847312394865
9.916524601168758,2,4,2,33.796212664382075
6.246462412679267,11,6,3,30.69716926074212
12.483692552180077,7,3,4,53.87073866639898
1.2634425540700134,12,6,5,33.32487534094652
17.880161514447067,2,2,4,67.53633460781245
2.0917875170123397,17,5,2,16.699207636660113
10.020621630210908,19,4,1,26.358526773287217
7.015711673211563,9,0,2,31.070343927100488
14.770987091345933,23,4,5,61.14637825630924
13.50250659644236,22,4,2,44.40358091482243
1.522715841975705,23,4,5,33.996709005754546
4.701769502407468,5,3,3,26.204923394128716
19.237907810277505,10,6,3,61.664764493357396
3.427091591285759,2,2,3,27.858289602406646
15.167978669190491,9,2,3,52.13803129694232
6.836221753982688,10,1,4,42.420724874158935
16.60832144685826,14,0,4,59.29766011364401
4.085408406797498,9,6,5,40.528187426681534
5.311871552368603,22,5,4,38.19243131819725
3.149491370852759,15,2,3,27.38092369010868
1.432581902179363,0,6,2,15.408281444447367
6.0533428011916355,0,6,2,23.012598561116786
10.497516521704659,12,1,3,44.35268667898696
8.984415014198486,20,0,4,42.6399641528271
5.412423560189364,17,2,5,41.517942307151756
10.585970380485062,7,1,5,56.59277490120188
7.158074405535709,21,5,5,49.03671706131308
9.709512452516298,2,3,4,43.54774552127241
12.945647584147922,7,4,5,58.15422675703881
16.71469458051666,2,1,3,55.984703371754456
14.688622037802313,12,0,2,48.33039307358148
12.388474025405376,22,4,5,58.640553734742504
13.441305760236844,0,5,2,43.108941775003295
1.4574051922763265,5,0,1,12.23891075405936
8.544981509994589,9,6,4,41.706803605118324
2.893714119861773,12,6,2,16.772665013645486
5.45245112335346,15,5,3,28.29580363852874
9.801279729044413,3,2,4,48.62931415866716
3.832894308976599,16,2,2,19.952579426215966
16.38505296701988,14,6,4,60.59745506421972
3.1234031585945448,16,1,1,14.607501247085363
2.4664450966364555,23,6,1,12.964112246613887
6.8648896498564,4,1,5,43.04495322648844
17.68989007245132,11,1,5,72.3823281637412
18.884925341751124,22,0,1,49.24409116312132
4.511331324014209,17,2,4,31.915134026387122
11.89671815171926,7,2,4,52.84652285312251
16.04644312292988,7,1,1,44.50765633675324
8.803044141624053,15,5,1,27.401910795017066
11.322167903789568,3,0,2,36.61173228859242
6.679895282032337,15,1,3,34.631916788617424
2.583655529062988,9,3,1,12.224417879443799
11.930047643450008,11,6,3,45.94907672611362
14.829685276297242,4,1,1,40.917153086343774
8.666241533936489,5,2,5,52.66909772917646
2.370947191084005,19,1,4,31.450006772502075
12.13150362253671,22,1,4,52.041091209829695
6.495696303122562,10,1,5,47.73400621914216
15.898748916108705,9,4,1,43.61490325470882
8.578713964011788,3,0,3,39.11490480891603
14.227593423309012,14,6,1,40.66110483473491
13.135684266211566,17,2,1,34.91489556220167
3.5766939397928894,23,6,2,17.67831136756073
4.100368763613651,19,0,2,20.66089424340308
12.626851025694718,19,5,2,41.19896241191628
4.51345576673117,2,0,4,37.24277220613473
18.892973361644838,14,2,3,62.53014878488161
14.779489359388704,2,3,3,53.523872777801785
11.84588240445033,11,0,5,60.09678152108866
13.449963405447013,11,5,1,36.88124876206864
18.755715341996506,5,5,4,65.05196790851517
19.272543466173325,20,5,4,71.1994679878337
10.191129193982789,1,6,2,36.76843127951481
19.6372382065139,19,4,1,54.111208324001424
2.448520290322521,9,1,3,24.504052233735134
4.516177924121724,6,3,2,19.66919342653129
7.305796973755737,16,2,1,23.765471789081253
13.73805824150352,6,1,4,54.615111018769866
8.528635627294843,2,2,2,30.311387576029205
3.5879615750425042,20,5,1,16.622182854333843
10.247415201749956,5,4,1,27.578701497656546
17.18699872756082,7,0,4,63.13886226359236
1.4238438071405555,16,5,5,30.569360408294617
19.726509668788434,5,4,5,73.82294775525467
7.34487469773735,3,2,1,22.42795595001791
3.2840779025186504,20,2,5,35.27183105677792
12.075664188518711,13,1,4,49.115969793957284
2.4626059178922897,2,4,4,31.2915042073482
11.29963920858639,16,4,3,42.907968277101254
15.038315809328923,12,4,1,43.18340415433717
4.672100303547215,17,4,4,36.8460823139423
6.215069083861454,19,6,3,29.848969030993896
12.990232026996408,13,2,3,48.18122361780976
2.0105937433145042,19,2,3,21.964438753035846
2.922464986384611,18,1,4,33.29943317178197
16.997096855837114,16,1,2,48.20607263816395
11.944618906296183,19,2,4,51.35117543825442
17.771864584474,10,0,3,60.6469650173893
18.21736793088372,6,0,5,71.06118253812865
11.423479791545875,15,3,3,46.07600574826511
9.065231086842488,16,4,3,38.36243970352795
11.540502508684577,15,4,3,43.070481234085506
14.828448555551214,5,6,4,60.01063676445364
12.590029381374842,18,3,1,36.839501021229935
11.489963653128786,6,0,4,52.56217257856521
14.105393197228128,9,4,2,41.930051018276586
13.140872401676157,23,1,2,41.73361286994931
6.6563928661271925,2,5,4,37.75482950844016
7.855589937945834,9,4,5,48.162121249277284
6.531226249124558,15,0,1,21.728305148822983
9.250856061629266,22,6,1,27.752545436132845
4.416923338230747,13,0,5,37.424173927239124
8.061260326879768,17,6,5,47.774298209374216
6.53969353514457,11,6,2,27.073607876876522
13.973099679899192,3,5,5,61.66425763079524
7.08788842589735,0,0,4,42.88670049321454
4.264715297454639,15,5,4,31.465523792109646
18.53444488376055,16,5,4,64.0607888703095
10.135198535818567,4,2,1,30.796977556742448
12.825557476665537,2,3,5,58.145873803024614
14.446226608284073,22,1,4,55.632635383136645
2.4139264247805508,5,1,5,36.32832343871655
6.589189482680292,6,1,5,46.397783158954994
11.802688782042733,16,6,5,58.58449847294987
4.1787581353139895,11,3,3,26.68579110457693
5.1832706335967345,1,4,4,36.666505584670105
11.80517666286834,4,4,3,45.96286948611897
10.260173899655992,6,6,4,48.938120531763545
4.079369542148847,11,1,5,38.13044753415148
12.649198226627524,23,6,1,32.931305871916855
8.490734873871233,20,0,4,41.02364842793752
6.17152582676979,20,4,5,46.872746937229685
17.27777626544065,9,6,1,45.457770915053295
19.77860195575544,11,6,3,60.653937059882054
16.25763305647505,4,2,2,46.84241289901521
8.448582578290692,23,5,3,38.794055331367815
15.597454819791926,21,6,4,62.411384554818405
5.717725145170361,23,4,3,31.245715051778816
16.345522519329673,1,4,3,57.845548612383695
1.014921184823094,8,4,1,7.5595440186793414
11.624016421497982,21,5,5,57.412581814385454
15.60845930988745,23,1,4,60.86548294843436
11.293154834345314,19,2,1,31.66752780023623
13.894658813733349,12,0,1,37.80640872204644
11.96597171293922,8,6,4,49.00459774202384
8.637470121130512,4,2,5,52.2581450907812
5.768252871359208,12,2,1,19.577950502613106
17.908690328158595,5,1,4,66.68705690116447
19.180621578010523,9,0,4,65.4401341354173
18.90393928244803,7,2,2,56.46424829739755
19.41405531760708,6,4,1,52.7348118597824
1.5153959239309955,4,6,1,6.627437980166923
15.150375314662993,11,1,1,39.40323956914533
18.566220632264464,11,5,3,63.28049087152692
13.846138705511342,23,2,1,40.11394923668194
2.1529711873895074,12,4,1,12.83173743091459
11.906837885889967,21,5,2,40.15061405571922
10.371214690572804,1,5,2,34.33534106392522
1.2978024741064735,5,1,2,14.526250977142178
9.319379104074857,6,3,2,35.58940484485505
19.438025043768913,6,6,4,66.52370740763267
4.4314440586904364,12,6,4,32.85733298044659
3.462521315648211,9,6,2,19.59296232214081
1.9215648164814194,3,4,2,14.96957478754467
2.7362149724432783,18,1,1,13.17532829829519
16.756127998675126,16,0,3,58.37926072817217
12.235857572545147,16,4,1,32.18027106911517
2.1058099809019515,23,5,2,19.822898974883024
6.810970968351182,2,2,1,22.002732158635407
2.319529529430646,20,2,3,20.911227626983816
18.095853303802254,5,6,4,66.50618407828811
8.999133182997516,8,4,4,46.75716126452064
3.5798211841911867,9,1,1,13.678929224358258
7.618004304704728,5,2,5,48.68398869346745
7.09701065101024,17,6,2,28.612585724109394
11.680806899979979,8,3,3,44.37774096039319
2.168240156228176,18,3,2,19.3347924163796
16.652563962715224,0,6,3,56.03560563835462
7.123028352315228,7,6,3,32.99092659926685
8.862149525635814,8,6,2,29.42937316976589
11.272407514436043,23,3,1,34.702793171478014
19.59699900387686,14,5,2,54.174168873022225
5.787910228448979,3,6,1,16.333028769313998
3.420749974643596,14,4,3,27.90330014997403
3.558734134276168,21,1,5,35.67377543719858
12.400657742760064,21,2,2,42.23649145821721
16.08183966053473,14,5,4,62.36228180711633
8.24321619074879,7,1,4,40.64414496205689
12.810950100979193,12,1,5,60.83256565124092
16.890489795045955,3,5,5,66.43062320553156
18.989289285460288,3,0,3,64.26373231193412
10.553839043834087,20,0,1,32.88694153830475
12.80097919364163,20,6,2,39.28194086206239
10.991837557300443,18,0,3,41.22052152293943
11.315592491651262,12,5,4,52.884911522505625
13.051817848441596,10,6,5,61.382622741633604
4.805803963650453,11,0,2,21.292688959354642
19.132157978812515,23,3,4,67.79935362032721
13.490899875782656,18,5,4,57.08864033120865
15.944089874537127,11,0,3,53.89298393489948
1.016055659224191,6,6,2,15.965474597796891
18.80438075038211,2,2,5,71.0796270856616
5.541017360150418,15,1,2,23.503700353645467
15.676663283187649,14,4,1,41.96712726808118
13.259192842255276,5,6,2,40.45021328885787
5.982459506347705,22,0,4,37.142621670855235
18.825649459902028,8,1,3,62.69928525870801
1.1706854762659917,12,0,1,10.127392032687853
4.690484193517522,21,1,3,29.469203876047516
10.292001095610162,2,2,5,51.15716038216126
5.228457394449518,15,0,5,44.70111222156582
13.959956667693422,15,3,2,43.91633446710432
14.481447470081289,18,1,1,38.89225011811739
6.339652687502846,19,2,5,46.445345898694896
19.842655383265228,9,2,5,78.16444497129383
14.921225631799404,14,2,1,37.42025563157067
12.140735476485256,2,5,3,45.96453116757492
16.932860470275287,7,3,2,49.076584751195156
6.186107415897631,23,5,1,21.45164015548323
15.64272981361018,15,6,1,41.35250227317346
19.537830055631765,0,2,4,70.75142997659711
1.7034229801298162,3,3,1,9.042887613094136
6.212741708944224,3,5,4,37.60447751889078
5.488631247269093,14,1,2,24.761798376890795
8.514821877332924,10,2,5,51.80513062989242
6.02593028018467,3,3,3,31.57278693014421
19.64992757484218,11,0,3,60.77223110799326
2.0676958656023143,14,4,1,11.552255694992574
18.41138463371794,10,6,4,68.63771422743646
16.7844326517248,14,4,5,69.75169986279468
2.3634135617089393,16,1,1,11.559353864218759
15.857158684159343,11,2,4,59.73263893617567
14.269917101677155,17,2,2,42.02942856444791
3.100164090184464,3,0,1,14.366983550846745
11.745057850528635,22,5,5,58.56262883405305
4.453112861812452,9,5,2,20.704925792909215
8.738552114140186,10,4,3,38.61268243866755
13.968105951974131,2,5,2,45.933321299149675
4.266768251345679,13,4,2,24.268543605838435
7.406730404628692,13,0,5,47.84944185292687
10.277968949825397,11,0,1,27.005277011659615
15.778701044935492,1,2,4,60.90694663854219
16.365804375194717,10,4,4,63.61787849602154
8.576693777440127,8,5,2,33.46315126046548
13.09312036423508,1,6,2,39.52625006400035
10.607981504543462,11,0,2,34.77386706874531
17.306680869727955,0,2,3,55.41910745875666
7.285768532326925,20,3,3,35.03684062545322
16.906595074784335,15,6,4,62.87523205937678
17.000578332551964,10,6,1,46.83491091238069
16.75096172206122,6,6,3,56.885433260506645
3.2676521418024027,8,6,4,33.418402733213554
2.7018907904542484,7,6,3,23.91709629403921
12.12641028239819,17,2,5,57.03361737352367
3.35265663894781,12,4,3,23.415701407975238
6.4481339875097845,7,2,1,22.651810540473985
18.67286979723108,2,0,1,48.24678095055275
1.5797092044366812,11,3,2,14.590623981845683
6.155402600603512,10,3,4,40.18345679649501
9.869717616599972,0,0,5,53.54509063110653
6.380009091401857,13,3,2,29.139349246468967
11.800524853729176,10,0,5,55.494325434537515
1.307320061478507,17,2,2,16.280475557123804
18.9586915787443,20,2,1,48.1773365191214
7.4625636841312355,12,4,5,44.281955743914054
19.6645749766513,11,3,1,53.256106896148374
19.845162194387804,8,2,5,73.80057174671796
4.998006197649925,23,5,5,39.85039860679011
8.541065697235851,1,4,3,34.77299798300731
14.745412433938418,0,2,4,58.64350912160283
3.5060370385181714,7,2,3,25.214429314287358
19.254999335447014,5,1,5,76.50173020891191
14.426571863580696,19,1,4,56.20508046348574
16.744625710441028,6,6,2,48.80742306226067
17.91039664944976,18,5,2,54.36356477496808
4.251677713387236,6,3,1,15.145651758444332
4.892814220644757,15,0,5,38.59765208865014
18.789092186309563,21,4,3,58.23958144539948
17.009542568217594,6,3,1,42.653992573972474
5.951085471843797,3,2,4,35.09715442849027
1.678898233562231,10,0,1,11.09824707184435
2.6197904908672,7,3,5,36.92843058578364
10.69586219758366,8,6,1,29.033097211391787
4.8430296874068945,2,4,4,32.42344603340347
9.527468492557478,1,4,4,43.67264719411101
1.3607169206802394,18,6,5,34.29814594668625
12.778288783776715,8,0,3,47.52791885514572
19.967968508832243,16,6,5,77.48053367064398
16.99857207993887,5,1,1,47.428995335514884
7.60768866660853,2,4,1,22.73364421027687
16.30134349969405,3,2,1,41.487537192974166
18.226820896582318,16,4,1,45.82741566140457
12.995283629297395,12,2,5,59.25230843128211
17.98612923037297,14,4,5,74.06698731728555
15.377594442063977,2,0,2,49.8186463460822
6.991238131769467,14,3,1,20.435242347263404
9.793680303414769,14,3,5,51.53848345057858
9.826442869403785,18,6,4,46.105423923997684
16.569293049700562,17,1,1,45.77445898945941
1.0270444258306033,15,4,1,6.513342706050532
10.96919899547697,15,4,5,55.56857103598231
8.42268093501778,1,0,1,27.824666112465422
17.31850176679424,6,3,5,69.74215941923066
11.055202646632624,4,3,5,55.6747014365479
15.10091293979196,14,6,4,58.144948413583904
11.84617029855088,1,6,4,51.37863589805088
8.247630192800624,2,6,3,38.819255330066795
11.51269808278993,23,3,3,45.29602298639087
13.69021934054019,8,5,2,43.19657065118741
5.232581514962964,15,5,4,33.717340133397116
10.068622727010274,18,0,1,30.99646691340607
7.222098492792018,20,3,3,37.21394274826292
4.621639528535188,10,6,2,24.774609415077208
2.641935343334772,8,2,4,32.72770552099636
19.75759336870338,5,5,5,74.39952726021102
16.645694614145896,19,6,2,50.36481240572642
19.85153341207605,10,4,1,50.11565407113585
11.382987121653684,8,0,3,45.34394891651781
15.48622247758921,13,5,3,55.82701051270353
8.057509902910645,6,2,5,46.62830147192619
3.2158465497690774,5,1,4,30.124261266534603
1.030792690945983,12,0,5,30.38206358282894
2.8286537794934894,20,1,1,12.27513576321373
14.272894759938845,22,2,5,63.633913049537504
1.4470397909181574,0,4,2,12.665682986265441
6.556660462373295,15,6,5,43.68536835398767
8.145405809160309,13,3,4,45.15932886432963
16.31138434829174,15,3,2,50.76885608770398
12.745822750598302,2,6,2,44.20181723157982
7.394790144311971,15,1,3,37.178435069520134
4.345096490489969,7,1,1,18.06386484300173
2.7135319239859665,6,0,2,19.865236232420635
16.58938139620017,1,6,1,45.15402101708341
5.942922140887253,7,3,5,45.42089703769587
3.7467586383713245,2,3,5,41.26544276257694
13.51697590221282,12,3,3,49.002298758418064
3.171228984666697,23,1,5,38.796928456476046
14.729460573647298,16,2,4,58.07414160188074
11.653042192310876,7,6,3,47.4749598470479
6.376381853188674,17,3,1,22.657195985795813
7.411906196764567,6,1,5,49.370833211611
7.244436947565787,19,2,2,31.109025632172294
6.772126020562636,9,3,5,46.63365400412539
2.590808343724563,0,1,5,33.392054830305604
19.531875056516398,6,5,5,74.7869437447321
12.655705266293134,20,2,4,55.750140693028065
3.074305534902665,3,1,5,34.71711963545166
8.496852328244614,4,2,2,31.280749463516894
6.846068670199061,0,3,2,29.242303899720973
8.659952178096315,14,5,4,43.72884239249819
9.071541261367758,4,1,5,51.34598480118174
17.588117911081902,15,3,5,71.040045509886
13.318065609942689,23,6,5,59.58016323526944
7.693915084061575,14,3,4,42.358648292795486
7.510862636376586,23,4,1,24.794371420896198
8.357492200392294,0,4,5,49.26627480696658
12.668757109857948,14,3,5,59.533463092792466
10.770210647842779,22,2,1,28.40244283767777
15.194065397640923,22,4,2,48.04993989697922
9.744321618438814,21,5,1,28.111528071762585
12.478606552414305,3,2,4,50.15889812438024
5.652044486870847,8,4,5,44.75049767850848
11.57930656931111,23,6,1,31.60216086397317
17.667299793348384,14,6,4,65.4988855267096
9.596171939455623,11,5,5,52.84729804549014
1.6122069191636128,17,6,2,16.292865055889635
2.4965512409354527,1,4,4,27.531099941946252
5.241414921037089,0,0,5,39.770022803487066
17.372656756263137,23,1,4,61.84430091749671
13.83059728106819,6,2,5,60.645851628330476
13.0992499480677,18,0,1,33.78916603313031
9.148325649776377,5,6,2,34.17595860528032
16.576261423425272,0,5,3,54.117536290577064
19.74144463083381,18,4,3,64.77271408639837
14.578495255654225,6,3,4,60.06078110331434
6.174076027131633,12,5,4,40.00972620095209
1.1104500179246335,3,2,1,7.245025928401933
9.480237802195976,18,1,5,52.29399545869478
17.010478070995465,18,5,4,65.30422237747882
7.773498429559398,22,0,4,43.1757482278031
11.831205314872895,15,1,2,40.42303004860381
2.8142845429138843,7,6,5,37.186268842875755
11.896545118408572,5,5,5,58.957829459124255
2.142153313170664,15,1,2,16.616006270170093
3.1785897405524057,14,4,1,11.513441591207195
9.353967300568124,14,1,2,32.31843228301542
17.44556848524443,14,5,5,67.176421182465
2.2603868501613844,1,1,4,26.404190192705745
4.634664559370293,17,3,4,32.71917384068005
10.216358065273038,20,2,2,37.9663224916569
19.825616033478145,9,1,2,56.75394939209233
9.845221355002023,4,0,4,47.97450354441843
8.38589778337855,14,2,3,34.80871490323458
15.375825005390787,14,4,3,52.30539570406913
13.719109253912611,10,3,1,35.813408614386
16.159805850778483,21,1,5,64.94081419808784
3.1057229966240896,19,2,1,14.235567969740963
5.284140928010327,3,1,1,17.38461592667937
10.142864969683284,19,3,2,38.09584429814232
3.060346263591006,14,2,1,15.42865601120163
12.798264228991172,1,3,3,45.85068005081772
3.6084038184908036,22,2,1,14.718740776971018
4.087177083374966,8,0,1,16.41062912449171
8.557043768163243,22,2,5,50.99538628056312
16.026666580452677,1,2,1,41.51563330722699
11.314548442951066,2,5,3,43.068504483152864
4.109463004041276,20,6,1,16.268533013778434
6.8259831302938965,21,4,4,40.537678917451316
5.708299657309595,2,1,3,32.90456147937396
18.43825870282269,0,5,2,53.729497485849
10.486261286559909,23,2,4,49.93743190280593
17.984500537318794,12,5,3,60.59148322826035
6.705204800045298,17,1,5,46.70676752965354
10.330929453099007,13,0,2,33.93836625577531
2.158182305678582,18,4,1,13.223683112617328
18.155127187742064,14,4,4,62.77431646780941
13.00597701200343,15,6,5,58.421298102828395
1.965658704242092,19,4,1,9.009623276976974
9.751489445807106,21,2,2,35.380011085804746
3.1652533785645725,19,2,5,39.5207749864337
16.973254020710282,15,1,3,54.50743251209366
18.122770131617273,11,4,4,63.12210745514081
19.667035144738225,21,1,3,60.68919611205851
15.191903740706735,20,0,2,48.49872887247613
2.391731786199551,6,6,2,20.149707615819167
4.6326876522750196,2,5,1,17.841022469270705
4.779742521343133,15,4,1,14.572866578076923
4.23161633595236,1,3,2,20.334219162550042
10.216576497413197,12,1,3,44.22307868561633
15.134368403806166,4,6,2,44.183599412934655
7.797585183799872,8,0,1,24.693903091674542
1.924707645431345,17,3,1,12.342086474001967
12.68853042410702,7,6,1,36.63658300612746
18.441701701199765,15,0,3,59.23999065173851
10.363164846360604,12,0,4,46.1019995608101
14.980361706815456,8,0,2,45.840281602784216
16.17280104809007,0,0,4,62.17066949962405
1.0271504901837005,13,6,4,25.650005117538985
8.68073132233016,3,6,2,34.718963749528776
7.646005457950929,16,0,5,49.28102265047122
1.8691091186849111,14,1,3,23.230726912524283
15.111376553873795,9,0,1,43.75043015763485
17.303495591236064,20,3,3,55.01065311132847
5.583229632766246,13,6,4,39.350770848028276
10.540525947470936,4,1,5,52.255396904946565
5.108920243294418,0,4,1,18.2387825349979
10.757549684059065,21,5,1,30.649441217050203
6.442914774109032,7,5,2,23.918277865288253
1.4298308939151045,9,1,5,35.5406217321612
15.626450599500336,10,0,2,47.1211126880617
13.563595991714948,13,4,1,37.45157324771725
10.413492521323349,12,0,5,51.40386070076867
2.837243096747075,1,5,1,14.321079768563347
9.721556944910914,9,4,1,28.597050990922593
9.17100917157565,14,2,4,42.293500422317464
15.195496006547673,13,2,4,57.291733949459065
2.629893926078466,11,0,1,9.715547897617725
7.887150040107693,6,0,4,39.17490127526347
2.239003875115941,13,4,1,10.049083981638864
8.934825290699393,21,0,3,38.91717203592724
3.5983388411443533,22,5,3,26.88784046894242
3.1625534194786633,3,3,4,29.271532669544467
19.8328233285813,6,1,5,74.36214584986179
9.080500070566673,13,6,3,38.12086717308839
2.4274420184358467,10,5,5,34.75633476175737
15.989081169591676,12,3,3,54.1926570037003
6.368187683697559,4,5,5,45.16310009371909
15.14812066556775,3,0,4,56.397066973128844
8.748900070795912,5,6,2,34.17401379131524
19.0658994010473,2,0,5,71.05951028256685
2.705098814374603,16,5,2,16.123953244731947
14.172557343939639,17,5,2,44.70518789793229
9.222426358274479,20,5,2,30.352756514778246
12.65330433277569,18,2,4,50.31522105559751
7.319570588245552,3,5,1,22.92105766017344
18.423917605353914,5,0,2,55.72989300380577
13.672670817187289,16,2,5,62.8477366028314
5.177536753999784,14,1,4,37.45331040550536
17.3570402124726,12,5,5,72.05845799577791
5.32115778711352,18,0,2,22.465287585050238
6.0406682725828125,0,6,4,37.4355706866912
10.851762668864168,17,3,3,43.40016002776093
18.999740289301908,5,4,3,61.72867602955312
17.129697858334094,18,3,3,55.82826662695767
15.921109309372325,7,6,5,65.54129580662661
6.569658867290472,5,3,1,21.9971174893511
8.498412888696176,19,2,5,50.14361643277539
5.686430913412478,3,0,1,20.35524268314189
13.777005735036505,21,0,3,50.94664809527087
7.284956317542377,8,0,3,35.86850773889423
12.736374835623156,8,1,4,53.60638083847269
18.125358236262006,8,4,3,57.79602005569657
19.58946468574838,14,0,3,61.07575444073052
19.158594596566136,16,5,1,48.26537564525638
15.77702687857643,14,5,2,48.70452051939808
3.0415820584553908,22,5,5,36.90835452478589
16.16352252175323,13,2,1,40.92898780942027
9.12537615401816,18,1,2,35.900912380270576
15.590016715272426,6,2,1,44.0250508199347
7.804667976553474,22,2,4,44.790182661773315
7.785621530484862,5,5,3,35.91295226545812
2.7345965483436654,3,2,1,11.417677942190615
16.389984564911618,8,1,4,61.42384526787721
11.262237801738642,17,4,3,42.28328829959875
19.74537656998695,22,3,4,67.35134781183554
14.488528923218116,21,1,5,66.12479203888799
1.090018825167503,3,0,2,11.900867006242597
11.723952414689332,7,4,3,47.19862502977852
12.931382723134806,5,1,5,60.306766385450985
6.694812274241691,1,1,3,33.720234051313696
13.372169834788266,19,5,4,57.575934578666164
5.737442958645771,14,4,1,19.199225271565737
17.30713059869116,20,6,3,59.19210736491262
9.91158262179115,9,5,3,42.03052831859304
7.671937214576776,20,5,1,26.282595334665366
4.519342023071022,5,1,3,29.054049238634573
13.319341046500895,17,3,1,37.22962213444412
16.889370140815206,2,1,2,48.450362043602205
12.594036306695367,13,4,2,40.86921009127592
5.0166773001354334,4,6,2,21.12125640625726
10.84219339682907,0,6,4,47.08299760719405
19.7836378762171,13,5,1,52.72261820401623
6.523263339042312,11,5,5,46.79132849639902
5.51836237256209,8,1,2,25.923596308461963
4.156540531996463,9,5,4,32.78593308268739
18.4382910691418,19,5,2,54.78609604303779
18.837674730604746,23,0,2,56.01271934121962
12.898129099584803,20,4,3,46.291501635159136
12.184423628345554,20,3,1,34.35534259515607
16.788889607355358,23,6,4,60.25042516683071
10.719813787053477,21,5,1,28.979579120447227
10.123987323357987,5,3,3,43.11502623488429
13.643430077592335,23,4,4,55.483103967463386
7.754768484354462,23,6,4,43.98895786610285
3.9074167267128885,15,1,1,17.670856574697474
13.078149738793302,7,1,4,54.63125273096283
4.591044304988094,8,6,3,29.25735388321508
12.456964483958977,19,0,4,53.1936902630444
11.542880995433649,18,0,2,41.18629928657748
18.21202592454044,18,0,5,69.36830373854613
4.2814308223703685,5,5,1,18.66521697803771
19.45245318641914,23,1,1,50.11855032386692
2.628710757827903,16,5,4,29.144603636812928
17.340420832161595,17,2,1,43.26196400366453
12.433047795008967,14,3,2,42.79490359305448
11.9494430425941,20,0,2,41.33191583104991
18.136266168936217,6,6,1,48.53214927293653
15.195930363648653,2,2,5,62.571317454529506
5.794608906583657,15,6,1,22.093222439759586
6.606892307757815,6,1,2,28.961335488510333
4.564734002469365,17,4,2,20.694178243978147
11.042277288544906,11,6,5,55.28427673376323
4.654442715170158,9,2,5,43.563198875071876
9.780926582218102,4,2,5,53.78380420650808
2.1760039961879465,20,6,2,17.115544983183344
18.81611435554749,3,5,2,54.55733984142911
4.355137510324334,19,6,3,27.154410454442726
5.957754693707368,3,2,1,20.527301979512387
17.179988190175905,23,2,5,68.28560580738385
18.49758656596382,8,4,1,50.08638747758279
14.652483250709208,21,3,1,41.92239390674566
12.74679105335044,19,5,3,47.62309896464819
18.91421440725389,18,5,1,51.761218670596556
14.968575083569398,22,0,3,53.021422250729664
9.154970093572162,13,1,1,25.30891267299494
19.600418905990967,15,2,1,53.165391130467476
10.197111813028062,20,6,1,27.88373026488331
7.659851906119061,13,5,4,44.40691383800461
16.74459065298974,17,2,3,54.84094249473321
10.980753207589842,3,2,2,39.373584876617905
6.272780896682035,23,4,3,30.730865264929175
5.693315349638755,8,2,4,39.542471108243234
6.409268671855667,2,3,2,28.088446993080026
16.245314435293196,5,4,3,58.02452329660503
2.3591070833053522,10,6,4,30.971129872622292
16.81152940963512,19,0,4,60.781237460418154
7.411088619618575,16,3,1,25.64142032235967
9.211466376473116,8,1,4,47.852659154414845
18.787320529899425,8,6,5,74.7339814095848
14.055401012099491,7,5,1,38.191535719457875
9.61531266855514,18,5,2,35.27931431624903
1.0584666165337642,8,5,1,6.234772503692794
11.352694600190967,1,4,2,38.73589301840837
4.915165673038378,23,6,1,16.114565393597463
6.503935523521484,16,3,3,35.47571537904931
14.440538509071233,16,5,5,65.12716619463883
8.792700766957195,7,4,5,48.86636341452391
12.219218709593775,15,4,4,50.81382587291524
13.231230359343007,6,4,5,60.25784565269341
14.846276988075497,11,0,2,48.594605393010646
14.122442224813216,11,3,4,56.8238891949949
5.857210485829497,11,1,5,44.33970707717096
12.537675053154835,15,2,3,45.64830992759334
12.296648490981639,0,4,3,45.62231091068972
7.567714004825488,2,5,4,40.957026497709535
3.7812497489673085,13,1,5,37.19460831692833
7.978119656494787,23,5,3,34.04835879017253
6.734666736065643,16,4,3,36.33090813253406
10.510254318916258,21,2,3,39.75906908922893
1.416269993670622,17,2,4,28.399828530998818
10.60611332571367,17,5,5,53.54569943858446
4.003775652292644,10,6,1,16.035677345055227
11.927061314466217,5,4,3,45.67327236190519
14.370616715893844,1,4,2,44.019095833908025
4.921922357973524,10,4,4,35.084917411604636
7.248878235050864,15,4,4,39.55505654580999
6.8406702737213045,12,1,4,38.78256059376853
3.300647978228403,14,2,1,14.94715963469479
1.4107966272139496,6,5,1,8.842883888352063
14.010377700767586,5,2,3,51.538430826675615
7.571506796848051,11,5,5,47.011320371853756
4.10503945740436,4,0,3,27.09131414668159
7.8959862707086055,23,6,4,41.7403670327698
11.611708051608751,4,2,1,35.026651982304486
4.211309774861938,11,5,1,13.15193746498046
10.395283129011585,4,3,1,29.669174104539245
18.189248191553897,19,4,4,64.82792081027134
18.647765923447125,22,5,5,74.55519749911292
3.7933609256281504,5,5,4,33.46072521474583
15.438321152058734,1,5,1,38.920952323471624
16.27779217326083,22,5,5,69.22020879721896
3.72712740777056,18,1,2,22.62302513391618
19.544505982239848,10,2,1,52.23413226081433
17.747650725198735,15,4,4,66.83993709716695
7.3089073061910295,6,1,4,39.86876116127424
19.268392262462584,20,0,2,54.65680780545879
12.37216198496117,18,0,1,35.80549534367883
10.493609966162483,20,3,5,54.97044866821194
6.095134037421364,8,0,1,17.601268012563253
11.04586702554965,20,6,1,34.28214644455999
10.766857038315825,7,6,1,31.9937911044252
10.83958306490365,12,2,2,34.20964528352665
15.042269330575355,4,0,2,47.14730541897304
13.162731120527845,6,6,1,36.92076622513061
1.2920135754221214,20,5,3,22.577594492241182
18.19015545486876,16,4,3,61.6617200576942
14.426268501672649,18,4,1,41.5308838891576
19.045064393679855,19,4,5,76.0236980929937
7.042414768374804,5,0,2,29.095276402802952
3.6006214778254613,1,1,1,16.018458571968896
9.817099483124597,7,4,4,44.82393532232268
2.1293354924412236,9,3,1,7.9261362785847105
6.526966507244016,8,3,3,34.971649376938764
13.734449429630901,9,4,2,44.49793032017061
3.102549378681753,19,3,5,34.80288440240879
11.366646253205841,1,5,1,31.798993160702206
18.46971036152288,10,2,4,68.59737149728245
19.08579162409412,0,6,4,64.92486148272756
6.595972116046845,0,0,3,34.04366689598192
15.860184271964554,18,3,3,55.89561809822189
10.44003405711476,13,3,1,27.529833637332796
15.139274410523376,9,6,1,43.32193409643787
14.173456063471736,0,3,3,50.5644897561811
18.429726204037312,5,5,1,51.225909532193405
13.478625733970288,22,6,5,58.894560349267906
13.229467638431181,9,6,5,61.37294831999616
8.266336704869115,18,6,5,48.86362310429737
10.118538383012924,10,1,3,38.55076652450816
9.254611870490908,20,1,1,29.3403518067703
3.892044591251347,1,3,4,34.51506679105848
10.076548410901712,14,6,2,34.09874067375479
4.101561047071417,19,2,3,25.99151807394722
17.995184696881747,7,2,4,63.97341177323361
5.404524176514417,14,4,2,21.76581799999456
5.205513624521494,8,0,2,24.32921967597832
14.89101228269674,10,2,3,49.422310953610896
9.140440303101737,7,6,3,36.6974066394664
6.639990595991149,22,6,1,18.988162401320473
10.439928444080902,22,0,5,56.611171063261665
4.909627703666201,10,4,3,28.8096917803418
12.151489772724396,20,4,3,44.27571508737035
14.577741511089602,7,6,3,49.817868088240516
13.22540364953466,14,6,1,38.574974102032066
16.547760889544847,4,0,2,48.85082719997554
12.282972836563898,17,3,5,59.144681870378534
19.497577189311734,22,3,4,69.87555961309647
4.751806250027411,12,4,2,23.71486897899226
17.332016968577793,13,0,1,48.64814919326828
9.401794259678365,12,5,5,48.71571735418139
15.858397004883036,13,3,5,67.02130500193513
3.30889924361842,2,2,3,24.133183824821064
17.47401319387847,13,4,2,50.723780312114535
10.117946535645821,18,4,2,36.288737720928275
6.911526239763053,3,0,2,28.824702121599977
15.833973539784607,14,4,5,67.59293490580878
18.16680428589748,22,2,2,51.6642656308892
10.528807542941186,9,1,5,56.84031805079401
16.178903712180826,11,3,4,63.99935397415266
5.641365676631047,14,1,1,21.696752989688754
4.233595305768392,3,3,1,18.268431579289086
15.674971272203383,0,0,2,47.659418892737534
12.826226744537559,0,0,2,39.184416089273554
17.81159209630551,13,0,4,64.46521661461969
4.8928394668645225,10,3,1,18.78439313674172
7.441178770754541,2,0,5,48.25779008019721
11.513010366168258,1,3,2,36.718324639305386
18.146159370512454,6,5,5,68.86108880274291
14.767252158529153,17,4,1,40.78076582023337
16.93926723864263,9,1,3,56.68710036014608
16.855277993948523,0,5,3,55.43722081442232
12.437146268443154,3,6,4,55.131084452579756
15.484358885158652,14,4,4,59.414381972571434
8.370001914264677,20,5,1,27.96290880821821
18.23054577963554,16,6,5,69.85901775952128
7.92522487276875,11,1,1,24.98290414161248
8.342333894774882,11,4,2,33.25802658529682
11.050470482420536,19,3,4,48.3530004656424
1.9097596339907374,3,3,2,17.328597316389178
18.628922282745005,20,1,5,73.55705341145189
17.137317386307867,18,1,4,64.38329112664275
4.873865826268956,18,4,1,17.052495788717966
5.159440559104898,16,3,3,32.248911074937894
11.200394760025938,6,6,4,52.58989157281401
3.3739701723941864,13,0,2,17.546194991661388
1.8304556739278275,7,0,2,15.588572901255795
12.373398091750138,4,5,1,31.9762793292278
17.24158766448872,1,5,2,49.91866415092761
8.485966730318632,10,2,1,25.010806965743285
9.062432554206833,13,6,4,42.91256456281134
16.74241097028584,22,5,5,70.16824814386355
3.2960940831719787,6,0,3,27.419078275331398
3.3441419290637135,22,6,4,32.54856087050485
2.870785368437849,10,0,4,28.146421051008424
15.665658695834303,16,4,1,40.24972542827104
12.434492033433084,11,5,2,42.31829302727106
7.415466513951193,7,3,3,33.06921651640645
1.1312183809886318,9,0,5,30.925665158287053
9.75437000004565,10,6,4,46.727199960772886
18.708770275412657,0,3,5,70.07209863846269
18.013164220445805,0,4,1,48.949713681214575
1.5584419165012156,8,6,5,35.52179550565202
9.227244450315931,7,4,2,33.591208374632075
16.1973565770427,9,5,1,42.21831872776314
7.53012301862067,11,4,5,45.79383766852799
16.42173207392495,22,0,3,56.24517938833967
1.4108146541421611,18,1,2,17.739186850059323
13.652669784503654,6,6,4,54.857772342957006
3.5491505105837686,0,2,2,23.09850035906551
14.551762178290078,15,3,3,53.054911797337525
13.26033552620668,22,1,2,45.492058945346926
16.75468788725393,20,6,3,59.43981268741925
10.38548092489131,14,5,5,53.27441621428565
10.806408966156503,4,5,3,39.87586111332196
3.238795229488979,6,2,3,26.62531156187931
7.049314262924784,17,2,5,47.244991985584434
13.083916643595613,21,2,4,51.73720504614793
6.79656054865265,5,0,2,27.83308200446854
14.689886961709105,4,1,1,39.40278304815744
9.656205358842495,12,5,4,48.348190337664526
4.095970081452387,15,0,1,16.722305222919044
17.353472956794626,15,6,5,69.02744826824437
17.688287126880464,0,4,2,55.294406847393006
19.760284123591987,2,5,4,70.93744395686953
15.871421328673781,8,1,3,56.332716000921415
5.02871951876177,14,3,5,40.42746591014731
13.674243930794157,6,1,5,59.35564405342565
9.567352217203373,3,0,2,34.21426566889079
7.948031340106986,16,6,1,25.854972060652905
17.862282166129415,1,3,5,70.58243408099926
14.232063582167942,7,3,5,61.076383295550414
17.825123155134765,5,0,2,52.01265765780972
8.286836267632898,16,4,4,45.665211494982366
4.038854584826623,13,0,1,15.675801145709459
2.1714821086777,1,6,1,11.84443659449876
10.348943867998255,5,6,1,31.63671935856169
1.589499541317621,4,1,4,28.41745967887084
3.698813977647821,2,5,4,35.45749217694343
2.7600861870380857,15,2,2,16.470364951597897
15.103192542233836,6,3,2,45.08773514646355
5.423067992473149,13,0,2,23.029374318499663
13.770583487733802,9,2,4,57.71870175483803
17.301687480536383,2,5,3,59.55426165749612
4.979706964367804,15,2,4,35.07653331243075
5.841523400246463,17,3,2,25.163678600177104
5.486949842179439,21,3,3,27.86134068115724
14.683127784187116,12,5,2,47.926084514144925
12.003240581011033,3,4,5,55.569110153793126
6.413068575622106,16,3,2,27.117426029541498
12.326734788831951,23,1,2,38.58315891712503
18.704460594448776,2,3,4,64.21369758905941
6.992365747853778,10,2,2,30.833794921433118
10.228989369569677,2,2,4,48.33037885681734
12.068757563478098,8,0,5,56.71920552881901
19.40751937296492,18,1,4,68.2926982062389
10.387663302351045,22,4,2,36.45046416405677
16.792260036970866,3,1,4,59.769578196116704
9.660757737825158,15,2,2,34.03661027967578
16.61377917907229,4,3,1,46.20834560963873
19.488430070358863,23,3,5,74.20060563376374
16.427715521120966,5,1,5,68.42710894188086
19.785177924147156,5,0,4,69.0760173057857
17.209637856736787,5,1,3,56.328012261775896
8.149746579889898,9,2,5,46.43348660459358
8.381537589260942,14,3,4,44.51105937171968
13.320383937093741,3,2,1,39.11696716753899
6.167011320645373,4,0,3,33.058787853974664
19.824663304454916,18,0,4,70.64317771278365
5.511381198642491,23,1,1,19.616781232093082
6.290033165925288,23,2,5,44.56101554843588
14.038565965302357,22,3,1,36.37100292578257
4.03833956061227,15,2,4,31.85894693297795
5.655892872549305,7,5,2,26.94467939875169
11.972922098254267,10,5,3,48.393776327198005
17.652046448385462,4,5,2,50.55683536308923
3.427438569364489,15,1,4,31.87179546262103
7.850929039262738,0,5,2,29.160642190675713
8.948973033045537,9,3,2,33.16672261364262
6.179272782633963,15,2,5,43.61072314001071
3.2825089501908193,14,6,3,27.77186070031958
19.456454487728724,10,5,5,71.8591764436469
8.87142741682348,17,4,2,32.99844772587727
4.709308906140433,6,1,2,20.650265615978018
3.7520886661382513,12,6,3,28.000584864312756
17.657155410727608,17,3,4,63.53632538603137
19.42276816704649,3,3,2,55.2007344495924
14.711980838481065,0,1,1,40.573569119294866
3.453079811522974,19,0,5,35.469198056471186
19.844692309249414,5,0,1,53.44466932113312
2.735079918202632,19,6,5,38.23700632386385
1.476708206387502,4,1,4,24.659923648211745
7.098712646403307,2,4,5,43.50941824821679
15.68973504255094,12,5,1,41.55441399944323
13.05263217512104,12,1,3,46.04966113996775
15.852131331270607,19,1,5,65.5811599637735
5.471761536307815,17,0,4,35.59272070908257
11.876202919984307,9,0,5,56.929255388481465
12.261011127954959,17,2,2,41.62465458343765
8.83609741607364,20,3,3,36.10875236819227
4.1763769969579325,6,4,5,41.75602085828645
11.022248007862842,22,2,5,56.0839854358815
8.194450250995377,15,1,3,34.09547984214651
2.5917266848552396,16,1,5,35.4134390883945
9.5296108127506,2,0,1,28.512358752094606
6.558749058776353,23,2,5,46.716297774253874
2.477849640489956,16,1,1,11.77371098395514
3.309274739175417,3,2,5,36.06803053936525
1.715784609029425,22,1,3,20.956476181934352
14.452418358510153,12,3,1,41.44781351281645
18.34047088562748,23,6,5,72.59725852935189
11.551274095135925,12,4,2,39.09760293046816
19.574402041763534,14,4,2,59.63603260752752
6.082521863429218,15,2,1,18.597462752091037
4.742309344508129,0,2,4,34.63256213655282
3.6820822233694317,7,4,2,21.370913409675723
3.68234726233082,19,6,5,36.758745642345104
4.258736630949063,23,4,5,37.72233380993071
15.091112302889744,5,4,4,60.73192475360402
6.537450225483559,16,4,2,28.388203673399612
3.2084224374178154,7,2,2,19.128247918668382
8.602873913659177,13,3,3,37.08128835120668
8.335059735240396,9,6,2,30.583343408833606
11.039462563508241,13,2,2,36.52916146153985
8.159316199903776,21,1,2,31.51730663231696
10.325111564097202,7,6,2,35.50190256334802
12.773775618970914,6,3,4,53.80990397930726
5.247689730416922,7,1,3,31.86843190826735
1.9657016433097696,8,5,1,9.075859856848254
15.07850514738682,20,2,2,44.01598292924116
6.62253415336769,16,0,1,18.735911184902744
3.650282942136558,18,0,3,25.6155934532602
4.436867896293373,10,1,1,17.294125960008426
13.966674972924055,11,3,2,45.11523510077698
6.234214574845679,21,3,2,25.67791301064825
9.823130443663013,7,3,1,29.35771247568801
8.723328301571188,5,0,2,33.36280170135901
8.3576584908227,4,4,5,49.98689789927579
3.3966953710875805,9,3,4,32.98436581322061
14.253081676129902,1,5,3,52.886810613447544
4.004150880083008,16,4,5,41.378147317043364
1.0367911917945294,14,4,2,16.829882520312925
14.64330855197604,11,0,2,46.42485550050942
4.746231559071325,19,0,1,16.011513908136727
11.087141660942684,13,2,1,29.21461499262867
10.329062659021167,8,0,4,45.31998033119452
13.009961051253937,7,5,4,52.68920580010563
17.168866883851916,0,4,3,54.63570344934492
16.093233754343238,3,3,2,49.066766892910586
15.970323455840976,15,3,2,48.568625002549894
13.987349534261647,17,0,4,56.1434617445928
1.5705833395318323,18,3,5,33.48803409834086
5.44508719687564,19,0,1,17.46092392641425
12.447173889762333,5,1,5,61.42741525381283
12.295257726150101,6,2,4,49.78698403862273
10.037733151236448,3,6,4,46.03733175628616
13.574464228318313,5,6,3,51.879807558292555
6.934086625816786,4,1,5,43.91952009221602
12.156401457813022,12,5,2,42.745387157516326
15.131602040694688,18,3,4,59.733608621378956
15.723167165250082,3,4,2,48.27770343328574
19.017624843030102,23,5,1,52.44464921450207
13.925456538763147,6,0,2,41.404849961820254
1.6008376459129314,20,1,5,35.713791002853185
14.610862545725627,19,4,1,41.344068809504094
17.62201235808936,18,5,3,59.923256982851214
8.624233977434315,17,1,1,25.697915422594697
2.588594643227444,10,6,1,12.516700873452347
9.289760553665698,2,0,4,48.311021824993674
13.429757378870686,21,2,4,56.30274481472262
2.2467585346510006,22,4,3,23.119603829024186
12.573096226745113,0,2,4,51.30150341377917
11.900239240871953,2,2,1,32.23348932799646
15.293652818392525,3,6,3,54.615747452135
9.736438884408852,4,5,5,51.69607024773133
1.4062484192181062,16,6,5,35.09781472517374
8.862406002832262,19,0,2,30.683743851210394
13.917880307139882,21,3,4,53.73911656558002
18.20490125085403,8,0,3,59.037612725233515
15.907433477837387,22,1,4,60.39926027862518
4.516176018984717,7,2,5,40.249671500367235
12.731226648779826,4,1,4,55.13737542691879
1.8542693937895656,13,0,3,24.827683439552068
2.742521567205607,3,5,2,18.422069292755687
18.34692543170472,20,6,1,45.23952098595968
3.448981215766595,1,5,5,40.56130356432467
14.410490688761792,22,2,5,60.53728569067231
16.316389014090454,9,4,3,57.306085159631806
2.9868060517199897,19,3,3,24.712957572779437
13.871727287248014,2,0,2,40.91803388824431
9.194178388742094,15,4,5,49.89215118016294
16.073251669568585,23,2,1,44.244968034052
13.761264477213762,0,1,5,64.48948986376924
8.98836683360961,1,2,5,50.82247832660057
2.4387395785091366,23,1,4,32.5506568293425
11.795373122523229,7,3,2,39.488100778204064
8.698129899336077,8,6,3,36.57982853729939
6.934768911855538,21,4,3,33.10972749474115
2.568258266737164,14,4,4,29.607208869977146
9.688363368590759,12,3,2,33.750907207482236
3.7339681710499777,9,2,2,22.066021525056932
2.871774985985113,6,2,3,23.55390263341194
19.946294250553134,2,2,3,64.53508627501877
4.674739974295913,1,4,5,39.09592587113282
18.050698262460486,4,2,1,47.72685667163382
17.306951289939903,18,4,2,49.83924769706621
7.929664993938491,4,0,2,31.921665804233932
12.940112774286286,15,4,3,49.086440372003466
12.967555027393074,9,1,5,57.17813098001214
8.193820355966116,5,3,5,46.502922793618104
17.71569628610061,1,0,1,47.88633510396265
8.364498643369888,22,1,1,27.81548645611153
9.64331315715307,12,1,5,49.20631751458022
12.848825101851737,7,1,3,49.00180194631632
8.523747964778831,6,2,3,35.75623137270901
14.103817796894118,15,5,2,44.40170114970418
7.644904231158529,23,1,1,24.769120538513555
16.322190214738303,3,3,1,44.53056494351501
11.014941807272834,20,5,5,52.771050655532214
4.918197653982004,3,4,4,35.75125608994808
18.77903185329869,2,2,2,56.95516457033061
9.05014578155047,4,0,2,34.300387936451976
10.366649757412889,17,2,4,48.77901261744254
19.183352226872582,18,2,5,72.19278759672315
8.122232173948957,17,0,2,29.018772565944627
2.463219608987621,21,6,3,21.858918920833055
2.6058724033098213,22,5,5,34.753739637115096
4.122846115640763,10,5,2,22.759015497017025
14.868113962075455,19,0,2,45.279446075274755
5.404375628849982,11,3,4,34.65507076963975
3.363422317993419,18,5,5,34.912347740763515
17.124524761706038,16,3,2,54.094248591877765
19.47891099349993,2,5,4,68.08341769850253
11.163554078964564,0,2,1,33.42977021842501
14.836870542509098,20,3,5,65.58059358246746
8.163312708327584,14,2,1,24.16063035883257
4.614263935317821,12,4,4,35.155150658494975
18.606735670362998,20,4,3,63.78865097796388
12.478907391647,2,2,3,45.096242791676076
2.825930253427457,12,2,5,36.44227643950406
9.917820118294966,18,4,3,40.499900433200196
3.0287106354309623,19,0,1,11.62306183375973
17.112928600817817,7,3,2,49.97932166986953
14.974736728712868,20,2,5,64.33494690727169
13.649980473676651,19,4,5,60.518743649258404
19.60026291779953,2,4,3,60.4032609876253
17.125328240337716,12,6,2,54.03124051255675
11.543593871538635,15,1,2,37.18080537500422
1.3011722925490659,19,3,2,14.974335397486325
18.09240619796813,13,5,4,67.68970361164608
1.6673667812287227,16,4,1,7.355912454952742
12.315441031295913,10,4,1,35.60811724714058
4.444811068128143,1,3,5,39.85295681794294
18.45618006079944,0,2,5,69.90947282314603
12.486518761124142,19,6,5,61.636626031026786
13.191993282174712,2,6,2,40.15484035454027
3.7111419949424844,11,1,1,11.61642910268079
15.738114745264804,20,1,5,66.74032934495591
7.206083625897809,20,1,1,20.907296526453493
1.2514629689626189,8,6,1,11.514291767352356
8.09752808303642,0,6,5,45.932414617011844
10.009824719632936,12,1,3,41.75900427357712
1.5224239557431267,5,5,5,35.38869629080267
7.624742548314469,11,1,4,43.782971847912435
7.414820021817669,2,1,5,49.305687513872975
18.032536395404716,2,1,4,65.31290635026937
5.973845064691287,4,3,1,18.330866375852413
15.262010766544233,5,3,5,63.92158582497381
12.365068052125629,3,6,3,43.875985622516225
6.2229128839497205,7,1,4,35.70466045393513
10.22546062569221,4,1,3,43.786767793505305
1.8481832451465303,7,1,2,14.842398340371531
7.398049959041195,9,5,3,32.93673395376758
7.183013401252432,3,4,5,46.21235421272631
15.577192775361771,19,5,4,60.390980501458834
16.19389806753876,2,0,2,52.17301930123908
11.262337104325777,18,1,5,53.10915683877585
14.45084854746002,7,5,5,61.43794936186711
8.412767948127204,11,0,5,47.12065717992239
13.764430978524194,0,0,3,52.02605600940167
2.7139932528901074,10,5,3,25.67435820292667
10.119525808006367,8,1,3,40.2958449548165
10.742117400019408,22,0,1,28.989478108818986
10.38149546378393,12,5,2,35.85075283177519
3.7685604231782652,1,0,5,39.097183445505294
4.914723139754824,4,3,2,25.25334298135214
10.19435076252635,19,3,1,29.832463098320847
17.469281265356503,11,4,2,50.55450656655018
11.906952167727386,22,6,4,49.272002114043985
10.200241620758497,20,3,3,42.163582015645346
7.713490129901997,8,4,4,43.416594128554436
10.184895947440996,14,0,1,29.479412219641365
1.4608251351008466,18,0,5,31.01692880487135
16.980307431654367,19,1,5,67.76130693398238
5.014728481449857,19,1,5,43.10025496034215
8.728076872608248,5,3,4,44.56427371538824
18.672303141683244,15,5,5,74.89984413461418
14.90228571672078,23,3,5,61.50926072147948
8.758208404098962,11,6,2,29.392037026049024
15.252218530630369,13,0,2,45.279071573605115
1.2462021500498275,20,1,2,12.297922227536606
5.7314104823608885,19,1,3,30.576484064608955
10.54421990573438,8,6,4,47.629649404848436
12.825928748697512,14,4,2,40.74526054613172
15.083099060319329,7,0,5,67.45196253832741
3.0614616883645778,14,5,2,17.239906830099486
19.225485950804366,6,6,2,57.48735443044696
17.500985171619533,16,3,3,60.06522221040106
10.423224848715833,0,0,3,44.66153398293459
7.832298876762503,20,0,2,30.93297334118852
15.39032720976692,16,5,3,55.4162503690437
6.016635862799157,13,6,2,23.79893954326163
11.795685408193137,21,4,3,44.3017088685373
6.322098305419548,22,2,3,33.49661141833835
13.093579399871585,6,0,1,34.381546386181576
17.290508170518557,22,6,1,43.916900567185536
4.780635249922953,19,5,5,42.95239889613866
19.01729818304215,16,0,4,68.33104444182986
6.507977606516608,21,2,1,22.527251056217764
18.971622406947805,21,4,4,70.50473608288159
2.379626519141181,7,0,5,34.34462768830618
17.478968044330855,12,2,5,69.39272086943323
14.336771350386957,22,1,3,53.46577808307139
4.010751595796488,20,5,2,21.802182502197503
15.267721146924226,12,5,5,67.74861244579374
2.829373320552046,22,1,3,24.220639766709255
15.215873772928163,8,4,5,62.215724789172725
14.774411209412575,12,1,1,41.38291751560918
11.61619654066162,13,3,1,32.58291319881035
10.126069781845516,10,2,2,32.92013834285939
13.988001191038977,21,1,3,50.493923068969245
11.564030076560712,4,5,1,35.199627776343476
9.902508809897675,22,2,5,49.791842090900005
7.576407395911992,7,1,2,31.635355447736018
3.019046306373104,0,5,2,18.153470525321776
9.608938363409987,19,6,5,51.316405132912735
1.478339758375153,2,6,3,18.988220881616684
16.56665297079953,23,1,4,59.335923909747066
7.5608260553813444,21,4,3,36.59052416222344
17.148718827023572,1,0,3,60.43776530014703
9.943072259771903,19,5,1,30.139417384022426
19.692103570879684,9,0,3,66.0500962437906
19.63627712103207,20,3,5,74.0100621602924
18.86825401603311,23,6,5,74.6408130234712
14.910990644029434,11,1,5,63.764489799998834
19.924376865157456,16,1,1,53.91793786761501
3.431333120910455,23,2,1,13.731337694207177
19.389056109997664,11,6,2,54.67814272065679
10.936223952754343,14,2,1,32.7423118025452
3.2019930939309074,7,2,4,33.205327738747556
10.106390176281266,14,4,4,46.74002630766577
2.9128450097981364,14,1,2,16.03341125007326
4.668431278914332,13,2,1,19.0991745678855
9.349679591976031,17,5,3,38.3498078708745
10.714190894550345,7,1,2,38.87519032257036
17.433990497347537,15,4,4,64.06396085821557
8.905692779117139,14,1,1,29.276259021417843
14.064154398101685,12,3,3,52.30344495717244
3.951159652010728,7,6,4,32.55661318006153
15.007689520887318,19,3,2,45.50140081411915
19.886491650036252,20,0,2,58.25649809209576
12.545774592444767,8,3,5,58.833932195845975
3.719079033493943,2,6,2,22.52522112805846
6.4554594830500065,3,1,4,40.12804242266084
16.254094177518738,10,3,4,61.64432571342234
11.01955703602256,19,0,3,42.57147672788363
8.886732575014754,10,1,1,24.590076968844237
10.972976142032376,6,3,3,41.551133272860945
7.775330399876081,18,0,5,45.343076449221115
2.005121891106399,14,3,2,15.818379342619561
5.990174990435366,5,0,1,18.4525723241495
16.95491782221265,0,4,1,46.179540769069256
14.83985580773228,9,1,5,65.6799970396656
12.923929630841862,1,3,3,44.80419245229561
14.873136282648451,0,3,2,47.077367714175395
15.17731301871935,5,4,1,43.3791833704082
3.441732892118436,20,2,5,40.57840126072447
12.865004909285387,13,5,4,54.78262746972538
14.22839420875962,2,3,4,57.58424613967393
14.470413894672125,23,0,1,38.060247851346276
13.109929098132831,15,0,2,41.56049940239742
13.901203654081872,22,4,3,50.45005923953116
16.73199688849187,8,6,1,46.69051377912899
10.429009261933684,19,6,2,36.942394615274516
15.20914568902022,21,5,2,44.18512537818153
3.0265286376426954,7,3,1,12.33952699530745
6.036833376343453,17,4,3,29.42624825337616
10.694721840372686,18,1,5,54.78639367394708
12.114971268706762,4,1,1,32.780325382050876
18.62560663395076,13,5,5,75.74484938075135
10.731277815758537,11,1,1,33.041457172593965
11.520500240216412,13,2,1,30.571108718852923
5.9630530799069845,12,4,3,34.299578408351394
8.844601537909496,22,2,2,33.99199427244592
2.725194995155785,1,4,3,25.897176807555642
19.332984389264695,7,3,1,48.69213395021691
13.072670895050537,8,1,2,41.30602713895155
9.07190110430582,19,3,4,46.00621023244284
13.06817923358874,9,1,3,46.650812977734645
6.266523697749666,15,0,2,25.981912538606615
6.313092036936334,0,4,5,44.62268409483494
1.6898856577349233,6,2,2,15.171093531554913
9.82451953622474,15,2,4,45.722420608731795
7.85199052328352,5,2,3,37.976500072617725
13.095526124710164,8,3,1,35.614800090897134
9.713659481893464,15,1,2,34.36649929009628
2.37377062184881,2,3,2,16.172257838042675
10.223976158293915,17,4,3,38.56986358698469
7.22359577230843,7,3,4,40.990786832751255
3.709184895579322,16,3,3,24.961952530745695
17.647688387209552,16,5,3,59.32415772840461
12.0353444663574,14,3,2,42.175165876326844
12.213405205088153,9,1,4,49.71239939082114
16.364811713426178,2,3,1,42.88595143606159
8.630933325356159,0,5,3,40.258546890460735
13.358423326733728,2,0,5,59.55001075265184
7.884108539518404,7,4,4,39.795155096243874
17.897504180290635,19,2,5,69.71687194907605
15.54932488955211,10,1,2,48.73320384081362
7.3078210606659315,22,5,5,49.50114634469987
11.089325016233396,20,0,3,43.272081027458036
8.445454925249322,23,0,3,40.20486079040336
4.959982709787625,0,6,3,30.69347018562013
10.108697567708145,17,2,3,40.879795597020575
2.709316525459319,5,0,5,38.146106368730784
11.280520225045105,17,6,5,53.843513903806546
13.513823781669934,7,1,3,47.68338353409703
13.133809211790881,18,1,4,55.24444637433289
9.507002036615322,0,1,4,43.11885895232121
10.600333701519068,22,6,5,52.77474197524842
11.722187241351179,0,6,4,51.059453585296225
11.970122533308555,16,3,4,53.336274428700165
14.092297275531463,18,3,4,57.69367636186956
6.190219702689291,15,2,3,32.850717620654166
14.731855434523212,21,5,5,61.740213526306775
5.8729236409697245,17,0,4,34.52403540461509
7.3766299610944275,5,4,2,30.77938605383994
5.528553133128727,14,4,2,23.855145486877912
1.0673953455538385,10,2,5,30.230622855266585
19.398522483300727,6,1,1,47.69857482809994
1.5763259752518612,5,5,3,23.30807555300578
16.97979702148627,6,0,4,65.53294493277073
6.709851428396289,18,6,4,39.36172625656487
19.961814538231803,18,1,2,55.72594554372604
12.597606379522041,20,1,2,40.946620343387416
17.93926227037326,6,4,4,65.27071453637886
8.726632452113599,19,5,3,39.705282536404
10.183827420955508,16,2,1,31.43197513827898
17.0524746472112,4,5,3,55.08272065765875
8.37920813678959,6,2,3,37.27001530983457
11.055594793762294,17,0,4,47.15910275896544
3.7557712620995227,14,0,4,35.43841513748413
18.291694490773953,1,2,1,47.14510259383134
19.94215191738109,7,4,3,61.006963793759354
13.869041263864565,17,1,5,59.760495065879624
2.5011235539823535,19,3,4,28.80914749606535
15.146669875007513,13,1,3,54.40911616521284
1.8126884610202763,15,2,3,23.601809630637902
10.117619345445762,1,3,2,33.18097068488405
12.952735047088225,10,3,5,60.10534467019866
5.134712907982752,17,4,2,24.849027529016368
2.5917118325152986,1,3,3,22.89883219947445
6.959900794904183,7,5,2,27.88715861940515
17.904600656627156,8,5,3,60.770876207219885
9.654196065602115,23,6,3,39.314734293003056
8.210157262029185,14,4,2,30.523682374029843
10.293838798301255,12,3,1,30.326496786245485
6.735790826800561,5,0,1,19.98514813639838
14.365001851783122,8,3,3,51.063690031076746
15.19438010269401,16,6,2,44.2774549998177
1.029557465860201,5,3,5,31.287531675154096
16.79642992867206,13,4,2,50.80492336890197
9.377345791862872,13,0,2,33.31661402575759
6.526597384022335,22,2,2,25.85037608378582
11.18210571359247,4,3,2,38.90218032611789
9.116651265425881,2,6,2,34.30958298419303
17.480427834688612,5,1,2,50.825846229506524
6.644311456365477,20,4,4,39.61026645645664
2.4156374581994373,20,1,2,15.83867740074704
7.1513349589490565,15,1,1,22.08126299054048
3.1589985508060403,4,2,3,27.637233195319254
9.910414655427953,15,4,4,48.90501157094511
17.59258343271235,21,0,2,51.28383081816503
19.728152086589365,3,4,5,74.12338736876394
18.291654492570608,10,1,5,69.5521320279779
5.5674392045160666,0,6,5,42.81390718068072
14.917667667421645,1,1,3,54.26998172948407
7.475362475152937,5,5,1,24.151652399277445
19.93705806463036,9,2,5,77.0300278417655
4.336402606250071,23,5,3,27.919129251709748
3.248163008953941,0,0,1,13.885419327008726
7.474453575733342,7,2,5,48.497425546102
6.619018039345044,4,3,2,27.088487595761794
10.749635503329829,17,5,1,29.597420183695444
2.132034963127306,7,4,5,35.666706462966836
16.446775177747945,3,4,1,41.560606613329156
17.723815550326478,11,5,1,46.926917190957994
2.0538817046099576,0,5,4,28.73351224087483
5.060371186356308,5,6,5,42.458591126372895
19.191822225533947,15,5,5,71.53384972197122
2.796309531622581,13,3,2,15.797185419856216
5.4917080356633585,10,4,1,17.491247953704352
16.82015668981461,12,2,1,43.976885564878174
4.206715696833229,6,0,4,32.11741026449084
17.066041310996503,12,2,3,56.66627099309169
3.5186909106673006,1,5,2,21.35110394796395
7.32172773636946,20,1,3,33.845920261125606
3.4139633105183456,22,0,2,18.62630431236537
16.499042021326773,10,5,3,53.33355464005481
11.705249606480265,23,0,2,36.24553901602302
4.432801499883229,4,0,2,23.017259857195235
12.441846908446607,7,4,1,32.14484424253338
9.667098586519932,11,5,2,32.806393387049305
8.428355923383023,10,4,1,24.47708271043371
12.808752263501383,8,1,3,44.6025996547923
15.73367118830849,8,6,3,53.78173070067378
12.589144743007108,6,5,2,39.312375899151185
11.329773048347098,9,4,4,49.95027457119508
11.95525463069597,17,6,3,47.76647369872219
11.23244770218844,3,5,2,40.605382696522554
6.587423231302957,2,5,3,31.103852264977007
12.688332227306104,20,4,1,34.802270084783046
16.151829121895858,15,6,3,57.537329570909286
11.639514258113543,14,2,2,41.03681918536187
19.513497206604562,14,1,2,58.65223051652105
15.90020424730831,1,6,3,57.013086582511065
12.116532510131385,0,3,5,59.93553145849657
17.04997562734299,3,5,5,71.32587831655188
7.138434841109985,2,4,5,46.30918045464086
3.91311263622053,14,5,4,30.476298606752046
16.815002967850873,5,1,3,56.19629764572086
8.580976854835262,19,2,5,50.566265798381465
16.022881095213958,7,0,2,51.67331535876317
12.795749403072366,8,4,1,36.90688862939594
17.201618404911667,9,3,2,49.37903945486455
17.347298502399656,22,0,5,70.0957233086542
19.374283072653437,20,6,1,53.153305090749335
18.013822095944793,5,3,4,63.822644613320115
17.33447271740126,15,1,5,71.26794552721628
7.733795235801383,21,0,1,22.922516323559837
10.022268060792985,22,1,4,45.91095687008369
9.316819493296286,1,5,2,31.35750309101787
5.628243187728467,14,4,4,39.067918976605434
15.455364404484362,12,1,3,54.78732104995862
5.750533968941482,9,5,3,28.61184854022852
19.309369531944547,21,0,2,59.28198889203061
6.846178620704081,10,3,1,21.66280441536626
16.03708523026401,23,4,4,62.312676843722066
14.82281812897855,12,4,3,53.0624433954335
17.542038465447547,7,5,5,72.8941946170514
18.37441395189135,13,0,3,61.8567668168271
19.536055009511703,21,5,2,58.875832484723986
1.931991906825064,9,6,5,32.297474180087804
7.378786155196159,5,0,2,28.059236498851153
14.280821942603218,7,4,4,54.29794633243279
1.7887089265446479,18,6,1,9.731114937950245
18.093112469822582,10,3,5,70.83653635222375
11.036088453523233,13,1,2,39.166884735978286
1.8943232401620684,23,1,5,35.12046103107228
9.845518979834267,1,1,4,49.147310128477145
3.485564988971052,19,3,4,34.022823723899926
10.390384311862295,1,3,2,35.779556888636726
3.496865905513804,11,3,3,28.267706961053406
12.492149077162576,9,1,4,51.10244690626201
6.143672058495228,20,6,4,40.194659881262695
13.871679522174338,6,0,3,48.54531117653042
14.045064975518798,11,2,1,39.609916567419795
17.609079990299314,15,0,3,60.049575170095395
12.229833417834286,20,5,3,43.70216288862859
19.170824743350813,10,5,2,54.31985920335398
14.127573474467896,22,2,5,64.7830180337321
16.646909070665938,8,2,3,57.9231202037442
11.48663631412738,11,0,3,46.89839368768464
19.46811175849001,3,3,5,77.55065039150917
5.249930147664499,16,5,5,44.574047384512795
12.809664594447545,20,5,3,46.26592967239303
2.6000923559135565,19,4,4,27.753219538233534
19.777687104132312,17,0,4,69.95580690461705
8.234264043746498,5,4,2,33.667207594869225
15.519524019956897,8,2,1,44.149648586347226
9.666967173701979,0,5,3,40.547661195135696
19.77117263108575,20,4,2,56.62988264352437
9.884510824315383,2,5,4,46.57067597115659
1.0347976844495155,13,0,3,17.81143117813702
6.178137361386528,20,2,2,24.96189791040069
16.591577337337156,8,6,3,57.19626701937752
19.983632285761466,2,2,3,65.69994219851499
15.770730405110951,6,4,4,59.82983274538427
12.743065185954467,20,6,2,43.14125497471289
1.0965826529413911,5,5,2,12.677071394382898
5.444383401008283,3,3,2,23.547409035017594
2.137338819064946,23,6,5,34.953283495378386
13.72296011331683,10,0,2,41.04075615839777
5.212756297488743,18,1,3,28.414126397624138
18.620380067628926,12,5,5,75.49593431995251
4.317574626558643,0,4,5,39.628393143806186
7.12271599406038,17,4,4,40.11863509367089
12.638277265224156,22,0,3,49.771091604699926
8.825728966247507,21,3,2,30.654124936557068
19.25711914877994,12,2,5,71.5805250486701
2.280953242144946,10,2,5,34.31877894526289
14.705449154291392,7,0,5,64.35011277498202
4.617866752076879,5,5,2,22.318754552788132
6.141639251682868,3,1,2,27.637756470068307
2.774160207432018,3,3,5,38.94220354671954
16.65891151664595,17,3,4,63.7676039200919
9.614045706721319,21,4,4,48.24837718423468
15.001551732706856,9,4,3,55.040946385705354
10.967611592727529,10,2,4,49.33137941883164
4.715614043806356,2,6,4,37.82427607072835
19.506831829584506,4,3,1,50.39686537187809
15.122017181523944,14,1,4,60.68685494111365
16.307315257432098,9,4,5,69.80323095840156
18.046532906702033,8,6,4,64.52297606283861
15.958669354117085,12,0,4,59.086747413402534
16.180597683038876,21,1,5,64.42373143554596
6.281433837511821,18,1,3,29.60853423159235
19.712066930017944,21,4,1,48.485755503989054
6.824660565506781,12,2,1,22.736515991898308
13.606143830516848,2,2,3,50.969420623147315
6.369017384772184,21,6,4,40.32846982977772
13.114280099813346,7,1,1,36.38954681813919
3.3221965244010057,3,6,3,22.75147641368192
17.14732622976171,13,1,5,69.3218209759838
1.2783953133578914,10,5,2,17.737495717890894
4.193970204400067,1,6,3,27.64514161155475
4.442424973567545,15,2,1,16.422730633862887
2.9955134801358065,8,6,3,23.32469227734602
7.7656959058079575,16,3,4,39.149355028079704
18.984614390664866,14,6,5,75.71662891602628
14.550931110934815,7,1,1,41.67580145925406
4.404751803702292,10,5,5,38.1112839663741
5.369176911374893,20,0,2,25.430806202949235
3.9933728021262045,0,6,2,20.438966763073857
5.276292490179148,21,0,4,36.742623046299016
12.685753310808975,10,5,1,36.71943562721885
19.966867881977237,17,3,4,69.10725210825085
10.73716386199941,17,4,3,45.62606029130018
6.671710218945039,23,1,4,36.89823913549969
19.555192900487064,8,4,3,60.85492360118838
17.891058401191025,23,1,1,50.01147095084314
16.004555743270483,21,5,4,59.79488974670687
18.441916485798494,9,6,5,72.48848415782156
18.178722832112495,12,3,2,55.06597572369359
8.400249421688947,2,2,1,23.464112616261342
7.360826863475264,18,5,5,47.37001894672738
17.738616649296294,20,4,2,51.47284799852474
4.776206704520152,18,2,5,39.59125391122389
3.7689119667407076,4,3,2,21.200718513105194
12.57454800814743,6,2,4,52.01284052940754
3.8918610852903854,16,1,1,15.647045595468159
16.63698261419038,0,4,3,54.119221754468725
5.283266426745576,8,6,1,20.670829196579575
11.161962767045662,12,3,2,38.31841265211737
15.266246896247852,15,4,3,53.70610453953706
19.243760441607684,9,5,3,62.60660190460899
5.318230311067701,20,4,3,28.09765815214078
5.121312510429528,11,3,5,42.51892050746687
7.39654310632502,8,5,1,25.73588167832115
8.63416551383396,10,1,5,50.88745708937431
10.886482054370392,6,2,1,32.05718010693926
18.56636097629817,21,2,2,55.228477524390655
1.873206665873662,10,1,2,16.816057237650732
19.306012523854054,9,5,5,75.5390552844984
15.050668474080357,8,5,1,38.32764011698495
19.184990062322818,13,3,1,52.93748345318217
17.649837605767047,4,6,1,46.10242971080566
19.018114436635162,17,0,3,59.27223275981001
11.983833821438246,12,0,1,35.2993022951019
16.573858356858544,22,6,5,65.1365608216739
4.7061309150484565,18,3,4,33.90290315180237
5.727667176296775,6,1,5,43.877696281119775
14.474219825757817,10,3,4,56.99523286257274
17.919062413465177,15,0,1,49.768181823287755
3.670760952939193,7,2,2,21.167089097422288
8.499248697788328,0,1,5,50.49031414633242
5.174730582734224,17,0,2,21.01753729513006
19.408538846307767,15,4,3,63.832403010368935
10.543953162978815,21,1,2,33.54925965340471
14.964503474932956,9,1,5,63.08462976002116
19.493333357678733,4,0,5,74.31550398478215
8.266807004499919,16,5,5,49.825306852777246
15.159715704230072,15,3,3,52.188861728540004
11.638678579402036,10,2,4,53.01353709756177
15.008440204456589,4,5,1,41.514950419972834
16.1001394957959,11,4,3,56.612342585127784
11.89931525074067,10,6,2,42.33555166480434
9.829609323093349,3,0,5,52.00451246065006
19.842810399037813,0,1,1,49.97768277957265
15.265580819085075,15,4,5,65.01454499012682
5.938439032229571,7,5,2,27.691324117434757
9.025245810372423,17,5,4,43.89379574027783
1.272899737390413,15,3,4,24.744354448084568
8.051516071857893,14,6,3,36.513458442212844
3.1548592615050253,12,0,1,15.097468485440004
12.884241421139894,6,6,3,48.022722017187824
11.082121419343316,0,0,5,53.35139159909931
7.908236594154215,1,6,5,50.15442064212872
4.486773729861717,0,3,5,40.367057469329204
18.194357954752263,17,1,1,49.316527172310586
8.269261153922468,21,3,4,42.956042577912356
19.468830788757444,4,5,2,54.35164762540255
15.715154009245243,4,1,2,50.892684473128625
2.3769907600867395,17,6,4,30.088826939325454
13.16126548204446,17,5,3,47.27298644860817
10.369003730725737,1,2,5,54.662212166370566
13.361445182353785,3,3,4,56.496134320775255
13.44208205746775,8,2,5,58.840556193609046
1.4802743098460853,7,4,4,26.208496634269267
18.21751198521401,5,1,5,74.4199237316301
17.371125564949928,8,5,3,57.55964249575161
10.170075436061053,1,3,5,51.0998989476847
10.276970887483756,14,0,3,40.57696365751051
12.474337288320188,15,6,4,52.361011630295366
17.92870432519696,12,4,2,53.7658005317463
17.074718711186694,6,1,3,55.88124208489076
1.1221149575369864,15,2,2,16.70670624688882
10.972940531878676,4,5,2,37.39235391272338
19.786069086860746,14,5,3,66.04286638048492
9.83598896124979,18,3,4,45.65132943926072
10.174596977177043,21,1,4,48.90421162186796
1.9277146011153699,19,6,5,32.47325212569535
2.205686179645485,1,6,1,10.002898645619606
5.541805982810427,14,2,2,22.866164314515384
5.11536234975017,15,0,4,33.94676789929004
7.81582710658684,14,1,1,23.454351135377674
12.042924360376666,16,0,1,30.834349958351034
15.685571454835776,19,0,4,60.35967644960119
1.1192685724585476,15,2,1,9.577827591244166
9.685057614558449,15,5,5,54.48096088880196
3.9419295412846993,20,0,5,36.85886118440369
19.732980428280552,20,0,5,77.03663645428723
8.359933388020702,3,4,2,29.957023710016045
17.025843772077966,23,3,5,67.46668470299068
1.8704390440536218,16,3,4,25.770090358725813
7.178802111984132,13,6,1,21.786333400027242
12.60241811661913,22,1,3,48.41279852315917
17.355789473487413,16,0,1,45.41110403054189
5.563436196630055,15,0,3,32.40039854485163
5.821577982961257,10,3,5,41.642542176693574
17.148823126157065,4,0,1,44.00449904639572
3.8570484389107165,13,3,2,22.97876863675917
16.4764006134641,9,1,5,67.63168699501665
19.47923248394506,3,6,3,63.4663685170631
7.673340136023067,15,2,2,31.631430723761618
10.046732148079608,16,5,2,37.76557259760311
3.779659222297684,23,0,1,15.265443204454403
3.2520272452182724,19,3,3,25.065411243881435
4.9307772794767235,8,0,3,27.35785210573721
19.47956942659131,6,2,4,70.97128731142521
17.385942392457938,10,4,4,65.78003968237607
1.038691388398583,18,6,3,17.762422134047878
16.170522929578873,17,5,4,60.67031426208065
7.35363809690472,1,4,4,38.63613584610678
17.596954410373655,12,0,3,56.2141626339145
1.181999910207142,4,6,3,20.003207808316226
16.259243456343345,23,6,2,46.49404381487801
1.7409228350981398,21,0,2,15.544234401783328
12.776904745618902,9,0,3,47.28072555136441
13.282835448477426,18,4,1,36.35776754209402
7.1077582232626995,2,1,5,46.37530564459794
6.98536053524006,14,2,4,39.09190447778414
3.639849081708501,22,0,2,22.59731322421161
9.054702032179856,0,3,5,53.69690921032553
12.983473676493698,17,2,3,45.12623668086552
14.578371949411098,23,3,2,48.25928572360789
7.158971301352431,17,2,4,41.446161112947394
17.54439882151975,13,4,2,49.50104325547662
13.508729866852148,2,6,1,38.98184097837031
7.897121645519144,15,0,4,40.569867605771876
2.6808005255517733,1,2,3,25.569284928070942
11.73901078625971,20,4,1,31.547418202029135
5.4764307105554915,23,0,1,20.186368620986574
7.665365010208076,14,5,3,37.93095232777188
11.679436563356793,0,2,3,43.52517252640597
1.9891403252174402,6,5,4,27.216245210172904
4.415219943924146,2,2,3,27.849306094798347
1.927611969313741,12,6,5,36.90363598895815
4.393159851690508,10,4,4,35.37897242933805
8.246714154234244,1,6,3,34.90511968652393
2.6516320441962202,21,1,2,17.43571359089782
15.36421363334931,22,6,5,67.44948591185779
6.897169414086672,19,5,5,48.2656006325843
8.322636709226304,12,6,3,36.86130276931862
7.921764409788815,4,4,5,48.09931029775434
7.565093877767444,21,6,1,25.214640446823438
11.607936842143669,1,6,5,59.10165057554065
7.891938478201112,14,0,4,41.3628002403531
18.90035447737932,20,1,4,65.60822460106064
5.359301985204073,10,5,3,32.57395055876245
12.918000042897475,3,3,2,43.89672639658399
7.125597040817461,17,1,3,35.70391337197993
1.3677701058594212,14,2,2,15.130917253771491
14.853955936184597,15,5,5,65.1978223986273
3.8587141588012606,3,6,2,23.846831703584314
12.427775652402643,2,1,5,58.26812400202957
2.3977125149549687,14,2,3,21.129268982363026
18.966498087329096,9,5,3,58.86478640245777
4.902350486641801,16,3,4,33.073466582513014
2.4089065566860564,6,3,3,21.669907650799516
14.478754504648329,5,2,3,49.1376579209083
17.717268873439718,1,2,1,48.4764306570414
3.310544507854765,20,3,5,36.44218963871614
6.651328966959681,13,6,1,24.071330938295493
13.58255559138753,16,3,4,58.048355109881086
9.309042659434708,5,4,5,48.61016599144837
1.3843893125299314,14,4,1,9.808830366306742
18.15939346928158,2,6,1,47.56024818485801
19.879830727130585,13,0,2,54.84447233280573
11.31626560578037,9,4,2,35.42509245228461
1.5757974577747462,0,5,4,28.458788202739104
2.758671477456609,17,0,3,24.57840082285025
4.244860533140579,6,3,3,25.00753332847253
7.1964781288463024,16,2,5,44.521543471860525
2.9350418724522935,9,6,5,35.71363895633522
9.534729661216694,20,6,3,40.375929669475966
8.083557758774647,4,0,5,45.77984397953347
1.4671616948369635,16,5,1,9.796273163195226
15.972601899826005,23,6,5,64.9906916246151
5.925567712700369,13,2,4,39.2247216429437
13.280943102382556,16,6,2,43.46244508072806
16.83721282176113,11,0,4,65.40006219514736
16.46155467779908,3,5,2,49.58674011899798
13.513215085773627,18,0,1,38.347270160854144
16.63146857459963,10,2,1,46.57850386030287
8.85194549307708,16,6,3,39.4882980221871
9.521482656470962,10,6,5,53.88742992782399
1.5071775370613743,13,4,1,7.647743794761974
3.6639668715488685,4,2,2,22.61689733152164
15.96738411861782,13,1,3,53.670181213459166
7.625764863402728,22,4,4,41.76419025139541
5.882324542425252,23,0,5,43.395956828410796
8.170125216597413,10,2,3,38.799630995878594
15.31379773026127,15,3,5,62.36729634284035
17.48741523578896,20,3,2,55.11034961705842
13.179606608180167,13,1,1,33.99194894376718
6.534666703738965,3,3,3,35.641544759137425
18.46640878760267,3,4,2,54.98753216987056
8.648642351115193,20,2,4,45.48721966038858
13.579697536077083,10,5,3,51.209116295871745
16.186934134618365,9,4,5,69.55672827674731
1.9298579356031706,20,6,1,13.041730955305935
17.740957727475863,10,4,2,55.562745627799856
14.62538161865647,17,6,4,60.18337655233186
17.136222640964807,11,3,5,68.82861441795211
4.427982738264039,18,5,5,41.020575758659376
13.455310751567172,7,3,5,62.39149280309765
3.051437356728064,1,2,2,21.835822460691688
14.200380707493196,13,5,2,47.32056899672861
19.594885898604154,14,5,1,48.49500780390136
6.199188869165248,21,5,5,45.685604271098306
12.484277175664474,21,5,3,48.91990177626042
11.590078990650463,15,6,4,49.47271011572505
3.0555796402898325,23,5,4,29.96450322868254
13.780912345431632,11,4,1,40.41153666797564
6.889540033543592,10,3,1,18.94502559594585
6.240810636327315,7,0,1,18.263159457070053
1.3189326912739023,0,5,3,18.68449867090092
16.086351450562013,13,1,5,69.05386594688727
16.506661647699723,12,4,5,67.18891260688929
11.463371779902428,5,0,3,41.88328266261936
16.791468550714747,13,6,5,68.47287785566473
13.721699570436034,10,6,1,37.30217562115363
18.12494347420351,9,4,1,47.96697158351707
16.74902422586355,4,2,4,60.488436486161916
17.747702703612553,21,6,5,67.9360062782169
14.735119715890278,18,3,4,60.6927874857862
19.579127601669104,3,6,5,73.52167015459302
10.744441704922902,18,2,2,33.95686021818426
19.33275862978444,8,4,2,53.58674035472731
19.054737383314283,22,5,3,61.861010991073194
16.415052687657642,13,6,1,41.00202789436909
19.684853980946563,17,3,3,63.304222466976306
1.0397356078022086,3,4,2,16.287615452618848
8.240630253757091,13,3,4,45.55756413630613
18.19667796817316,8,4,1,45.64796020363352
13.390568183153997,3,5,3,48.48740180654042
8.808633444690871,12,3,5,47.783295221427636
11.75351953187102,6,5,1,32.76869936679275
8.972890242946255,7,3,5,52.77825627830284
8.491154204482777,12,5,1,23.168695830733217
18.567567860530627,17,5,5,73.81158670954825
9.100400830962801,14,1,2,32.40943911231316
6.952243352191672,9,6,4,42.44913867627166
6.1666867346086285,10,3,2,23.924638558783236
3.228766359559655,6,6,3,25.37842656946461
19.238028292986613,9,6,4,71.15163572150631
18.54401777987616,12,1,2,53.77774301755707
4.280111730669785,5,4,3,27.390883784670525
6.507500949906607,11,0,1,20.763694637444114
17.100830755589595,2,2,4,62.09649813741287
11.648244131201384,2,4,1,35.13039340345374
11.028868814159182,18,6,2,39.87208351507164
1.241081395221735,0,5,2,16.649802084893878
5.699372623394883,8,3,1,20.05801812439
9.91558159715439,23,4,1,30.020052030514414
17.747312631614903,7,1,1,47.97316971899541
16.930139127467548,7,4,2,50.52574125625667
7.555705159578332,23,1,3,34.9210954387527
11.916020599575827,13,1,4,53.36727756402232
4.99443382823793,3,0,2,24.75394510635008
19.44389362241259,10,4,2,55.64734199284562
17.437417540898277,23,3,4,63.929517400198705
5.544653425645072,13,0,3,32.53951188657278
12.920115309334824,11,2,5,62.17812106132524
1.5722047425638916,21,2,5,32.19048553963403
14.20852465836696,19,0,4,55.39970339012075
17.040123866772014,14,5,5,70.89128862589702
13.778783809262892,1,1,2,42.47241506405162
15.567687762244036,3,0,5,63.57619074885564
2.5062519365348916,1,4,1,14.483582429539963
10.821221316486978,18,0,4,47.174800688008084
18.71099461123347,9,5,1,51.50321149234708
14.369818326983,22,6,2,42.64279051998326
8.136425408190052,22,2,3,37.46744238609749
17.09473788680596,6,1,3,56.46752230539566
3.688634013472756,11,6,1,17.008522379888408
4.198039459823568,12,0,2,20.263044526045945
6.210099192504379,0,1,1,22.80195877905956
6.474968306900415,18,4,2,23.91841184490682
14.1110406735181,6,0,1,38.62241983203357
18.2833559719556,14,5,2,52.729458624081325
15.002852210818554,5,6,2,45.37190425236696
2.349495604347922,23,5,5,34.82575566316201
6.302672328959092,16,5,4,39.90470940745698
7.511837939292679,16,2,5,46.182325704649756
18.681652949364107,21,1,4,67.61397333788125
10.48391322570626,7,3,5,56.43773588356696
4.1600618568737495,21,2,4,31.796703960379244
18.466998678885872,11,2,2,53.58852144830503
5.499595699504623,1,6,5,43.42237511802824
10.655588981226883,19,3,5,56.797533132026686
14.028366124336266,12,4,2,45.12060973858123
14.502291181273533,1,5,2,47.879737558035316
10.145107249428696,18,4,4,49.07980447781202
10.704869020264114,0,5,1,32.39443392568424
13.054376263354982,5,6,2,42.31160398284239
9.729207249503554,11,3,1,25.56876418187468
2.4267926053826834,8,0,4,30.990899796338713
2.229027405019438,20,3,1,11.19871566950753
8.454726529406177,9,0,5,52.189072167797235
8.878036531628691,7,3,1,24.076773502490862
9.828113961560815,8,0,1,31.53587434240434
10.558695453795707,11,0,5,55.52055613869628
17.514523524822035,18,1,3,55.975987890269806
1.8793232424227457,20,5,2,15.009558136396656
9.966299806299633,0,5,2,34.74293208798299
18.66935202881198,11,6,1,49.69037950499533
19.54121122080643,19,3,5,73.17283064913799
5.575705100952933,9,4,2,27.64615865981853
3.0114374782478466,15,1,1,13.361579209328479
5.382417611835236,15,0,1,19.107365993153486
8.281367143706937,7,6,4,43.0093441487989
18.199735771270692,7,0,4,66.13121284135961
9.87856901445952,20,5,2,37.13993016677956
16.242659248743617,22,2,4,59.36884681108544
11.337367952073505,11,5,1,29.217491492683486
11.05500739599245,6,4,3,45.12321743188007
19.73152765270563,1,3,4,69.31485925223457
16.01426596139296,0,6,1,42.16449850927481
3.6168836936340956,19,5,4,31.55403913960775
1.1168287409778674,19,4,2,14.175998776789005
4.385265954618616,20,2,2,24.94958157560035
5.6006759453988355,15,2,3,30.098274964143712
13.596262387809595,2,5,1,34.75210328995864
17.36937220726231,18,1,4,61.943006778858596
15.036023527754661,16,2,3,50.1845631283139
12.18308849328834,19,2,3,43.75075719141113
9.932344970423681,13,4,5,51.81767260894151
8.761167695565927,13,1,4,41.81902609621604
19.540360639477285,2,5,3,62.45171859422552
15.327195440758318,22,2,4,60.60455522081545
5.772447342947361,20,4,4,35.74678307483508
7.908125806329296,19,4,4,42.44800895977732
3.705506099596503,11,2,3,23.64650245059349
7.628090994292763,21,3,3,36.327167562342986
14.861334330234513,23,5,4,58.72281359725545
8.74631280463694,7,0,3,40.31806337005325
1.3624933316192438,15,1,5,34.76362513967378
13.283638110593607,18,6,4,53.55443989087883
10.6877777547937,1,0,3,40.12816873557615
8.190539223189063,2,2,2,32.39065375570839
13.84168857863434,12,5,2,45.75438186567756
16.855972421497423,15,0,4,62.43381652760735
19.640220197216024,6,4,5,77.13579211661025
19.36654846556109,7,4,3,60.693061685755666
17.601477376009807,6,0,4,63.26263992601047
3.3331081426542717,14,1,5,37.829357933159
10.446206666790555,7,5,3,42.14200201290591
5.882507847363312,12,2,3,31.876416866520632
5.769911429962355,4,0,2,23.018692759075837
3.3081576446874212,2,2,2,17.762699268857723
12.732348605919077,20,2,1,32.965458646305386
7.247380423315717,12,3,3,37.38751286444141
7.830650054808919,11,0,3,34.59328124919535
1.325537819517249,11,0,5,35.172612519240545
4.491394023404976,16,0,4,35.139104178975984
6.465074858031958,15,6,4,37.75698768584508
1.284206817234181,15,2,4,27.559692118470764
11.987734480975403,9,6,4,50.74637416216142
3.225269664811081,19,5,2,17.536258458339077
11.125384277438048,20,1,3,42.51819454379196
1.0203065459233214,4,5,1,9.152529974234621
11.705593595043934,18,4,1,34.627952171681784
5.207703970742419,2,2,2,25.754339640962243
18.700901822383358,7,2,1,46.5651162892022
2.9747388447640457,5,6,4,27.906599877397362
17.646533669442338,15,4,3,60.87829916288314
16.137366483798328,4,3,4,61.60122859958799
16.14093474733874,15,1,2,49.96681111367644
12.077968431484285,12,6,5,57.91596659844494
13.714203857438758,21,4,2,40.54691465641383
11.567549758190172,19,2,5,59.26994431184888
12.739988058000197,17,1,1,35.495988712797676
17.624704092739027,7,0,4,63.44149468589067
7.450957036692898,22,3,1,20.730357245659814
19.50761940940415,16,1,1,49.95756161556288
5.591231421946404,1,4,2,24.054464921817836
13.51988967954427,12,6,5,61.79009438480064
16.53202864835165,22,3,5,68.93515748724282
11.2956722834264,10,2,2,38.46550647362058
6.532401005383804,1,4,3,32.392318421137816
5.203225455819896,23,2,3,32.60162769134987
19.63372305205037,10,3,3,63.129642172593066
19.030533535181863,3,5,1,52.58318375785882
12.46499874924343,12,5,1,32.40651508524795
4.223768258643423,14,6,5,40.319236596488345
14.072980740001535,0,5,3,51.726015629878674
19.187303724760813,21,5,3,63.68821581523204
9.560503249438367,9,3,4,47.56845244680038
12.567809921758696,7,0,3,46.990992971472515
6.828078014038776,4,3,1,18.84742324422397
7.4925487642745265,3,1,2,31.112671225249393
12.305411195590152,15,6,3,48.882319112563756
15.196295703863056,12,6,3,52.73598964668483
6.848075956904999,10,2,2,30.24068006353947
11.037450790013647,7,4,2,39.176999510100096
13.629015102016549,8,4,2,43.19027547340383
12.344645072970597,15,2,5,61.04872438839445
17.440188571204953,5,5,3,56.458067311201525
16.15796593360709,10,3,4,63.15122654476155
16.95314353701577,14,6,2,48.817071576508546
4.057700864989458,19,6,1,15.946182873164068
9.6745853844552,9,0,4,48.951390122525524
17.440610628542778,10,3,4,62.382463875591874
2.0839254407009697,9,6,2,15.155911391442455
9.917902502386182,3,2,5,50.47904198251988
1.2650491468965694,11,6,5,30.79852249812154
13.061177525069473,4,5,1,37.50040640989326
11.1551827289933,3,6,1,29.360812922433965
19.372193138472042,16,4,2,56.822741832126965
6.13952467628344,5,3,3,34.87105513254599
6.443275379700737,13,3,1,23.23078331640004
14.845010293371676,2,0,1,42.029937230170894
4.666783736260619,4,1,1,16.235573187458023
8.46225298525286,23,5,2,28.96910166880646
3.1265047592298574,15,1,2,20.26179963725817
5.381155103088379,13,4,5,44.02680768458277
7.433011298160529,16,2,4,38.80407867016757
15.350526690549273,8,3,2,46.18011817721555
14.568794121226482,4,1,5,66.46953816758784
15.633341086383577,2,0,2,49.81698480384909
12.335154069358241,5,5,5,56.17720360370031
19.11160062770014,9,2,4,70.15889625368209
2.155022153531503,20,6,2,17.09135763967768
14.856247905800242,7,0,2,43.48177249118802
19.296979272720627,16,3,5,73.41196926348356
5.168833641897619,23,2,3,27.744541311974217
10.332576725555473,12,2,5,55.20304387266811
3.960354884403607,19,5,4,33.56691181746385
19.02223142751802,7,1,3,60.99451130958566
3.3593471596474807,7,3,4,31.83813851620313
7.492025431054312,6,0,4,41.445578439372234
6.2681511826584195,14,5,1,19.121730616236132
5.9622858945496295,9,0,3,29.484075443605914
12.779628383264033,15,1,5,62.226977214698664
6.727343428274341,11,5,5,47.88019888310765
19.719063785053464,0,4,5,76.93816091852065
17.094399222410317,5,5,5,71.75858119707407
8.35206378837886,15,0,4,45.82529686248822
15.304221459929357,23,6,5,65.7272425808277
18.28726933956538,5,6,3,62.3004844116729
7.918501200570943,22,3,2,30.839043385643045
14.38747503781657,20,3,1,37.28667282571894
4.066378041045928,21,3,2,18.46431564453178
17.907977095733447,4,6,1,45.113814045775875
16.425490435123958,10,3,3,58.39920224491541
16.527923362365275,6,0,4,63.98409637998752
2.728201521043443,10,0,2,16.22886612551551
2.951048266878433,20,5,2,16.895785025298945
4.552510592600371,15,1,4,35.08918538811531
4.215739094234535,19,4,5,41.41274875191429
19.238508329643462,17,1,2,56.151643916375896
8.603091311513474,23,4,4,43.785668398325875
2.2153845408023836,20,6,2,19.19633776290999
12.022114174047639,12,6,2,36.891539118981534
9.821294740785143,0,3,3,42.51868682303124
16.98329089756263,12,0,5,70.66947711578621
8.553613634461952,4,4,5,51.461472732176865
5.61018015234546,22,3,1,17.600010448090284
6.8138732397173944,17,5,2,29.490899666189954
10.228579752606134,1,5,2,37.570944791269646
18.31555566739599,6,2,2,56.36288621504888
17.320879460252513,17,1,2,54.50932731530125
4.367891297543217,8,2,3,27.841347002907426
12.168153360198486,3,4,4,49.46255817548243
18.53998724309348,10,3,1,45.89512716224972
1.5196042350473014,0,6,1,8.362760902232063
6.517287279629493,15,6,2,28.686671116427632
11.597802304337074,20,0,1,32.20870776539576
4.047617217108959,20,3,1,16.17174086338098
6.918345422191445,7,5,4,42.326444446240345
13.314647360077192,16,6,2,40.53263010593111
11.925568739665287,2,3,3,46.45443504084275
13.441233913181946,10,6,1,35.767117179601925
7.306203489080195,12,4,4,41.59733881715378
9.397875436216662,23,5,1,25.22914298545121
18.545104768483057,14,3,5,71.57429520376354
3.20309526188662,15,2,5,35.06721991642657
12.386024930401181,17,5,4,53.741497486284864
15.426053759029614,20,4,3,55.8356121041556
17.447594675299637,14,0,1,48.285996184727395
12.330795022660451,1,0,5,59.08918084366328
2.360135730782877,11,1,2,18.067929330999483
12.502859917263619,2,6,4,54.36271744008466
16.938057302985634,4,5,3,57.34582711894306
15.919638963301017,7,6,2,46.73659256140519
2.4870375012783668,8,5,4,27.661264408074317
1.751222687083449,14,5,3,20.26777289462905
2.9566386271461855,4,1,1,13.013240440517823
1.630957409012769,7,2,4,29.482550360075784
8.182399986928377,1,5,3,34.859094279484204
10.85098147419922,6,6,4,51.009262607506614
11.649605941177917,5,6,5,59.32246524446855
16.77912004385338,16,4,2,48.83211301504853
9.997398158026304,18,6,3,42.67088048668189
15.140767651620932,8,1,2,48.350263110167205
17.428280913018657,4,1,1,48.28422296511958
18.776083345480558,3,0,3,58.251364733027465
6.210744288815996,19,3,1,18.290059508129474
2.723221661341002,16,0,4,27.936277729074344
3.4378354274664136,7,6,1,13.438364452132358
18.500681672496672,7,2,1,47.48354785388552
17.27163589400477,0,2,5,67.93405687334922
11.493085171241193,4,4,4,50.83647266512907
2.9916134041900806,12,1,2,16.319502530243913
4.835669660220425,14,2,3,28.078602152939556
12.719014521352863,0,2,2,38.53944716905845
18.422097200368974,16,5,5,73.97648575919975
8.178897279315953,15,0,5,49.71464811715309
19.880748746341247,10,6,4,71.83441761671168
3.5701194527575377,0,3,3,24.838949037341454
9.479838192004618,12,6,2,34.566307639688446
17.75005965138359,7,0,4,62.342852423924555
18.731941494364737,4,6,3,62.71387194881579
7.852927650734188,11,0,1,23.660559188601297
9.249342641278083,2,4,4,45.7224676908762
6.460494534171044,22,0,3,35.771960358758385
17.390154465820615,2,3,1,47.71607255712075
5.807703990926855,19,2,1,19.199209835935058
4.956026041790878,8,6,1,18.12362591239217
12.952571309124576,18,2,3,49.539803464409715
3.4557362769792777,11,5,5,35.26864822919746
19.26551863605361,13,0,3,60.65358913535324
18.7200599572841,13,2,1,49.25947088566492
16.62592369602668,20,3,5,65.95473064215065
14.267002158976892,11,3,3,48.376149468860994
9.533616138639132,5,6,2,36.383228913066695
15.091042880336953,19,0,2,47.535279677617716
11.472210402858991,20,2,4,51.21408296663949
12.677754997649647,0,5,3,48.86488274793355
13.393507455292012,5,2,4,53.17876934865163
2.367494713410509,9,4,1,13.267201478174535
18.5736701756232,2,2,5,70.14876880481343
18.882383068948087,4,0,3,59.84630272280924
16.340823978799694,12,2,2,49.61360069069163
6.7587020050913935,5,5,3,31.65598748684539
9.689127615491817,3,3,2,32.061195317207954
3.8303362658230062,20,3,5,41.54078729084169
8.272314469099793,6,6,5,47.61175020467494
1.1667108554966688,22,3,4,24.961494769692173
19.85701128332343,0,0,3,66.1355725196923
4.298413389604164,9,5,1,16.68267168386152
4.461064827793878,18,3,3,26.25648736844624
8.035131479469115,23,6,5,47.378426292318686
1.9048814136707508,15,4,1,10.706719615657702
16.27743172359053,4,0,1,40.68883706482288
6.090751400514835,13,1,5,43.07593611939307
12.049190684915722,1,5,4,53.813535160209895
4.0996368599685376,16,1,2,23.377081298982535
4.826929234714186,2,5,3,30.777774799666197
8.817406957341104,14,2,2,31.70314272418152
11.072430119087102,5,4,4,50.17805952863768
18.71729465216958,5,3,1,46.36717846351048
16.056886546296244,1,3,5,68.28143421401157
7.770395659082758,12,6,3,36.73070933266088
6.226457688439195,21,3,2,25.392132763473086
10.609147969768356,18,3,5,56.97378455935547
3.5648471533102573,8,0,2,18.84956550099537
7.629360647978453,3,0,2,30.559180420156494
11.562008162497975,12,1,2,36.8787714430609
4.99666484995366,0,6,4,35.77375583927319
10.371321235566937,4,2,1,28.72664585680747
7.094841585458395,23,5,1,21.939006635740608
19.93536375699003,3,1,5,78.8048242915905
18.560586767327194,17,0,2,51.76128431817249
11.526988778213207,8,0,4,48.48672606357784
2.7560898686623916,22,5,2,18.64234726366371
18.239850146887143,20,4,3,62.24852558448533
14.921227763493594,2,1,5,64.21790783477599
7.41980581775,7,2,2,29.530611823058955
15.688192211994371,19,0,1,42.88573014567472
15.721552609315797,2,5,4,62.15723224738376
9.506908043337477,21,3,4,47.209901705145455
16.487897981882234,4,5,2,50.513136362017164
17.53227754192472,16,2,2,51.15921554323172
11.745787693012426,4,2,3,44.2952082301301
5.502692121607948,20,1,1,16.329668862405157
4.498669202595186,9,4,2,20.895763442618602
12.93109097906161,0,6,2,41.56075610203167
14.300991084898278,22,0,1,36.068006680635094
17.8601837818829,15,5,2,52.482751531360535
10.083226812258381,11,2,4,48.78607292610693
7.141581187522435,23,4,1,23.682710286371268
6.214248180231509,10,1,4,38.5837954388899
16.847551420103624,3,5,2,49.264872940043794
16.48956572865756,22,2,1,45.683593317022435
19.78005754810998,0,3,4,69.98803834369477
5.444288150847832,12,2,2,26.025880654522595
15.56198457303616,11,4,4,62.50200365530564
4.527473891671038,9,0,1,18.997102967029807
5.989617831415288,14,5,4,39.79771732365433
5.046310052755311,13,5,5,42.661430749646456
7.376427740959341,6,4,3,33.806462605587114
11.600524056888151,2,1,1,30.207316161722925
13.42901804227781,5,6,5,62.82000615470728
14.331083804183692,3,6,2,44.787691489374424
14.46843163140159,0,5,1,38.099284919432534
4.898330567920962,13,5,5,39.35981779837665
7.399196447872258,12,4,4,43.332733655131335
1.1608263231099754,22,0,5,29.720043976612274
13.034377270210985,18,1,4,51.22826188828494
12.822039501995901,12,3,4,51.39743925340447
3.8853881422832997,1,4,4,34.20659867146932
15.815889295504807,14,5,4,61.00489992818461
9.433512638446656,14,1,5,50.87253582623933
9.519421317150067,10,6,5,52.701327242923035
5.528495012354337,14,6,2,22.19404083313337
17.960934680235717,14,0,4,65.14252511175411
16.559632675526206,8,5,2,49.25036038019916
2.2384775033949373,4,1,5,37.282074536570065
1.4435877835016129,7,3,2,17.36524167974564
7.594100694355079,5,0,3,35.700626937888664
5.92914447272835,3,5,4,34.76632478659952
1.2012954908001334,17,5,2,12.396756508880793
17.47789531293583,20,5,2,50.82288318280673
9.479083851994146,5,1,5,50.07583518648808
5.6382411764020715,9,6,3,28.368680055820043
12.923390122271563,0,0,2,39.52568332559632
11.626661956008409,9,0,4,48.66358045906616
12.116106504305048,20,0,2,40.80637362054391
2.3175701031841816,17,1,5,35.86627157197889
17.99025709618601,19,2,1,47.30032726133241
10.34349411445978,14,1,2,37.98658194772082
8.053183064637462,3,2,1,25.344346678054926
4.353251835992066,3,4,4,36.79176220376918
3.4946242634530527,6,3,4,29.619656730138892
18.756953813639537,3,4,5,74.45676593776535
18.84250905340033,7,1,1,50.826158847296
12.133423555573444,6,4,5,60.70205906447187
18.14517128918764,15,3,2,51.18407630962114
16.669464810941044,18,0,5,66.25292334015373
13.776605822830579,6,5,1,40.3068982853495
1.2371260478925117,12,4,1,6.581641640943923
2.0963574935841525,6,0,4,27.01754820400575
19.44850163312342,7,0,5,77.02169459267328
9.68112735471358,14,0,2,35.83878893183619
1.6891370842336895,12,3,5,34.18171574684553
11.338434729479811,20,0,3,41.57202556791763
11.618489997911805,3,6,3,42.78968718097377
16.94301835542346,11,0,5,66.44766201357713
14.42087041304363,20,4,3,51.99058995327083
10.706231651958335,15,2,4,46.17454668662893
7.821682625532491,7,1,3,38.492079489657684
8.144383617694725,8,5,1,23.561716065691176
3.3336056962677385,21,1,1,16.08180972684765
1.1348216054198557,11,4,1,7.327136219683354
4.160163999823149,4,5,4,35.57465818257656
17.12781891408327,0,3,4,64.23134644843948
1.5774401749185327,0,3,2,13.991783116587147
3.120641052659641,20,5,5,37.16151608687028
3.619040714900292,1,6,4,30.28085330112619
12.946563519251368,18,4,5,58.21418091444028
16.677686759865285,8,1,1,45.0475942997484
7.356120618605934,19,2,1,25.80749007030751
6.82202014162152,2,6,5,45.632637377232314
13.793034528261206,5,2,5,61.522532775304235
11.833453384737545,15,2,5,58.12265254128721
14.835926412740099,1,2,4,59.625767440344845
17.89877365908969,17,1,2,50.44915897455255
14.185061362971236,15,5,3,48.65811543277815
14.0450644031898,5,3,3,48.30428292718948
14.421390518429549,15,2,1,41.11345519749728
4.013579076693073,3,1,2,24.05793822519515
9.783207011111525,19,4,3,37.7865276443547
10.993073639577892,7,6,5,54.32150184112449
16.765182736222563,5,5,2,49.04157680838468
14.322776171393226,16,4,1,37.67463249403277
19.56624435351262,5,2,3,60.625207165564056
13.545390852843521,22,0,2,42.57824670796703
1.7817058655540543,23,2,4,26.288567577408088
10.768741652647178,22,1,1,31.280660438405523
12.854616929131101,20,2,5,58.94072839487954
12.724091572296915,10,3,2,39.92416134681642
1.0682043203345164,20,4,1,9.208172246436707
16.497187722962398,14,6,2,51.54599717193984
9.409952187762187,15,3,4,43.3259359375504
12.57653376429913,7,6,3,48.66676388759228
6.076632149473338,18,5,1,18.39335847007942
10.553389834719587,8,4,2,37.4485129447529
11.566804862568207,6,1,4,48.74975073693769
16.177209099083516,19,4,3,54.309991325526525
4.914284453106951,21,2,5,41.42232211065371
9.616333235800612,19,6,4,48.34866937139759
19.241786190581504,17,4,5,73.24958839540359
12.082410191351588,18,5,1,36.059855889180604
1.1412627494526588,3,5,2,12.26666360788846
13.072548665605865,13,4,4,51.69842487776186
9.25419509256873,10,3,4,45.364831870607276
19.895756016241908,23,3,4,70.59492394101753
5.2769075162902475,5,5,3,27.953550355786586
9.562912659403475,21,2,5,51.96169448528957
8.888168578225363,1,2,2,30.808311060856248
19.774084789136108,14,0,4,71.15525417637198
3.0101118441481205,13,6,3,24.105412458091728
7.733717651186248,15,3,4,43.06953298395335
19.491958156393185,13,2,1,49.33381669872968
6.314231368274742,6,2,1,22.899298541849504
5.280587013185332,1,0,2,26.720859429581154
10.607422315231853,12,6,4,46.11374990672776
16.443328564592054,13,4,3,54.18370229186814
12.848440949519876,2,1,3,48.68112980906266
3.235161860845822,11,5,3,26.11595837795652
10.400812817099327,21,2,2,33.93293973131268
19.87744356561934,4,3,2,58.40577102655477
13.583728837746492,6,2,1,35.65340148227375
3.157629670062774,18,6,5,37.55760900960178
15.164918854964599,6,6,4,56.23416575151033
1.7349434034458018,12,5,2,14.911330131163341
5.866991214435071,3,5,3,29.55104735893263
9.471891089757788,20,3,5,53.25432610387175
13.794589042682327,9,6,1,39.65822081652693
10.484862130325899,3,4,5,56.28550574498047
13.884121750848935,19,6,1,36.652768576479076
15.456294567940242,17,2,1,42.00050729882059
2.4632637383563782,16,2,3,24.041638847199124
5.7920931786904255,14,3,5,42.29403440112244
14.051653025059943,0,0,2,41.58319152144691
4.7808348273750045,14,0,3,29.585230706748987
9.845245009073727,22,6,3,38.89278326067111
8.304759384914352,0,4,4,40.17003257411112
17.32001766032862,5,3,1,45.37783133287772
14.622793574672302,2,6,2,47.68336081784518
16.537207850628324,4,2,3,53.976264383118064
1.0671273550605784,0,3,2,14.201403971504426
10.097265093014235,19,4,3,43.80870081258962
5.561994494291508,22,1,3,32.01351105148715
18.996916352401662,11,5,2,56.78431417603366
16.271218488151227,1,6,5,66.20354553338112
17.13291605489231,2,0,5,71.013389171711
16.61479602170699,10,6,4,61.99380485678192
18.602272304878724,11,4,3,58.95207712491036
15.03269939964154,16,4,2,48.263352759828386
10.853038774596794,21,6,2,39.115596196611996
15.97472659058545,8,4,4,61.32194761784596
16.898061647139617,0,1,4,62.951307530345865
15.540480158213397,7,6,5,68.61714076649577
7.5482918467850775,5,3,5,45.01708926227511
12.688950525696194,15,4,4,53.01620369170558
18.158316197455893,19,5,3,59.841398124280744
10.750717604201238,17,2,4,46.45437968648857
2.435638045025479,16,4,5,33.74255990085152
16.47310587969509,10,6,1,41.6252905325919
2.497845677241071,16,3,1,13.83077736896277
10.747729403855102,16,0,4,50.11892628150119
5.789923080547596,0,3,4,34.87315891275535
10.44009589172196,20,2,2,36.03424536723492
12.58409146562024,20,1,4,52.28099998313562
2.2275996295018463,12,3,2,16.363721213842766
14.484780521627355,17,4,1,40.761579444678645
18.30382284406149,17,6,1,50.277855338052454
16.43810907164309,13,0,4,63.653269907099485
5.557105717380416,7,1,5,45.130666642588096
13.127853631183728,19,0,4,54.93310578048558
14.584074409434077,10,1,1,37.394466922903206
15.068860396503512,20,0,1,40.117162008852866
11.490063243446171,19,3,3,47.19108414625986
2.9659539775552304,3,3,4,30.88974085475478
12.983034984411793,0,6,4,55.81003487163345
16.893964550484718,1,0,2,49.50599954640761
6.6690142641519685,0,6,2,26.478833014753096
4.221540616091689,18,4,5,39.93579806168858
7.956084978760393,8,3,1,23.735318684110883
8.32454979068598,23,2,3,38.4913682113166
12.378420883045822,17,5,3,46.622714940391035
4.725174731796079,9,3,3,29.89892991999046
4.432425133983284,15,5,4,32.10260357224411
19.241366786172165,15,1,1,47.98289769153883
14.076364589156332,2,0,1,39.58224317506224
4.345154709162865,21,1,3,28.16629218857271
11.981215152465854,6,5,5,57.89555652431056
5.812402635006533,16,5,5,41.163442040551956
8.6256185729486,10,4,2,34.64170364728933
18.947370100636363,11,3,5,74.75286153601645
3.9861743226052964,23,4,3,24.841136044727353
6.340465877596873,7,4,5,41.59603463381796
12.074026905329267,5,1,5,60.10863541850884
15.82941225113069,4,6,2,48.45001001198753
19.016163294827418,17,2,3,62.701380601115865
6.181833954032913,16,3,5,46.422000580650675
11.20442997393616,14,1,2,37.74706463819499
16.62173092820854,12,2,4,60.83313187905653
14.160459924473995,16,3,2,43.81283122064648
15.320680803291523,18,1,3,52.69318367429213
2.793962238617313,19,6,2,20.969564903757977
3.545435344275649,20,6,2,18.057284336236382
12.88592455821298,12,0,3,46.36447979158686
9.599581029423241,3,1,2,35.73383236739846
5.5769533094651935,7,1,5,43.91974458830664
11.31191768618102,13,1,2,37.80586020779316
14.146561092156492,4,1,5,62.273675997502
15.622978942258849,2,6,3,54.557149022577626
16.154217491635304,3,5,1,45.84636628758973
10.438154094963059,9,0,3,43.878517586159
14.425301931667786,14,3,4,59.19696511570476
9.946601125465339,6,0,3,39.07922622532395
7.758941389595286,12,2,1,21.16489442346633
6.45356421921559,18,4,1,22.725194708067825
12.402808701306016,0,0,3,45.90578499952694
12.763952993206887,4,1,2,43.74682460638596
15.333464832546639,20,2,2,47.774130245560805
1.9494172722525867,8,0,4,29.578123624143316
17.58844861838465,9,0,5,72.82503956017226
12.516927195700156,18,0,2,41.700525723325654
5.837027981079568,14,4,3,33.87774013061005
4.6506691294199385,12,0,5,42.36456070048767
10.559373039962628,20,6,1,27.78463834385905
18.357622485829094,0,3,5,74.55951226791218
14.906173619495782,23,1,5,64.8734389741427
3.0639605392969305,23,5,5,37.306119019723944
11.91139933253358,14,6,5,59.96274667216381
12.295164876157433,19,3,4,50.86610297193576
12.346998365972443,22,1,5,60.64674944086944
6.654012930096395,12,5,1,23.46767747307865
3.155847066019102,18,3,4,30.041494364833948
1.0524397232193414,19,3,3,21.695315836552737
14.739246587900094,2,4,3,52.04292515484718
3.9691830118016007,10,2,1,13.371658021095037
19.90546837858,0,3,4,68.5973962961943
9.28434792506291,6,0,4,45.47305005822396
15.242138374343433,5,4,3,55.47719893284806
9.291895926141475,19,6,1,25.929003571314865
5.485156862569174,5,3,1,15.83992913585876
14.748647946595703,1,1,4,56.65689597107486
17.793906712202467,21,6,5,72.00973530775761
11.446045104881534,23,0,2,38.54850201206619
11.019874919506357,9,3,5,55.490571682416
7.106376276257368,3,0,3,31.5210173701614
12.776762504525466,23,4,5,60.96608734676941
9.915657742345887,11,4,5,54.942742044715246
6.4763250123242,21,0,5,45.469851706266475
18.61304786373391,14,5,4,68.9075693641775
12.955033728830951,6,5,2,43.18394348935416
9.244882475243347,22,5,2,31.163217827373916
11.501613735942247,23,2,4,51.75666939678325
7.17209384459086,18,5,3,33.80817605257439
9.933941262692764,3,4,5,55.63383812256133
11.197498312308209,16,5,2,38.28525025941736
17.749119962307248,11,0,2,51.320688478680154
12.502578793092141,7,2,3,49.5494781004665
15.05241112952262,0,3,5,66.581223424163
11.212167718014943,8,0,4,51.28031802628844
13.057312507872439,9,0,5,57.3702412832214
14.60644712770652,12,3,4,58.19258803541776
11.857907207234534,21,4,1,33.84661738466487
15.177875655268044,0,5,3,54.850542561379235
19.579020040308144,11,5,2,57.23855829162366
2.1921870754787656,6,0,2,19.030997870036558
7.3787714402364175,10,0,3,32.58802564482749
12.81578584576142,4,0,5,60.82613452945783
13.12306853263821,0,0,5,58.37429645187932
14.817724663238897,10,1,1,38.5145980956361
2.4941769876283244,19,4,2,14.926103194554667
12.619369546886679,19,4,3,47.416944106223966
2.093894614791792,17,5,2,15.138495047492231
15.536210385014158,14,2,3,52.509531650141554
4.8828470838995734,16,4,4,36.486000027507814
12.907799249316865,10,5,5,62.31497814709337
5.14001100772528,7,1,3,30.714141861482883
10.771817753731023,3,0,4,47.97489961700632
12.532867583425675,11,3,4,55.673750129603285
7.035838463008638,9,6,5,47.26122421046635
2.5038494276800245,6,6,2,15.753111462481534
7.141670660599485,19,0,5,47.954478773266295
4.394290636817675,11,5,1,13.914346530819007
12.107060973697141,17,4,5,55.55203862996375
3.30754925791118,3,3,2,21.296749016843187
17.989458924063648,19,0,2,55.81144400941845
1.2269283622729827,9,5,3,18.384750621195305
3.187613291592757,19,5,1,12.38567640490825
14.76210545540333,19,1,2,43.17564079916649
11.285945778644836,5,3,5,58.1172042958827
15.201095624150819,8,4,1,39.01486944050914
2.63844544232619,4,6,5,33.854071692158755
8.42653942173452,3,3,2,33.68008191252271
18.051181348813774,10,3,4,64.41822493223833
6.226677045979368,23,1,5,44.784982760275646
1.5889884438289523,5,6,2,14.6838610790311
2.6984353494324793,8,1,2,19.951552305132832
12.021525784002401,11,0,1,31.194119163501615
18.1266032185473,6,1,5,73.71423680034103
7.315847731734655,10,5,5,44.81336981498858
4.672985737741858,7,4,5,41.987780220890755
18.135913421936532,21,2,2,53.684508968220904
2.699222017573983,14,3,3,22.14003125214634
17.88939788368516,16,4,3,57.30106765570116
1.3682744651839802,21,3,5,32.630080845558815
13.07189443438325,18,6,4,56.7353825935203
10.526058410384021,3,5,3,43.877592018923735
14.544447007645845,8,6,3,48.53407667570406
11.236916532642564,3,6,2,40.52309720404721
12.112368344962167,11,4,4,51.27469424388279
1.046333380577132,21,6,4,25.52145582270953
16.156034604268484,6,0,1,46.13775999302978
7.077406760756534,11,1,2,27.54724739289764
9.502373347860633,21,6,5,53.53360039215209
14.42046525192519,8,4,3,48.22239587694805
6.298251991541063,10,1,1,20.523453510276624
10.903084653344349,4,2,5,52.96042913205402
13.17128972566824,3,2,1,36.105332168760846
4.163974274685184,13,5,5,38.86140956446079
5.305265934012625,3,5,1,20.80873545813821
1.7591055806022884,19,2,2,14.204774390395649
10.486055357668857,18,6,5,56.87221918883614
19.16871202336147,17,0,2,57.685083576432945
4.765478847632259,13,3,4,33.246548329278085
4.984864581123697,14,1,5,39.99771610800627
14.587170020560533,23,0,1,39.248014889464216
6.182989572140165,14,1,3,30.50066369185354
6.8324274832101715,20,6,3,35.61248995720834
7.977435463350605,5,3,1,27.285546127048093
4.673404633897374,6,2,1,16.25532086004473
3.162796796782729,9,6,2,19.47200808586311
19.662146922070562,18,2,3,61.95029120323514
19.35673268409781,23,5,5,76.28067195083742
6.116949758061403,11,2,3,29.583935936077452
19.45747810138472,0,1,1,50.32142329490685
11.139227126747356,22,4,5,55.9085230775159
8.477776199765245,7,5,4,42.352096424121896
3.3516447349657743,7,4,3,25.005933807798762
1.91475086484479,21,6,5,31.989140251380523
16.5621544365919,5,3,5,68.98148547455854
16.751977564277524,0,5,2,49.158057520930804
13.844047333689778,5,0,4,57.25626732144311
3.253963701243431,13,0,5,37.66256693951928
11.111778497094539,5,3,3,43.777429898767906
13.790364400047114,11,0,2,42.17338289984453
15.901620815311423,4,3,3,55.654838724359074
8.562149633255,8,2,2,33.41179522613281
16.277704534697033,0,0,2,49.81295985241448
12.238317097536967,3,5,4,50.4321139267545
13.530378568066102,13,1,1,39.53480747873774
6.159121652157711,12,4,2,28.010451278376497
13.079575082908384,7,6,5,58.095865534435916
12.849087029017882,18,0,4,53.506669660637016
14.900626614789966,18,3,1,38.04662113671806
14.03143171188918,15,2,1,38.649219067269314
19.53661700395517,14,0,3,60.07932983588035
10.162371175692108,17,0,3,44.18175101186401
10.141825224749788,18,5,2,38.151996907856194
3.975488675438249,0,4,2,18.275873275020185
15.1557332869289,5,6,1,42.87925018704388
17.760769978313352,3,6,4,64.07795867368304
8.977612928874656,1,4,1,23.75739855021596
16.667138942022422,1,2,1,42.729813863268284
17.152173037015572,21,6,1,48.14147913217349
8.208132093650331,17,1,1,27.117924857360016
5.55896083250234,15,2,3,28.030345374796873
12.806387201906912,12,0,2,38.55446169386544
3.9394501834005653,23,5,4,32.47606716881076
19.84710831119793,14,5,4,69.41768740316076
7.596867139038596,1,4,3,36.554747557235494
2.247693703720987,6,5,3,24.0438055377839
3.2194402042497154,0,1,3,27.316287070628505
6.448972214446011,2,5,4,39.55410937736499
6.487617969581272,18,2,5,47.393152067346854
10.272391230244716,18,3,3,44.12991719488623
3.050396011716529,22,1,5,34.20927725078261
18.235896256512937,16,4,4,66.18156084878163
6.047553441433387,4,4,2,27.867826001610464
3.2107295921457513,3,5,4,30.955080654907995
8.36556463710458,3,4,2,31.895475172828828
14.168154197546366,7,4,1,39.622647496391345
1.0756099634814442,3,6,4,23.66435900067746
6.580242888194599,16,4,2,25.80659193732596
14.866379774522148,17,6,2,43.28242229413475
14.618721581078486,13,1,4,59.76890178286323
13.333702506557813,16,4,4,53.9870650381731
17.51738186095223,12,5,2,51.84403442625425
10.933300686300763,5,0,2,40.005329694322334
6.665819296808887,0,2,1,20.50646709195201
8.490064047149971,23,4,3,39.01434008325568
11.900482190205603,0,6,3,45.31960562572584
4.959697128993988,5,4,2,24.629037249889357
2.0127572656286703,17,1,4,27.690184754817825
11.446820928576399,13,0,3,41.94501951377879
9.729853366095142,18,6,5,53.056038088320314
7.6622171223483395,4,4,4,40.84907652399796
14.209204246508119,16,1,3,51.9440478561124
9.607624516547668,22,6,3,42.10786003744071
19.320441676401114,13,6,5,75.69251797456545
1.1314380346355493,7,6,3,19.5590724110229
15.031499767866265,12,6,1,39.601351741828566
17.744815965688073,11,4,1,43.84889820821337
15.764855355316506,3,6,3,57.16125615700728
9.706100413919076,2,0,5,51.00600065449344
14.212920094697639,6,6,2,42.020642906502864
13.906766988729759,14,5,1,37.605189587545794
5.365510552529436,7,4,2,26.307963247404206
5.16603466702086,11,0,1,19.435568723763623
12.556460852051172,1,0,1,33.446997640018076
14.827612896543389,18,0,2,48.63688449795169
12.771229008631868,18,6,1,36.21370745740172
13.22905476329396,22,2,3,47.17512293426853
5.996946805031748,18,3,2,24.098760488500762
14.139508899627273,8,2,2,43.08369226776672
6.995271722595621,5,3,2,26.220567278337455
4.605947279566159,0,2,5,38.108692113605684
3.3817844927613065,7,2,4,29.0356009686831
9.366776234851912,5,4,1,29.523216238693387
6.617306590552939,16,4,5,45.23612222245261
5.85048754640368,22,3,2,25.010536031606563
11.723624517581808,19,5,1,30.780140587768475
11.841687331252793,0,4,2,41.193811339190106
11.17417140015968,22,5,3,42.046072335757096
8.376461593773174,8,0,4,44.817355192427854
16.442332248664815,10,2,1,46.65958438287331
19.59148142373368,21,0,2,59.3031106130154
8.984482563361249,2,0,3,38.41955954480868
8.292089448125695,2,6,2,30.207510699947743
16.23683479356787,8,0,4,58.655323548073994
8.535887378134573,18,3,4,41.90179374152298
11.210345353177651,1,2,1,34.451263838419806
6.783383333487758,12,3,5,46.04260250616029
16.86207713773362,16,5,2,48.17425870609589
5.019083283826271,6,5,5,42.87961927017222
15.720359659163627,21,0,1,41.79167456485328
19.88128637568027,2,2,1,53.80708956677336
16.626957411128693,6,0,1,42.96112239982201
1.396858802117964,16,5,3,20.169247369090332
9.34240981524755,16,4,5,53.63104556450339
14.62834356827463,21,4,4,55.62078606751706
13.931485233553897,16,5,2,46.3712310163112
2.321924908138141,18,2,3,25.691679656474967
16.536560156529198,8,2,4,59.03497488775605
1.1348053689083664,10,6,3,22.670503151580213
13.686773999181984,19,5,5,60.812154270774094
18.305400656655028,10,4,2,55.72050538669106
1.2594828059394434,8,0,4,26.192108354625113
19.402927039079763,18,2,3,63.137237250192996
11.324252517434603,11,4,4,47.80680172089875
11.491829984450225,9,0,5,58.92533054128069
11.556792744109769,5,3,5,56.29094246705597
13.576211470020095,14,2,2,41.74305870803696
4.243739612247106,11,3,4,33.501062903290574
17.23583610197645,21,2,5,68.85230265860027
10.73733407456208,4,5,1,30.38091797610413
11.66527427049353,12,5,3,43.40752612400115
13.220233923768038,18,4,3,45.80277650244545
14.708551749337708,8,6,4,60.05070445594391
6.109643296319506,1,1,5,46.50667882354728
3.3705940371569203,14,1,5,39.275269548510245
16.926209828677067,6,1,2,48.63603969593924
5.230149634552063,1,6,1,15.829925377884404
7.531765274799213,4,2,1,22.195682811596875
12.664588609630423,22,0,2,38.5208801022628
10.651544934533312,0,3,3,40.760216830702745
17.00022529575299,6,2,5,69.15095874400866
7.795435837933983,20,4,4,43.426522715018464
2.4025998631483807,6,1,4,28.272520229466735
17.119121308055014,4,3,1,44.492575942577915
12.254967705282155,1,4,5,57.72632986742917
16.395256156029923,3,3,5,68.43124348298338
5.254833720407982,6,0,4,35.73445924692153
8.087395363756416,7,5,2,33.50972926057504
15.93311352851136,2,4,2,50.236809976038614
2.9053096570549437,15,0,2,17.739466583568174
7.287068730800015,18,2,1,22.80450745783112
14.994914179765177,10,0,5,62.480772052872844
5.531500831275788,14,4,3,30.0922175832074
17.67114652388869,5,6,3,60.837832096443435
10.127559424089952,17,2,2,34.043052830228646
5.928414277244323,13,0,1,19.74973805797278
18.897961130309074,6,6,3,59.496441935992856
11.648888414482403,1,6,5,57.50076617077489
16.345620569751492,15,1,5,69.91140741589308
15.153305170202461,21,4,3,55.041872391509074
8.329586651748663,14,4,1,27.86994270008791
1.2719238751452981,4,4,3,23.21406544267755
14.442046412715642,1,0,2,45.30655316877979
9.498929115785739,6,1,1,27.54849815690774
16.870875299823467,5,4,3,56.436332349635336
3.8769528040831753,7,2,5,38.28032975464426
9.963146865270147,7,3,5,53.544699891598924
3.7179474621403785,18,3,5,38.83195568365714
7.124442109284063,16,6,5,43.946014636445724
13.438075178934573,5,2,5,61.29187443028471
13.420999597798845,15,6,1,39.31788102894381
19.860410364328363,7,3,4,68.41064947722188
11.824701204157204,10,2,2,40.92600415951994
15.441863620529237,7,0,1,39.66069018261972
10.536054932360974,3,5,3,42.414400183061375
16.82279284996348,17,1,3,59.263609474138555
13.469085253730851,10,0,5,59.86747103816308
19.703808322556622,23,5,3,65.53777852023556
19.683740786221072,14,2,5,76.64317097962518
10.672111786100022,20,6,1,31.19120582226317
17.386976212406278,12,0,2,49.498432208204356
12.924233840357402,5,3,2,41.127772241099755
16.25299828625522,16,5,1,46.0631485211898
7.3739870375035785,8,4,5,45.74718742457105
6.549503177449182,7,1,2,26.495590754313348
19.770187649935842,12,4,4,68.18454165029321
7.342755992318759,4,5,1,22.072288192834762
18.42671609672335,8,6,3,59.41605739523399
4.816759042997794,4,4,1,15.0099331390769
3.544249391916443,12,4,4,29.18801847384476
19.930330491809038,6,1,5,78.11416378171008
8.459574739798292,3,1,1,26.325071003003156
19.29680353109775,11,1,3,61.11601569520009
11.713716831184168,20,3,4,53.62363773667779
7.413764142106789,7,2,1,26.025510774464063
16.886723160324458,9,0,5,70.53250207663316
2.4088922376422524,18,4,1,13.494362159122765
14.04407560406328,16,6,4,54.16128517030649
1.9852218300819606,6,4,1,8.373875837067713
19.80772322542729,14,2,5,74.27597623029708
3.333728844474154,1,5,3,26.002133854277137
13.930602455749238,0,5,4,56.43519121737816
13.736337539872926,3,6,2,45.91247498897388
13.956143699729436,3,1,2,43.52946191553595
7.065636036784203,15,0,5,43.39792512484341
17.969383074144353,18,6,5,68.7914778215025
8.200662029741862,0,1,1,26.933925573486626
11.598764016700732,2,3,4,52.712956771714964
3.329229011244368,13,4,4,29.82809209279149
3.2792790427380885,5,6,2,16.55510496415986
13.563343018296669,8,6,2,45.54839361297263
4.749951814196748,3,2,5,42.0445420326236
16.801475293701284,2,4,1,45.50481866294387
18.52712837794611,23,6,5,71.73124453880098
14.798652884058335,4,0,1,38.89870121109388
18.92384282045095,10,4,4,65.39443488758265
10.372930051126623,13,3,5,53.85343847695496
8.473100020824777,0,0,3,37.32978076779643
2.5669613969176956,3,0,5,33.352871355565036
5.115224363601889,18,0,2,23.67458336113918
11.933210686319683,23,6,4,48.79582546898637
7.33615009670588,2,1,5,47.5431844433729
6.665760282636786,10,4,2,29.740410006583865
9.035487038286961,7,0,1,26.465544685597845
16.562908494621357,19,4,1,43.19708707197531
1.1063581272564922,10,0,5,31.829362416450873
7.302912823109901,7,0,5,47.94906638302729
15.53351868758118,23,1,1,42.79384537818229
16.779291852953307,18,5,1,45.23522019841166
3.671424406233115,5,3,4,35.417179951649786
13.632784389365012,0,5,4,53.003827839911665
9.073136769440604,18,2,5,48.02085326554271
19.11194857203717,0,4,2,54.8985036426636
3.423056233148037,16,2,4,29.948463516627577
5.585853050837227,12,0,4,37.10283157570469
13.756640127432012,4,1,5,61.58166156737003
3.762941733685185,7,3,5,38.964791823027575
10.268678277515171,6,1,4,47.847440104527955
14.462886364617425,5,6,1,38.35646769678532
5.1131841358898455,9,3,5,44.49001564258895
3.746043222401443,1,5,2,19.23665909058284
16.508148377631805,9,0,2,48.8145787397113
5.2171551559915095,10,3,1,18.322803829641924
11.028663897580998,7,5,5,54.29353619932574
16.689511598447886,8,1,3,56.522735789699205
16.107854130023536,7,3,4,63.97754516761194
10.338543939635843,13,3,2,36.277959026805235
16.245390922565143,19,4,2,49.83313934987572
11.3914447783742,18,3,4,48.258657163459524
13.94830111901829,8,4,1,37.586149739609446
15.95573092669844,15,4,3,57.696488747770765
16.399989743163893,11,6,1,42.95581065176732
5.993860139442467,14,6,3,31.282976803678924
9.090348848632932,7,3,5,52.54060366814311
2.774636500697228,8,1,5,34.70499023894144
4.7692323454142365,13,3,5,38.31659143419527
3.8785572303549976,5,6,5,39.85811660340433
15.467444903427664,6,6,4,62.39744824036996
14.509528940488169,10,0,5,60.780935560055205
14.359772473104265,3,4,4,57.07809961689736
11.374448747613968,4,3,3,47.080215754156285
3.879678205684171,14,1,1,14.811663354576927
15.92658102017418,20,4,4,61.55085064290883
5.959026630349269,14,1,3,34.20195226765213
19.256029519368056,13,4,2,58.10845620284504
19.949733756588707,18,2,5,75.37561149495997
16.634067840802402,6,4,3,55.38570431877345
10.085132899611736,17,6,3,39.08901655653885
14.4627105437189,23,4,2,45.29412246920824
8.601017257797071,21,3,2,31.448138746348146
1.012547770180769,21,3,1,8.137153089851516
12.18503761094643,15,4,1,36.69745885239405
17.938442645279196,0,2,2,52.689676715851135
14.995508111405767,6,0,4,56.668428949255095
6.437827539781968,12,0,5,43.73337916245093
11.476886373781403,14,2,5,53.833789041942964
10.901261436757764,19,1,1,29.199060594849147
2.094616318283661,1,5,4,30.06564168553998
5.3194764193734425,1,0,3,30.349784668633383
3.080700775434352,16,5,3,25.57071832014849
8.672523465632858,22,5,5,47.172457291001
4.904046183911391,7,6,5,43.93408037886225
8.22411450723143,15,6,3,39.012958146206245
16.529293466611588,7,4,1,43.309706968018624
6.494211241503377,0,5,4,38.63763419302867
1.9175180753857233,15,2,3,24.42644166555519
18.841175238774813,12,1,1,48.86618737087599
10.079656549271627,16,6,3,39.67428002215579
6.433871667162792,7,5,1,18.88024427268862
15.775971068740951,17,4,1,44.54584253207978
5.352627432456282,7,1,3,33.05954673248644
7.781546729839526,18,2,5,45.17653114585535
10.60889356115277,23,4,4,46.23914853060252
12.336417451717429,9,3,5,60.24249392218245
6.487442106192295,7,4,1,18.951804849776824
12.899462210516807,18,2,5,59.02021977572455
16.14536866392448,15,4,4,58.19470491990198
11.01412095863946,9,3,3,42.157770593272495
3.6270944028271166,20,1,3,24.78691989993375
10.224580059254567,0,1,1,29.560583747348815
19.397748049453057,15,1,2,55.10057005145744
6.078635633237866,6,1,3,29.504162325789622
10.914962729268066,5,1,4,48.86395645348928
13.375709334653854,1,0,1,35.88663809322167
17.031047701971723,22,3,1,44.00854929592581
5.7899448869241965,22,2,5,43.56716946136187
10.933590493313792,16,0,4,49.7355915587105
10.281581930542048,12,5,4,44.698658264701976
14.879445706677307,9,6,2,47.24329126303823
13.811933694015286,15,1,4,55.96582484318776
6.7919222350192685,23,1,1,19.60964886738296
